team,FGA_2,FGM_2,FGR_2,FGR_3,FGA_3,FGM_3,FTA,FTM,FTR,AST,BLK,STL,TOV,TOV_team,DREB,OREB,F_tech,F_personal,team_score,opponent_team_score,point_diff,largest_lead,notD1_incomplete,OT_length_min_tot,rest_days,attendance,tz_dif_H_E,prev_game_dist,home_away,home_away_NS,travel_dist,min,max
missouri_tigers,56.3,25.43333333,0.454973607,0.372333604,20.76666667,8,15.63333333,11.43333333,0.73134328,13.43333333,1.866666667,5.566666667,14.73333333,0.933333333,27.26666667,8.833333333,0.1,15.96666667,70.3,66.93333333,3.36666667,12.86666667,,5,3.862068966,2986.708333,0,565.8275862,,0.066666667,389.9666667,0,2986.708333
lsu_tigers,64,28.67857143,0.448491245,0.344849407,10.17857143,3.428571429,19.64285714,13.07142857,0.66545455,14.17857143,4.107142857,8.25,13.67857143,0.535714286,30,13.53571429,0.107142857,14.5,73.85714286,60.71428571,13.14285715,19.57142857,,5,4.259259259,5447.296296,0.071428571,567.3703704,,0.25,420.3928571,0.071428571,5447.296296
south_carolina_gamecocks,61.5483871,26.74193548,0.438016749,0.315578266,15.09677419,4.774193548,19.41935484,13.03225806,0.67109635,14.19354839,7.774193548,6.290322581,14.64516129,0.709677419,30.96774194,16.67741935,0,13.67741935,71.29032258,51.67741935,19.61290323,25.19354839,,5,3.9,8482.275862,-0.193548387,593.8,,0.129032258,457.6451613,-0.193548387,8482.275862
tennessee_lady_volunteers,63.58064516,26.41935484,0.415849834,0.298011206,14.4516129,4.387096774,19.83870968,12.70967742,0.64065041,14.64516129,5.967741935,6.290322581,17.19354839,0.516129032,31.61290323,16.32258065,0.064516129,15.51612903,69.93548387,60.19354839,9.74193548,17.03225806,,5,3.833333333,6886.137931,-0.225806452,565.9333333,,0.161290323,397.9032258,-0.225806452,6886.137931
auburn_tigers,59.89285714,23.14285714,0.389858813,0.279180487,13.78571429,3.928571429,20.35714286,13.5,0.663157894643767,11.21428571,3.428571429,8.464285714,14.96428571,0.785714286,23.64285714,12.53571429,0.142857143,18.57142857,63.71428571,65.89285714,-2.17857143,9.964285714,,5,4.111111111,2665.074074,0,498.4444444,,0.107142857,271.6428571,0,2665.074074
florida_gators,62,25.32258065,0.409943033,0.302377481,17.61290323,5.516129032,16.77419355,12.35483871,0.73653846,12.61290323,3.387096774,8.870967742,16.80645161,0.451612903,26.96774194,12.35483871,0.161290323,19.51612903,68.51612903,64.61290323,3.90322580,12.48387097,,10,3.833333333,2480.451613,-0.032258065,646.6333333,,0.096774194,547.3548387,-0.032258065,2480.451613
arkansas_razorbacks,63.29032258,25.96774194,0.411408343,0.323014153,25.38709677,8.193548387,20.22580645,13.61290323,0.67304625,12.74193548,4.967741935,7.35483871,11.29032258,0.419354839,26.80645161,11.09677419,0.064516129,16.4516129,73.74193548,65.70967742,8.03225806,16.16129032,,5,3.8,3501.428571,-0.032258065,593.2,,0.193548387,351.6451613,-0.032258065,3501.428571
alabama_crimson_tide,59.16666667,24.53333333,0.417218108,0.335121952,23.2,7.766666667,19.36666667,13.7,0.707401032580482,11.2,3,8.9,15.2,0.7,25.3,12.03333333,0.1,16.9,70.53333333,65.13333333,5.40000000,16.4,,7.5,3.965517241,3167.758621,-0.1,295.2068966,,0.266666667,190.9333333,-0.1,3167.758621
texas_am_aggies,61.37931034,25.06896552,0.411559012,0.366175443,17,6.310344828,17.96551724,12.89655172,0.71785029,13.89655172,4.068965517,5.862068966,15.06896552,0.310344828,26.82758621,12.37931034,0.068965517,18.17241379,69.34482759,67.44827586,1.89655173,14.86206897,,8.333333333,4.035714286,3922.035714,-0.103448276,765.9642857,,0.24137931,693,-0.103448276,3922.035714
mississippi_state_bulldogs,64.10714286,27.39285714,0.429734644,0.33205615,21.25,6.785714286,15.53571429,9.785714286,0.629885057315894,13.39285714,5.214285714,9.178571429,11.82142857,0.714285714,23.78571429,11.82142857,0.071428571,14.67857143,71.35714286,68.46428571,2.89285715,13.5,,,4.222222222,4408.72,-0.035714286,400.3703704,,0.214285714,217.2857143,-0.035714286,4408.72
ole_miss_rebels,61.34482759,25.68965517,0.419366549,0.269821893,11.48275862,3.103448276,19.17241379,12.93103448,0.67446043,14.4137931,4.413793103,9.448275862,14.4137931,0.551724138,24.82758621,14.24137931,0.310344828,17.20689655,67.4137931,56.27586207,11.13793103,18.44827586,,,4.071428571,2830.535714,-0.103448276,623.7142857,,0.137931035,457.137931,-0.103448276,2830.535714
kentucky_wildcats,63.73333333,27.63333333,0.432660692,0.31902997,17.53333333,5.9,16.26666667,11.33333333,0.69672131,15.8,5.633333333,7.966666667,13.96666667,0.466666667,24.56666667,12.8,0.066666667,15.96666667,72.5,65.53333333,6.96666667,15.56666667,,5,4.034482759,5147.142857,-0.1,276.0689655,,0.2,212.5333333,-0.1,5147.142857
ohio_state_buckeyes,64.09090909,31.09090909,0.485293891,0.367670993,22.36363636,7.909090909,18.27272727,13.36363636,0.73134328,17.09090909,4.818181818,8.818181818,13.09090909,0.363636364,29.27272727,10.27272727,0.181818182,14.72727273,83.45454545,55,28.45454545,32.09090909,,,3.8,2671.555556,0,383.1,,0.636363636,333.9090909,0,2671.555556
alabama_crimson_tide,59.16666667,24.53333333,0.417218108,0.335121952,23.2,7.766666667,19.36666667,13.7,0.707401032580482,11.2,3,8.9,15.2,0.7,25.3,12.03333333,0.1,16.9,70.53333333,65.13333333,5.40000000,16.4,,7.5,3.965517241,3167.758621,-0.1,295.2068966,,0.266666667,190.9333333,-0.1,3167.758621
purdue_boilermakers,60.64285714,25.57142857,0.423432057,0.320021004,23.07142857,7.428571429,14.46428571,10.92857143,0.75555556,15.89285714,4.035714286,7.357142857,15.07142857,0.428571429,25.17857143,10.46428571,0,17.75,69.5,67.57142857,1.92857143,12.71428571,,5,4.185185185,3183.37037,0,338.8518519,,0.178571429,174.4642857,0,3183.37037
michigan_state_spartans,58.79310345,25.31034483,0.43082377,0.347984307,18.65517241,6.620689655,17.72413793,12.89655172,0.72762646,17.13793103,3.413793103,7.275862069,14.89655172,0.724137931,25.27586207,11.72413793,0.103448276,16.55172414,70.13793103,66.51724138,3.62068965,12.82758621,,,4.107142857,3356.538462,0,496.5357143,,0.137931035,322.0344828,0,3356.538462
iowa_hawkeyes,61.43333333,31,0.504844226,0.346960256,20.9,7.333333333,18.03333333,15.16666667,0.84103512,19.46666667,3.2,7,14.86666667,0.333333333,29.66666667,8.733333333,0.1,15.63333333,84.5,70.83333333,13.66666667,19.9,,5,4.034482759,6158.035714,0,460.1034483,,0.1,569.3333333,0,6158.035714
northwestern_wildcats,61.66666667,24,0.391513302,0.312076831,19.51851852,6.037037037,18.03703704,12.66666667,0.70225873,14.51851852,4.925925926,10,13.77777778,0.333333333,24.18518519,12.55555556,0.037037037,16.2962963,66.7037037,63.2962963,3.4074074,12.14814815,,5,4.384615385,1954.26087,-0.12,514.8076923,,0.074074074,578.1481481,-0.12,1954.26087
wisconsin_badgers,54.17241379,21.5862069,0.399017465,0.31330677,19.34482759,6.137931034,11.93103448,8.586206897,0.719653179394717,13.13793103,2.586206897,6.689655172,15.20689655,0.689655172,20.93103448,8.793103448,0,15.4137931,57.89655172,67.17241379,-9.27586207,5.689655172,,5,4,2722.357143,0,450.9642857,,0.103448276,309.4482759,0,2722.357143
vanderbilt_commodores,59.25,23.53125,0.398119191,0.312945351,17.3125,5.4375,14.96875,10.21875,0.68267,13.03125,1.875,10.71875,17.03125,0.8125,21.84375,13.75,0.09375,16.375,62.71875,62.53125,0.18750,12.59375,,5,3.677419355,3024,-0.09375,564.2580645,,0.15625,461.3125,-0.09375,3024
maryland_terrapins,71.77777778,32.77777778,0.455889367,0.37022633,18.22222222,6.888888889,16.77777778,12.77777778,0.76158940,17.11111111,2.777777778,8.888888889,10.22222222,0.222222222,27.11111111,16.88888889,0.333333333,15.88888889,85.22222222,61.77777778,23.44444444,29.44444444,,,4.125,4556.875,0,316.125,,0.444444444,112.7777778,0,4556.875
rutgers_scarlet_knights,54.25806452,22.03225806,0.40541524,0.286285372,14.22580645,4.193548387,15.12903226,10.16129032,0.67164179,12.09677419,3.580645161,8.451612903,18.48387097,1.387096774,24.64516129,12.67741935,0.096774194,16.96774194,58.41935484,60,-1.58064516,9.096774194,,5,3.8,1659.814815,-0.064516129,722.1,,0.193548387,652.0645161,-0.064516129,1659.814815
ecclesia_royals,45,10,0.222222222,0.153846154,13,2,25,17,0.68,6,0,6,27,0,20,4,0,7,39,108,-69,5,TRUE,NA,NA,NA,NA,NA,away,0,NA,0,108
philander_smith_panthers,57,20,0.350877193,0.142857143,14,2,17,7,0.411764705882353,9,1,10,16,0,28,10,0,13,49,56,-7,4,TRUE,NA,NA,NA,NA,NA,away,0,NA,0,57
taylor_trojans,59,22,0.372881356,0.269230769,26,7,12,10,0.833333333333333,13,3,6,23,1,32,13,0,10,61,72,-11,5,TRUE,NA,NA,NA,NA,NA,away,0,NA,0,72
illinois_fighting_illini,59.59259259,23.7037037,0.39895112,0.317915404,18.2962963,5.814814815,16.88888889,11.14814815,0.66008772,12.55555556,3.407407407,6.703703704,16.81481481,0.37037037,24.96296296,11.74074074,0.074074074,15.33333333,64.37037037,74.44444444,-10.07407407,7.37037037,,,4.384615385,2077.347826,0.115384615,345.8846154,,0.259259259,235.8888889,0.074074074,2077.347826
michigan_wolverines,58.33333333,26.7037037,0.459305024,0.315268086,14.74074074,4.703703704,20.14814815,15.14814815,0.75183824,13.81481481,2.555555556,6.777777778,15.85185185,0.592592593,27.03703704,12.85185185,0.111111111,16.03703704,73.25925926,61.59259259,11.66666667,20.37037037,,5,4.423076923,3905,0.115384615,492.5384615,,0.185185185,333.8148148,0.111111111,3905
san_diego_state_aztecs,60.64516129,23.70967742,0.392790651,0.347362814,17.83870968,6.064516129,13.67741935,9.161290323,0.669811321022339,11.90322581,2.096774194,7.193548387,12.87096774,0.741935484,26.90322581,10.93548387,0.161290323,16.87096774,62.64516129,63.74193548,-1.09677419,8.935483871,,,3.933333333,911.962963,-0.206896552,438.6551724,,0.064516129,391.3666667,-0.206896552,911.962963
colorado_state_rams,60.4375,25.34375,0.418592134,0.345846999,21.65625,7.5625,14.125,10.9375,0.774336283185841,14.3125,3.125,4.6875,9.5625,0.34375,30.71875,7.0625,0.03125,11.65625,69.1875,62.71875,6.46875,14,,5,3.870967742,1091.666667,-0.166666667,569.9285714,,0.09375,468.5666667,-0.166666667,1091.666667
boise_state_broncos,59.4137931,23.48275862,0.393797844,0.259526761,15.17241379,4.068965517,17.20689655,11.03448276,0.64128257,13.68965517,3.862068966,5.586206897,16.06896552,0.482758621,27.34482759,12.89655172,0,16.62068966,62.06896552,65.17241379,-3.10344827,10.06896552,,5,4.035714286,862.8461538,-0.037037037,572.8333333,,0,471.8518519,-0.037037037,862.8461538
unlv_lady_rebels,60.84375,27.53125,0.45357862,0.359029573,18.25,6.53125,18.875,13.96875,0.740066225165563,15.15625,2.03125,6.96875,14.125,0.28125,28.4375,11.8125,0.28125,13.96875,75.5625,64.46875,11.09375,16.375,,,3.870967742,952.7037037,0,486.7096774,,0.1875,344.1875,0,952.7037037
fresno_state_bulldogs,60.5862069,25.27586207,0.419442252,0.361812295,20.62068966,7.482758621,15.24137931,11.31034483,0.74208145,13,2.24137931,6.413793103,11.65517241,0.655172414,26.24137931,9.75862069,0.137931035,14.44827586,69.34482759,69.13793103,0.20689656,11.03448276,,5,4.107142857,1039.791667,0,398.75,,-0.103448276,345.7777778,-0.103448276,1039.791667
air_force_falcons,61.19354839,23.32258065,0.382090606,0.285178914,17,5.032258065,14.06451613,10.38709677,0.73853211,12.80645161,2.064516129,11.16129032,13.16129032,1.129032258,21.80645161,12.41935484,0.096774194,17.77419355,62.06451613,58.16129032,3.90322581,11.48387097,,10,3.966666667,681.1923077,0,679.3076923,,-0.064516129,619.1724138,-0.064516129,681.1923077
wyoming_cowgirls,57.51851852,22.59259259,0.394398638,0.303375774,21.25925926,6.62962963,14.03703704,10.55555556,0.75197889,13.25925926,2.296296296,5.296296296,12.96296296,0.888888889,28.40740741,11.62962963,0.037037037,11.44444444,62.37037037,58.59259259,3.77777778,11.96296296,,5,4.538461538,1706.125,-0.08,654.1304348,,-0.111111111,477.56,-0.111111111,1706.125
nevada_wolf_pack,60.80243924,25.66481771,0.422887413,0.325744286,18.3418135,6.066841421,16.83012737,12.02224126,0.71432860,14.11762916,3.627111225,7.674049883,14.40302448,0.573421975,26.19713247,11.91531341,0.096163539,15.93860462,69.41871811,64.43549599,4.98322212,14.36553607,,5.716145833,4.028190516,3188.680919,-0.050865668,530.4948287,,0.126784489,405.2607528,-0.050865668,3188.680919
san_jose_state_spartans,59.5,21.6,0.365750514,0.285890357,21.5,6.166666667,15.06666667,10.76666667,0.71460177,11.8,3.166666667,7.1,14.5,0.533333333,23.1,9.966666667,0.233333333,15.43333333,60.13333333,77.16666667,-17.03333334,5.833333333,,,4.034482759,679.4074074,-0.035714286,580.8518519,,-0.1,437.7241379,-0.1,679.4074074
new_mexico_lobos,62.26666667,28.23333333,0.45463758,0.347182581,26.93333333,9.333333333,14,10.56666667,0.754761905,16.23333333,4.3,8.166666667,13.6,0.3,28.1,8.766666667,0.166666667,13.06666667,76.36666667,68.63333333,7.73333334,16.06666667,,,4.103448276,3128.730769,-0.033333333,631.3103448,,0.1,460.6,-0.033333333,3128.730769
texas_am_corpus_christi_islanders,56.75862069,22.79310345,0.403785414,0.235887371,12.89655172,3.24137931,20.96551724,14.75862069,0.70394737,14.82758621,3.24137931,10.24137931,17.89655172,0.413793103,26.48275862,13.65517241,0,17.44827586,63.5862069,57.44827586,6.13793104,15.10344828,,5,4.392857143,687.12,-0.038461538,351.6818182,,-0.068965517,324.4615385,-0.068965517,687.12
southern_jaguars,62.75862069,22.96551724,0.364151939,0.240925648,16.24137931,4,16.20689655,9.862068966,0.608510638392395,9.586206897,2.068965517,12.03448276,15.44827586,0.827586207,19.62068966,13.51724138,0.172413793,21,59.79310345,63.13793103,-3.34482758,11.24137931,,7.5,4.285714286,1873.555556,0,362.8,,-0.310344828,493.8148148,-0.310344828,1873.555556
pittsburgh_panthers,61.10344828,22.82758621,0.373283799,0.286055413,14.93103448,4.379310345,18.51724138,11.65517241,0.62942272,11.79310345,5.137931034,6.793103448,18.55172414,0.827586207,28.44827586,15.5862069,0.137931035,17.37931034,61.68965517,64.82758621,-3.13793104,9.103448276,,5,4,1653.576923,-0.107142857,632.0357143,,0.137931035,427.9655172,-0.107142857,1653.576923
south_dakota_coyotes,59.86666667,26.46666667,0.44221571,0.330268094,19.2,6.333333333,14,10.53333333,0.752380952142857,14.23333333,3.366666667,9,10.46666667,0.133333333,24.26666667,9.866666667,0.066666667,15.2,69.8,53.06666667,16.73333333,22.63333333,,,4.103448276,2364.730769,-0.071428571,388.1851852,,0.1,445.4482759,-0.071428571,2364.730769
stephen_f_austin_ladyjacks,59.93103448,26.82758621,0.446572625,0.329808497,21.31034483,7,19.72413793,13.82758621,0.70104895,16.10344828,4.275862069,12.27586207,15.93103448,0.965517241,24.24137931,11.48275862,0.275862069,17.06896552,74.48275862,55.34482759,19.13793103,23.06896552,,,4.392857143,1042.56,-0.185185185,786.5384615,,-0.034482759,696.8214286,-0.185185185,1042.56
tcu_horned_frogs,58.07142857,21.53571429,0.372886606,0.284132877,19.32142857,5.357142857,17.21428571,11.89285714,0.69087137,13.21428571,2.5,6.75,16.89285714,0.464285714,25.75,9.142857143,0.071428571,18.42857143,60.32142857,73.42857143,-13.10714286,5.035714286,,10,4.481481481,2278.892857,-0.107142857,608.5925926,,0.142857143,423.5714286,-0.107142857,2278.892857
texas_southern_tigers,60.92,24.12,0.397715089,0.299974001,18.72,5.8,21,14.6,0.695238095238095,11.72,4.36,9.4,21.8,0.76,24.96,11.84,0.24,18.08,68.64,76.36,-7.72,8.36,,5,5.041666667,1713.75,0,803.4583333,,-0.32,548.8,-0.32,1713.75
little_rock_trojans,58.85185185,23.74074074,0.404309623,0.294093842,13.85185185,4.037037037,14.11111111,9.37037037,0.66404199,13.37037037,3.296296296,7.703703704,15.66666667,0.555555556,24.55555556,12,0.111111111,17.66666667,60.88888889,57.51851852,3.37037037,12.11111111,,15,4.5,1510.090909,-0.04,335.7727273,,-0.037037037,302.08,-0.04,1510.090909
charleston_cougars,69.4,27.56666667,0.398041506,0.285063784,25.16666667,7.266666667,16.33333333,12.43333333,0.76122449,14.36666667,4.1,11.33333333,13.26666667,0.266666667,24.46666667,14.33333333,0.066666667,15.1,74.83333333,66.36666667,8.46666666,17,,5,4.24137931,414.3846154,0,394.76,,-0.066666667,354.2142857,-0.066666667,414.3846154
towson_tigers,67.46666667,27,0.398321587,0.325240271,22.16666667,7.033333333,19.13333333,13.43333333,0.70209059,13.73333333,4.666666667,8.166666667,14.26666667,0.366666667,29.16666667,15.73333333,0.633333333,15.73333333,74.46666667,61.06666667,13.40000000,19.56666667,,,4.24137931,835.5714286,0,240.5769231,,0,204.1071429,0,835.5714286
drexel_dragons,59.48387097,25.4516129,0.432896724,0.297079316,16.58064516,5.064516129,12.48387097,9.612903226,0.770025839669504,16.70967742,2.935483871,7.387096774,11.09677419,0.709677419,24.06451613,11.83870968,0.096774194,14,65.58064516,55.80645161,9.77419355,15.48387097,,7.5,4.133333333,739.48,-0.096774194,467.7666667,,0.225806452,394.3225806,-0.096774194,739.48
elon_phoenix,55.89655172,22.31034483,0.400981332,0.308695947,19.4137931,5.896551724,15.93103448,11.82758621,0.74242424,12.5862069,3.448275862,7.24137931,16.93103448,1.24137931,22.93103448,11.62068966,0,17.27586207,62.34482759,62.27586207,0.06896552,11.34482759,,5,4.357142857,1313.692308,0,245.1428571,,0,195.5862069,0,1313.692308
james_madison_dukes,58.27586207,22.20689655,0.385579805,0.287961516,18.51724138,5.206896552,19,13.93103448,0.733212341052632,9.172413793,2.551724138,5.931034483,15.72413793,0.482758621,27.03448276,12.93103448,0.310344828,16.44827586,63.55172414,64.5862069,-1.03448276,10.55172414,,5,4.142857143,1629.517241,0,252.5357143,,0.034482759,172.7931034,0,1629.517241
utsa_roadrunners,58.79310345,19.44827586,0.333066486,0.228872919,14.20689655,3.310344828,17.72413793,11.5862069,0.653696498287181,9.724137931,3.068965517,8,20.13793103,1.103448276,26.17241379,15.62068966,0.206896552,21.34482759,53.79310345,66,-12.20689655,4.655172414,,5,4.285714286,892.4,0,701.2142857,,-0.034482759,540.8275862,-0.034482759,892.4
william_mary_tribe,53.33333333,20.92592593,0.392461749,0.318829833,18.92592593,6,11.33333333,8.518518519,0.751633987191657,13.85185185,1.777777778,7.518518519,19.48148148,1.037037037,23.18518519,8.703703704,0,15.66666667,56.37037037,63.85185185,-7.48148148,9.148148148,,7.5,4.5,527.1304348,0,226.96,,-0.037037037,166.0384615,-0.037037037,527.1304348
delaware_blue_hens,67.43333333,26.43333333,0.392698298,0.299660824,16.03333333,4.833333333,19.66666667,14.06666667,0.71525424,11.96666667,3.633333333,7.8,13.93333333,0.233333333,27.2,17.2,0.066666667,16.13333333,71.76666667,63.13333333,8.63333334,15.6,,5,4.275862069,875.4615385,0.034482759,510.0714286,,-0.166666667,378.2758621,-0.166666667,875.4615385
unc_wilmington_seahawks,54.44444444,19.96296296,0.36832178,0.306416612,14.92592593,4.555555556,12.88888889,9.407407407,0.729885057376734,10.11111111,2.074074074,7.037037037,17.44444444,1.222222222,20.40740741,11.03703704,0.037037037,17.2962963,53.88888889,68.2962963,-14.40740741,3.074074074,,5,4.615384615,816.3846154,0,281.84,,-0.037037037,239.2692308,-0.037037037,816.3846154
hofstra_pride,53.89285714,19.71428571,0.367852888,0.230862818,13.75,3.107142857,13.92857143,8.678571429,0.623076923043787,10.75,1.5,8.821428571,17.89285714,1.142857143,22.60714286,10.89285714,0.107142857,17.28571429,51.21428571,61.89285714,-10.67857143,5.964285714,,5,4.481481481,621.56,0,317.04,,-0.142857143,299,-0.142857143,621.56
buffalo_bulls,65.81818182,28.36363636,0.432543974,0.319618336,17.48484848,5.666666667,18.6969697,13.66666667,0.730956239930153,14.87878788,3.96969697,9.515151515,13.96969697,0.454545455,27.90909091,14.09090909,0.363636364,14,76.06060606,66.21212121,9.84848485,16.72727273,,5,3.84375,1105.266667,-0.151515152,345.84375,,0.090909091,374.7575758,-0.151515152,1105.266667
northeastern_huskies,57.14285714,23.28571429,0.409760097,0.277389642,17.46428571,4.821428571,13.85714286,9.964285714,0.719072164779573,11.46428571,2.392857143,7.964285714,18.07142857,0.714285714,24.25,11.32142857,0,18.25,61.35714286,60.82142857,0.53571429,11.17857143,,5,4.481481481,585.2916667,0,281.962963,,-0.035714286,277.8571429,-0.035714286,585.2916667
central_michigan_chippewas,58.46428571,21.78571429,0.373126389,0.270027213,24.35714286,6.642857143,13.25,9.464285714,0.714285714264151,11.28571429,2.25,5.821428571,16.60714286,0.928571429,25.28571429,10.67857143,0,17.32142857,59.67857143,72.10714286,-12.42857143,4.25,,,4.296296296,1169,0,318.2592593,,0,216.0357143,0,1169
kent_state_golden_flashes,59.37931034,24.34482759,0.412457009,0.352860172,23.5862069,8.137931034,16.20689655,11.82758621,0.72978723,12.51724138,2.793103448,5.965517241,14.20689655,0.75862069,26.65517241,12.13793103,0.137931035,15.4137931,68.65517241,61.34482759,7.31034482,14.27586207,,,4.107142857,737.4814815,0.111111111,335.4583333,,0,316.1111111,0,737.4814815
depaul_blue_demons,75.4375,34.0625,0.45222203,0.346669091,25.0625,8.65625,15.0625,11.5,0.763485477178423,18.59375,3.5625,9.9375,13.84375,0.28125,25.15625,15.25,0,15.09375,88.28125,78.28125,10.00000,18.6875,,7.5,3.741935484,1508.413793,-0.09375,856.4193548,,0.125,683.8125,-0.09375,1508.413793
akron_zips,58,24.82142857,0.430873249,0.317646264,18.75,6,16.96428571,11.78571429,0.69473684,14.39285714,3.535714286,7.142857143,14.92857143,0.5,25.5,10.21428571,0.142857143,15.57142857,67.42857143,66.71428571,0.71428572,11.53571429,,,4.518518519,874.7692308,0,208.3076923,,-0.107142857,128.0740741,-0.107142857,874.7692308
toledo_rockets,60.06666667,26.2,0.438539651,0.315479257,21.36666667,6.733333333,17.86666667,13.23333333,0.74067164,14.3,3.2,6.233333333,12.73333333,0.466666667,29.5,11.8,0.066666667,15.86666667,72.36666667,60.1,12.26666667,17.13333333,,5,4.206896552,1964.037037,-0.133333333,372.8965517,,0,304.6333333,-0.133333333,1964.037037
utah_state_aggies,63.4,24.73333333,0.389824259,0.29044671,22.13333333,6.566666667,17.2,12.56666667,0.730620155232558,14.2,3.166666667,7,16.7,0.366666667,26.66666667,12.43333333,0.133333333,15.26666667,68.6,76.43333333,-7.83333333,5.433333333,,,4.068965517,891.1851852,0,781.7142857,,-0.066666667,500.0344828,-0.066666667,891.1851852
miami_oh_redhawks,64.31034483,25.93103448,0.403264275,0.288699307,20.68965517,6.034482759,12.82758621,9.482758621,0.7392473116733,13.55172414,2.689655172,9.689655172,17.79310345,0.379310345,24.4137931,12.62068966,0.034482759,20.86206897,67.37931034,72.17241379,-4.79310345,6.379310345,,,4.107142857,870.6538462,0,198.9642857,,-0.034482759,151.8965517,-0.034482759,870.6538462
western_michigan_broncos,57.3,23.23333333,0.405526767,0.316295246,22.33333333,7.166666667,16.66666667,11.4,0.6839999998632,12.36666667,2.933333333,8.933333333,15.06666667,0.8,24.96666667,8.566666667,0.066666667,16.26666667,65.03333333,63.06666667,1.96666666,12.4,,5,4.137931034,1008.346154,0,390.7692308,,-0.166666667,373.3928571,-0.166666667,1008.346154
bowling_green_falcons,58.76666667,26.36666667,0.4493862,0.376493012,20.73333333,7.866666667,17.03333333,12.1,0.710371820099877,15.13333333,1.733333333,9.133333333,15.43333333,0.566666667,25.36666667,9.2,0.166666667,16.86666667,72.7,69.06666667,3.63333333,12.86666667,,5,4.068965517,1316.384615,-0.206896552,304.037037,,0.066666667,325.9655172,-0.206896552,1316.384615
ball_state_cardinals,60.74193548,26.38709677,0.435593561,0.317858573,27.16129032,8.709677419,14.77419355,10.41935484,0.70524017,15.77419355,3.193548387,7.709677419,13.70967742,0.774193548,25.90322581,9.096774194,0,16.51612903,71.90322581,68.03225806,3.87096775,12.03225806,,5,4.1,1069.391304,-0.064516129,302.6333333,,0.032258065,288.2903226,-0.064516129,1069.391304
northern_illinois_huskies,61.86206897,24.86206897,0.404698762,0.320163802,23.10344828,7.344827586,13.34482759,9.586206897,0.718346253059385,11.82758621,1.551724138,6.344827586,15.10344828,0.689655172,29.37931034,12.31034483,0.24137931,13.06896552,66.65517241,69.24137931,-2.58620690,11.51724138,,5,4.285714286,713.8214286,0.034482759,441,,-0.034482759,267.4137931,-0.034482759,713.8214286
eastern_michigan_eagles,62.84615385,24.5,0.387183775,0.280612133,19.26923077,5.461538462,17.38461538,12,0.69026548690892,9.653846154,3.153846154,8.692307692,14.07692308,0.423076923,25.34615385,11.92307692,0.192307692,16.65384615,66.46153846,71.92307692,-5.46153846,9.923076923,,,4.64,878.2916667,0,333.5652174,,0,309.6,0,878.2916667
ohio_bobcats,64.31034483,26.13793103,0.409126989,0.329442305,26.93103448,8.827586207,18.89655172,12.75862069,0.67518248,12.62068966,2.551724138,9.689655172,13.20689655,0.482758621,25.75862069,11.79310345,0.068965517,16.06896552,73.86206897,71.10344828,2.75862069,12.13793103,,,4.285714286,917,0,431.0769231,,-0.034482759,308.8214286,-0.034482759,917
troy_trojans,73.67741935,28.32258065,0.385648796,0.259959742,19.80645161,5.322580645,23.5483871,17.32258065,0.735616438460874,14.87096774,4.870967742,10.74193548,16.87096774,0.129032258,32.09677419,18.93548387,0.322580645,19.09677419,79.29032258,68.12903226,11.16129032,18.06451613,,,3.933333333,1230.071429,-0.034482759,426.4074074,,-0.064516129,327.7241379,-0.064516129,1230.071429
coastal_carolina_chanticleers,62.29166667,26.375,0.421195395,0.298088228,17.20833333,5,20.33333333,14.125,0.694672131261422,13.5,3.125,8.333333333,19.16666667,0.708333333,29.375,16.75,0.125,19.20833333,71.875,60.875,11.000,19.54166667,,,5,519.6315789,0,452.6315789,,0.208333333,357.2380952,0,519.6315789
arkansas_state_red_wolves,65.78571429,27.71428571,0.420192356,0.327814223,22.35714286,7.392857143,20.46428571,14.75,0.720767888458101,14.42857143,2.107142857,9.142857143,14.85714286,0.357142857,25.82142857,13.67857143,0.107142857,19.53571429,77.57142857,73.03571429,4.53571428,14.75,,,4.185185185,758.65,0,551.8636364,,-0.107142857,387.8,-0.107142857,758.65
georgia_southern_eagles,68.15384615,28.42307692,0.416145271,0.300635978,19.88461538,6.076923077,21.53846154,15.15384615,0.70357143,13.34615385,3.961538462,10.53846154,19.15384615,0.769230769,29.53846154,16.80769231,0,18.96153846,78.07692308,68.46153846,9.61538462,16.88461538,,5,4.52,552,-0.041666667,504.6190476,,0.076923077,368.625,-0.041666667,552
georgia_lady_bulldogs,62.60714286,27.28571429,0.435545976,0.313505592,10.67857143,3.357142857,15.35714286,11.32142857,0.73720930,16.32142857,6.214285714,8.571428571,16.10714286,0.571428571,27,13.53571429,0.142857143,14.96428571,69.25,59.10714286,10.14285714,17.14285714,,5,4.148148148,3270.692308,0,425.1111111,,0.25,253.1785714,0,3270.692308
louisiana_ragin_cajuns,55.48,25.24,0.454799686,0.270057488,12.04,3.52,18.76,12.88,0.69,9.28,2.52,7.2,14.48,0.72,27.28,8.56,0.08,16,66.88,57.88,9.00,15.76,,5,4.875,586.2,0,276.5263158,,0.08,218.0454545,0,586.2
texas_state_bobcats,59.03571429,25.32142857,0.428712379,0.317235299,18.53571429,5.857142857,17.21428571,11.85714286,0.68879668,16.57142857,2.321428571,8.142857143,16.96428571,0.535714286,26.03571429,11.35714286,0.142857143,16.89285714,68.35714286,65.21428571,3.14285715,14.25,,10,4.259259259,1063.545455,0,752.7619048,,-0.178571429,531.36,-0.178571429,1063.545455
georgia_state_panthers,60.30769231,23.5,0.389439663,0.289769515,20,5.692307692,18.88461538,12,0.635437882029028,11.65384615,2.846153846,9.230769231,15.96153846,0.5,24.42307692,10.34615385,0.269230769,20.19230769,64.69230769,67.42307692,-2.73076923,8.653846154,,5,4.52,782.5416667,-0.043478261,209.1363636,,0.038461538,207.75,-0.043478261,782.5416667
south_alabama_jaguars,60.73076923,22.03846154,0.364986567,0.287716609,24.23076923,6.961538462,16.19230769,9.769230769,0.603325415748692,11.26923077,2.038461538,8.923076923,15.96153846,0.884615385,23.30769231,10.5,0.192307692,17.26923077,60.80769231,69.23076923,-8.42307692,7.730769231,,5,4.52,566.952381,0.043478261,291.6,,-0.076923077,329.0869565,-0.076923077,566.952381
gonzaga_bulldogs,57.5625,24.9375,0.433357249,0.347958007,18.71875,6.625,16.59375,12.8125,0.772128060263653,14.75,4,7.84375,14.84375,0.78125,26.46875,14.15625,0.125,15.5,69.3125,55.75,13.5625,20.5,,,3.774193548,2895.64,-0.032258065,765.2258065,,0.0625,884.25,-0.032258065,2895.64
byu_cougars,65.14814815,30.62962963,0.472802686,0.329266124,22.14814815,7.333333333,14.11111111,10.59259259,0.75065617,20.62962963,4.740740741,9.851851852,12.48148148,0.555555556,26.88888889,13.37037037,0.074074074,15.81481481,79.18518519,58.44444444,20.74074075,26.33333333,,5,4.576923077,1625.458333,-0.076923077,529.9230769,,0.111111111,398.962963,-0.076923077,1625.458333
app_state_mountaineers,60.76,24.84,0.409477212,0.285251509,27.6,7.8,18.2,11.64,0.63956043956044,12.72,2.64,9.36,19.64,0.92,26.84,11,0.12,17.88,69.12,68.12,1.00,12.92,,6.666666667,4.791666667,692.8695652,-0.045454545,386.0952381,,0,263.6956522,-0.045454545,692.8695652
pacific_tigers,62.48275862,24.86206897,0.398864081,0.321720892,19.37931034,6.137931034,17.93103448,12.37931034,0.69038462,14.24137931,1.75862069,7.75862069,16.79310345,0.172413793,24.86206897,10.06896552,0.034482759,19.17241379,68.24137931,76.96551724,-8.72413793,7.896551724,,5,4,796.037037,0,506.6666667,,-0.103448276,428.0714286,-0.103448276,796.037037
san_diego_toreros,59.79310345,24.06896552,0.403184758,0.316930588,16.65517241,5.275862069,19.34482759,13.17241379,0.68092692,14.27586207,2.310344828,13.10344828,18.03448276,0.689655172,21.75862069,13.37931034,0.068965517,21.62068966,66.5862069,65.62068966,0.96551724,10.31034483,,5,4.107142857,606.25,0,561.3571429,,-0.034482759,402.9310345,-0.034482759,606.25
loyola_marymount_lions,54.03448276,21.68965517,0.404357267,0.269913266,16.68965517,4.793103448,15.44827586,10.82758621,0.70089286,12.13793103,2.275862069,7.551724138,18.34482759,1.068965517,23.79310345,9.793103448,0.068965517,15.4137931,59,67.17241379,-8.17241379,6.620689655,,5,4.142857143,787.5,0,798.2857143,,-0.206896552,522.1034483,-0.206896552,798.2857143
pepperdine_waves,58.13043478,23.34782609,0.403728749,0.245285038,15.30434783,3.913043478,13.08695652,8.652173913,0.661129568190848,12.2173913,3.826086957,7.695652174,16.34782609,0.304347826,24,11.52173913,0.173913044,16.7826087,59.26086957,67.26086957,-8.00000000,7.652173913,,5,4.954545455,526.7142857,0,430.6363636,,0.086956522,335.2608696,0,526.7142857
santa_clara_broncos,59.06666667,24.7,0.417848372,0.343864401,21.63333333,7.233333333,17.76666667,13.93333333,0.78424015,14.6,2.5,6.9,15.13333333,0.6,25.16666667,11.46666667,0.066666667,17.36666667,70.56666667,68.63333333,1.93333334,12.7,,5,3.965517241,601.9565217,0,442.96,,0.033333333,420.0357143,0,601.9565217
kansas_state_wildcats,59.29032258,24.41935484,0.413117394,0.280896322,19.25806452,5.516129032,16.61290323,12.5483871,0.755339805828749,17.06451613,5.322580645,7.548387097,13.61290323,0.322580645,26.67741935,9.903225806,0.096774194,15.61290323,66.90322581,60.38709677,6.51612904,16.32258065,,10,4.066666667,3683.4,0,635.2666667,,0.129032258,328.7096774,0,3683.4
baylor_bears,61.09090909,28.09090909,0.46027517,0.345908532,19.12121212,6.696969697,19.33333333,14.12121212,0.73040752,17.60606061,3.939393939,6.696969697,12.60606061,0.242424242,28.15151515,11.18181818,0.333333333,14.6969697,77,60.48484848,16.51515152,22.81818182,,5,3.875,3899.28125,-0.060606061,704.25,,0.121212121,554.0909091,-0.060606061,3899.28125
saint_marys_gaels,58.93103448,24.48275862,0.418068738,0.330870089,21.27586207,6.965517241,18.24137931,13.10344828,0.71833648,13.96551724,2.206896552,5.793103448,18.31034483,0.896551724,27.48275862,12.13793103,0.103448276,18.24137931,69.03448276,72.72413793,-3.68965517,9.517241379,,5,3.964285714,695.2962963,0,686.3214286,,0,494.4482759,0,695.2962963
portland_pilots,60.62068966,26.55172414,0.441459935,0.267409533,19.51724138,5.172413793,18.13793103,12.82758621,0.70722433,18.17241379,5.034482759,11.34482759,16.48275862,0.724137931,24.82758621,12.5862069,0.068965517,18.93103448,71.10344828,61.5862069,9.51724138,16.5862069,,5,4.142857143,834.3181818,-0.037037037,556.2,,0.137931035,671,-0.037037037,834.3181818
texas_tech_lady_raiders,56.69230769,25,0.442726999,0.365014018,13.07692308,4.769230769,17.92307692,13.03846154,0.72746781,12.80769231,3.269230769,6.269230769,16.19230769,0.923076923,25.69230769,10.88461538,0.076923077,17.38461538,67.80769231,68.38461538,-0.57692307,9.461538462,,5,4.76,3967.869565,0,609.96,,0.153846154,376.6153846,0,3967.869565
oklahoma_sooners,66.09375,29.125,0.442165059,0.347761135,26.9375,9.4375,20.46875,15.625,0.763358778625954,19.09375,3,9.75,18.8125,0.21875,29.125,11.8125,0.0625,19.21875,83.3125,76.03125,7.28125,15.40625,,7.5,3.967741935,2502.814815,-0.03125,500.0322581,,0.15625,434.34375,-0.03125,2502.814815
oklahoma_state_cowgirls,61.10344828,21.03448276,0.345186817,0.289301676,18.24137931,5.275862069,16.75862069,10.31034483,0.61522634,11.5862069,3.827586207,9.068965517,14.44827586,0.75862069,24.37931034,12.5862069,0.034482759,16.13793103,57.65517241,61.5862069,-3.93103449,9.482758621,,,4.321428571,3030.222222,-0.172413793,598.6428571,,0.034482759,392.7586207,-0.172413793,3030.222222
west_virginia_mountaineers,62.35714286,25.07142857,0.404176078,0.324611317,15.35714286,4.714285714,16.82142857,12.03571429,0.71549894,14.85714286,4.857142857,9.285714286,17.03571429,0.535714286,25.07142857,12.60714286,0.178571429,20.10714286,66.89285714,65.75,1.14285714,13.25,,8.333333333,4.259259259,2461.8,-0.035714286,1054.666667,,0.071428571,739.2142857,-0.035714286,2461.8
kansas_jayhawks,58.20689655,25.24137931,0.436602209,0.344336481,16.62068966,5.586206897,20.93103448,15.79310345,0.75453048,12.96551724,5.75862069,8.24137931,17.34482759,0.206896552,29.44827586,10.03448276,0.103448276,16.65517241,71.86206897,64.5862069,7.27586207,15.4137931,,5,4.321428571,2389.692308,-0.103448276,523.5714286,,0.206896552,340.1034483,-0.103448276,2389.692308
iowa_state_cyclones,60.75,26.5625,0.435418208,0.387030452,26.71875,10.40625,16.15625,13.34375,0.82592,14.28125,3.71875,5.375,12.78125,0.46875,29.28125,10.4375,0.03125,12.75,76.875,63.75,13.125,20.96875,,5,3.967741935,6420.548387,0.0625,588.3225806,,0.15625,514.5625,0.03125,6420.548387
loyola_chicago_ramblers,56.2,22.33333333,0.398560231,0.296028639,18.16666667,5.433333333,13.73333333,9.633333333,0.701456310825596,12.83333333,3.9,6.3,14.26666667,0.833333333,27.53333333,9.9,0.1,15.4,59.73333333,55.7,4.03333333,12.76666667,,,4.206896552,544.962963,0,290.5185185,,-0.066666667,233.2758621,-0.066666667,544.962963
missouri_state_lady_bears,62.80645161,23.25806452,0.374325073,0.271585238,16.03225806,4.225806452,19.58064516,14.4516129,0.738056013063463,12.80645161,5.032258065,9.290322581,13.09677419,0.64516129,26.06451613,15.77419355,0.032258065,17.83870968,65.19354839,53.70967742,11.48387097,18.32258065,,,4.1,1482.275862,0.066666667,483.0357143,,0,553.4666667,0,1482.275862
drake_bulldogs,59.56666667,27.16666667,0.454651584,0.325890929,24.16666667,7.866666667,16.9,12.46666667,0.737672584023669,18.9,4.266666667,7.233333333,17.66666667,0.566666667,29.8,11.03333333,0,15.03333333,74.66666667,67.9,6.76666667,16.9,,5,4.172413793,1566.714286,-0.068965517,357.4074074,,0.1,402.1034483,-0.068965517,1566.714286
indiana_state_sycamores,58.41935484,24.77419355,0.424450945,0.310952855,13.93548387,4.387096774,14.41935484,10.06451613,0.69798658,12.5483871,1.870967742,10.06451613,16.87096774,1.032258065,21.5483871,12.32258065,0.225806452,19.87096774,64,65.61290323,-1.61290323,10.4516129,,,4.066666667,889.9259259,-0.033333333,335.6551724,,-0.096774194,248.4,-0.096774194,889.9259259
san_francisco_dons,58.67741935,24.61290323,0.423288085,0.327667296,23.74193548,7.806451613,15.19354839,11.16129032,0.73460722,13.90322581,1.967741935,7.032258065,13.58064516,0.387096774,26.4516129,7.322580645,0.193548387,16.64516129,68.19354839,68.19354839,0.00000000,12,,5,3.933333333,621.7931034,-0.064516129,559.6333333,,-0.129032258,442.8064516,-0.129032258,621.7931034
ul_monroe_warhawks,59.03846154,21.57692308,0.367885379,0.248779934,11.46153846,3.038461538,18.80769231,12.42307692,0.66053170,10.26923077,2.884615385,8.615384615,17.92307692,0.961538462,23,13.30769231,0.192307692,19.11538462,58.61538462,69.96153846,-11.34615384,5.769230769,,5,4.36,799.7894737,-0.043478261,307,,0.192307692,215.7391304,-0.043478261,799.7894737
ut_arlington_mavericks,60.18518519,25.74074074,0.42897209,0.272106361,14.33333333,3.962962963,20.88888889,14.51851852,0.69503546,15.55555556,3.555555556,7.925925926,14.11111111,0.407407407,27.07407407,10.74074074,0.074074074,16.40740741,69.96296296,66.03703704,3.92592592,13.33333333,,5,4.461538462,978.3703704,-0.074074074,561.2307692,,0.037037037,504.5185185,-0.074074074,978.3703704
southern_illinois_salukis,55.9,23.53333333,0.422273314,0.300987932,14.76666667,4.4,16.6,11.7,0.7,13.86666667,2.233333333,8,13.2,0.933333333,23.03333333,12.36666667,0.066666667,14.56666667,63.16666667,56.06666667,7.10000000,14.53333333,,,4.206896552,1015.814815,0,270.3703704,,-0.2,236.5517241,-0.2,1015.814815
illinois_state_redbirds,53.03225806,23.29032258,0.439297947,0.340952632,15.29032258,5.161290323,17.5483871,13.32258065,0.759191176606766,10.87096774,3.258064516,5.35483871,13.38709677,0.580645161,24.90322581,8.548387097,0.032258065,15.41935484,65.06451613,63,2.06451613,10.5483871,,,4.133333333,820.3333333,-0.066666667,267.75,,-0.064516129,314.5666667,-0.066666667,820.3333333
nc_state_wolfpack,62.6875,29.125,0.464171041,0.367840763,20.0625,7.40625,14.1875,10.71875,0.755506607929515,14.25,3.03125,7.28125,12.28125,0.21875,30.15625,12,0.09375,13.1875,76.375,57.03125,19.34375,23.125,,5,3.774193548,4313.25,-0.129032258,405.6451613,,0.21875,250.3125,-0.129032258,4313.25
bradley_braves,55.96296296,20.37037037,0.365475243,0.322194257,22.59259259,7.37037037,15.22222222,10.2962963,0.676399027106044,11.59259259,3.666666667,5.111111111,14.44444444,1.037037037,25.18518519,9.62962963,0,16.81481481,58.40740741,68.92592593,-10.51851852,5.777777778,,,4.653846154,918.12,0,306.9583333,,-0.111111111,233.7692308,-0.111111111,918.12
evansville_purple_aces,59.96666667,22.8,0.381026213,0.272489304,20.06666667,5.633333333,20.76666667,14.83333333,0.71428571,11.2,3.233333333,8.033333333,16.1,0.233333333,24.3,10.23333333,0.066666667,19.33333333,66.06666667,75.56666667,-9.50000000,7.133333333,,6.666666667,4.172413793,750.9230769,-0.037037037,252.4444444,,-0.066666667,202.4827586,-0.066666667,750.9230769
valparaiso_beacons,50.1,20.83333333,0.414427364,0.327351739,24.33333333,8.033333333,13.83333333,10.36666667,0.74939759,11.86666667,2.8,7.7,15.9,1.7,23.16666667,5.2,0.033333333,16.8,60.06666667,67.23333333,-7.16666666,6.166666667,,5,4.172413793,718.5172414,0,293.5172414,,-0.1,199,-0.1,718.5172414
duke_blue_devils,59.5,24.36666667,0.41085519,0.311235826,21.56666667,6.7,14.5,9.6,0.7,13.76666667,4.1,6.666666667,16.5,0.433333333,26.1,12.83333333,0.033333333,14.7,65.03333333,62.16666667,2.86666666,12.63333333,,,3.931034483,2823.785714,-0.034482759,495.6206897,,0.1,247.4333333,-0.034482759,2823.785714
winthrop_eagles,51.83333333,19.3,0.374036011,0.272667075,14.7,3.866666667,16.13333333,9.166666667,0.568181818319872,10.56666667,1.466666667,7,21.83333333,0.7,25.5,10.23333333,0,16.1,51.63333333,68.46666667,-16.83333334,5.733333333,,,3.862068966,573.9583333,0,232.7916667,,-0.1,166.4444444,-0.1,573.9583333
notre_dame_fighting_irish,63.46666667,28.33333333,0.446443472,0.326254466,17.53333333,5.6,15.1,10.76666667,0.713024282781457,17.06666667,5.333333333,8.833333333,15.13333333,0.7,28.23333333,12.3,0.033333333,13.06666667,73.03333333,62.66666667,10.36666666,18.8,,5,4,4604.851852,0.1,578.0344828,,0.066666667,434.5666667,0.033333333,4604.851852
boston_college_eagles,60.06666667,27.06666667,0.451715334,0.333440191,18,6.033333333,17.33333333,11.96666667,0.69038462,16.03333333,3.566666667,8.3,18.86666667,0.5,24.46666667,12.86666667,0.033333333,17.03333333,72.13333333,66.53333333,5.60000000,15.03333333,,5,3.931034483,1418.321429,0,648.862069,,0.1,407.3666667,0,1418.321429
harvard_crimson,68.18518519,26.7037037,0.392264831,0.329321707,27.62962963,9.074074074,12.66666667,8.444444444,0.66666666645614,15.25925926,2.62962963,10.77777778,12.40740741,0.37037037,22.7037037,14.14814815,0,17.14814815,70.92592593,67.37037037,3.55555556,15.48148148,,5,4.692307692,616.04,-0.076923077,451.4230769,,-0.185185185,394.7037037,-0.185185185,616.04
florida_state_seminoles,57.17857143,25.07142857,0.439999907,0.321478625,15.10714286,4.785714286,16.25,11.42857143,0.703296703384615,14.67857143,4.535714286,6.357142857,15.57142857,0.392857143,25.60714286,10.71428571,0.178571429,15.92857143,66.35714286,61.5,4.85714286,15.85714286,,5,4.259259259,2193.384615,0,578.7777778,,0.142857143,367.1071429,0,2193.384615
georgia_tech_yellow_jackets,56.83870968,23.06451613,0.405400555,0.303318742,17.70967742,5.516129032,14.35483871,9.516129032,0.662921348281732,15.32258065,4.35483871,5.935483871,13.96774194,0.548387097,27.64516129,11.29032258,0.064516129,13.32258065,61.03225806,51.87096774,9.16129032,16.41935484,,5,3.833333333,2208.793103,0,393.1,,0.096774194,291.7419355,0,2208.793103
north_florida_ospreys,57.33333333,24.6,0.424582036,0.304539516,22.23333333,6.833333333,12.83333333,9.533333333,0.742857143024119,14.5,4.666666667,7.933333333,17.06666667,0.5,27.76666667,7.933333333,0,17.56666667,65.56666667,62.23333333,3.33333334,14.83333333,,5,4.034482759,671,0,515.76,,-0.233333333,294.4814815,-0.233333333,671
jackson_state_lady_tigers,65.48148148,29.2962963,0.447527342,0.309721054,13.96296296,4.296296296,24.51851852,16.96296296,0.69184290,14.51851852,5,8.814814815,15.81481481,0.333333333,30.81481481,16.25925926,0.111111111,16.14814815,79.85185185,63.03703704,16.81481481,23.59259259,,,4.730769231,1241.041667,0,342.8846154,,-0.148148148,305.2592593,-0.148148148,1241.041667
northern_iowa_panthers,60.51899846,25.03295045,0.414463586,0.312641941,19.12723601,6.056740107,16.98850636,12.10855835,0.71275003,13.75916995,3.37954004,8.047462885,15.2213998,0.610565539,25.89170679,11.8515832,0.110127186,16.60040772,68.23119936,65.11308742,3.11811194,13.39769144,,5.840966236,4.176364239,1999.491392,-0.036879688,494.3795112,,0.040472826,391.3404591,-0.036879688,1999.491392
north_carolina_tar_heels,66.22222222,27.25925926,0.40971256,0.321591713,18.85185185,5.962962963,19.51851852,13.81481481,0.70777989,14.14814815,3.925925926,9.814814815,13.77777778,0.444444444,28.74074074,14.81481481,0.148148148,15.88888889,74.2962963,55.85185185,18.44444445,26.81481481,,5,4.423076923,2598.576923,0,487.5384615,,0.074074074,604.3333333,0,2598.576923
virginia_cavaliers,55.59259259,20.51851852,0.369941376,0.274991858,14.77777778,3.851851852,16.03703704,10.14814815,0.63279446,11.44444444,4,7.222222222,18.66666667,0.740740741,22.74074074,12.33333333,0.222222222,19.37037037,55.03703704,65.48148148,-10.44444444,5.703703704,,,4.346153846,1798.222222,0,540.3076923,,0.074074074,417.5555556,0,1798.222222
virginia_tech_hokies,56.34375,24.90625,0.441614537,0.362670235,23.65625,8.59375,15.9375,12.09375,0.758823529411765,14.28125,3.5,4.46875,12.875,0.34375,27.375,9.03125,0.03125,14.3125,70.5,57.625,12.875,19.9375,,5,3.741935484,2054.142857,0.066666667,462.6774194,,0.03125,341.34375,0.03125,2054.142857
clemson_tigers,61.4137931,24.17241379,0.39383918,0.262497928,17.4137931,4.75862069,17.24137931,12.24137931,0.71000000,10.79310345,3.482758621,9.068965517,16.27586207,0.724137931,22.5862069,13.75862069,0.206896552,17.17241379,65.34482759,71.10344828,-5.75862069,9.586206897,,5,4.035714286,1509.884615,0,360.5357143,,0.24137931,206.3103448,0,1509.884615
davidson_wildcats,57.13333333,23.46666667,0.414557447,0.299418563,20.03333333,6.066666667,12.7,9.6,0.8,11.63333333,2.566666667,6,15.1,0.533333333,23.13333333,11.2,0.133333333,17.56666667,62.6,61.2,1.4,10.03333333,,5,3.965517241,582.3703704,0.034482759,424.7586207,,-0.033333333,328.5666667,-0.033333333,582.3703704
north_carolina_at_aggies,60.56,25.72,0.426968781,0.284574922,15.56,4.56,17,11.88,0.698823529411765,14.96,2.2,8.84,17.56,0.56,23.6,12.32,0.04,15.56,67.88,67.76,0.12,11.84,,10,4.666666667,1330.363636,-0.083333333,344.2083333,,-0.16,296.16,-0.16,1330.363636
miami_hurricanes,60.46185828,25.06696225,0.415295401,0.313018477,19.11006386,6.053273918,16.86130095,11.97988141,0.71049568,13.82454368,3.418860696,8.034187544,15.29262315,0.598616252,25.96678808,11.86161984,0.105439282,16.50646161,68.16595782,64.82003133,3.34592649,13.61062242,,5.765879965,4.167002773,2010.722685,-0.034933205,493.9431264,,0.038940809,386.9114593,-0.034933205,2010.722685
south_carolina_upstate_spartans,60.37857003,25.03772687,0.415404413,0.312777674,19.07168849,6.03730565,16.81536643,11.94663274,0.71045926,13.77842574,3.405381456,8.008820572,15.30442872,0.597541923,25.89725101,11.85094764,0.105793987,16.5075067,68.05832876,64.69324333,3.36508543,13.65515362,,5.769295325,4.168453244,1984.614989,-0.032980772,489.7474095,,0.037993966,383.4568207,-0.032980772,1984.614989
northwest_university_eagles,56,10,0.178571429,0.214285714,14,3,16,9,0.5625,7,2,8,25,2,23,13,0,13,32,89,-57,0,TRUE,NA,NA,NA,NA,NA,away,0,NA,0,89
western_oregon_wolves,59,14,0.237288136,0.258064516,31,8,5,2,0.4,9,4,12,18,1,26,8,0,11,38,61,-23,0,TRUE,NA,NA,NA,NA,NA,away,0,NA,0,61
tougaloo_bulldogs,57,16,0.280701754,0.238095238,21,5,10,7,0.7,11,0,6,18,1,23,12,0,20,44,63,-19,0,TRUE,NA,NA,NA,NA,NA,away,0,NA,0,63
lsu_alexandria_generals,63,19,0.301587302,0.36,25,9,4,1,0.25,15,0,10,24,1,19,11,0,12,48,95,-47,0,TRUE,NA,NA,NA,NA,NA,away,0,NA,0,95
randolph_college_wildcats,50,12,0.24,0.136363636,22,3,4,4,1,6,1,6,28,2,18,6,0,17,31,83,-52,2,TRUE,NA,NA,NA,NA,NA,away,0,NA,0,83
spring_hill_badgers,60,20,0.333333333,0.2,15,3,19,10,0.526315789473684,8,0,6,20,0,23,12,0,21,53,73,-20,0,TRUE,NA,NA,NA,NA,NA,away,0,NA,0,73
ohio_christian_trailblazers,63,20,0.317460318,0.230769231,26,6,6,5,0.833333333333333,9,3,2,22,0,26,9,0,17,51,104,-53,0,TRUE,NA,NA,NA,NA,NA,away,0,NA,0,104
union_ny_garnet_chargers,54,12,0.222222222,0.214285714,14,3,11,10,0.909090909090909,7,3,2,19,1,20,9,0,13,37,88,-51,1,TRUE,NA,NA,NA,NA,NA,away,0,NA,0,88
lock_haven_university_bald_eagles,46,19,0.413043478,0.357142857,14,5,11,5,0.454545454545455,13,2,7,28,2,17,12,0,10,48,82,-34,0,TRUE,NA,NA,NA,NA,NA,away,0,NA,0,82
ursinus_bears,45,9,0.2,0.24,25,6,8,5,0.625,9,1,5,27,3,18,5,0,4,29,89,-60,0,TRUE,NA,NA,NA,NA,NA,away,0,NA,0,89
immaculata_mighty_macs,61,14,0.229508197,0.142857143,21,3,18,10,0.555555555555556,6,0,9,19,0,24,14,0,9,41,78,-37,0,TRUE,NA,NA,NA,NA,NA,away,0,NA,0,78
bethesda_university_lion_angels,46.5,8,0.172525439,0.198717949,18.5,3.5,8,4,0.5,6.5,1,4,36,3,19,9,0,12.5,23.5,114,-90.5,0,,,,,,,,0,,0,114
colorado_mesa_mavericks,66,19,0.287878788,0.36,25,9,6,3,0.5,15,2,7,16,1,24,20,1,10,50,62,-12,10,TRUE,NA,NA,NA,NA,NA,away,0,NA,0,66
lewis_clark_st_warriors,61,16,0.262295082,0.133333333,15,2,17,12,0.705882352941176,6,1,3,18,2,35,7,0,8,46,95,-49,0,TRUE,NA,NA,NA,NA,NA,away,0,NA,0,95
st_francis_il_fighting_saints,55,24,0.436363636,0.421052632,19,8,7,5,0.714285714285714,11,1,9,13,0,17,1,0,11,61,96,-35,5,TRUE,NA,NA,NA,NA,NA,away,0,NA,0,96
union_ky_bulldogs,60,19,0.316666667,0.173913044,23,4,13,11,0.846153846153846,12,3,3,37,0,19,19,0,28,53,120,-67,0,TRUE,NA,NA,NA,NA,NA,away,0,NA,0,120
lagrange_panthers,57,13,0.228070175,0.181818182,22,4,21,15,0.714285714285714,5,4,6,15,1,23,8,0,12,45,77,-32,0,TRUE,NA,NA,NA,NA,NA,away,0,NA,0,77
cal_lutheran_kingsmen,59,15,0.254237288,0.166666667,12,2,9,4,0.444444444444444,6,1,9,32,3,27,17,0,23,36,79,-43,3,TRUE,NA,NA,NA,NA,NA,away,0,NA,0,79
texas_lutheran_bulldogs,52,19,0.365384615,0.238095238,21,5,17,7,0.411764705882353,13,2,7,15,1,16,9,0,28,50,65,-15,6,TRUE,NA,NA,NA,NA,NA,away,0,NA,0,65
mobile_rams,59.5,19,0.318682872,0.138888889,18,2.5,18,11,0.611111111111111,9.5,3.5,8,20,0.5,22.5,13,0,15,51.5,71.5,-20.0,3,,,,,,,,0,,0,71.5
notre_dame_of_maryland_university_gators,42,10,0.238095238,0.2,10,2,22,13,0.590909090909091,8,3,6,36,0,19,9,0,12,35,87,-52,0,TRUE,NA,NA,NA,NA,NA,away,0,NA,0,87
washington_adventist_shock,41,12,0.292682927,0.333333333,6,2,17,8,0.470588235294118,10,4,2,40,0,33,14,0,17,34,73,-39,0,TRUE,NA,NA,NA,NA,NA,away,0,NA,0,73
faulkner_eagles,48,16,0.333333333,0.318181818,22,7,15,12,0.8,9,1,3,23,5,27,11,0,12,51,91,-40,9,TRUE,NA,NA,NA,NA,NA,away,0,NA,0,91
piedmont_lions,63,24,0.380952381,0.529411765,17,9,8,7,0.875,15,5,7,25,1,24,14,0,11,64,86,-22,3,TRUE,NA,NA,NA,NA,NA,away,0,NA,0,86
bob_jones,44,9,0.204545455,0.227272727,22,5,19,13,0.684210526315789,3,0,10,30,3,15,7,0,13,36,86,-50,0,TRUE,NA,NA,NA,NA,NA,away,0,NA,0,86
grace_christian_university_tigers,53,14,0.264150943,0.2,20,4,17,13,0.764705882352941,4,0,8,29,0,12,9,0,14,45,133,-88,0,TRUE,NA,NA,NA,NA,NA,away,0,NA,0,133
bryn_athyn_lions,56,9,0.160714286,0.142857143,28,4,10,6,0.6,4,0,8,19,1,14,14,0,13,28,86,-58,0,TRUE,NA,NA,NA,NA,NA,away,0,NA,0,86
chowan_hawks,64,19,0.296875,0.214285714,14,3,19,12,0.631578947368421,7,5,1,27,0,33,16,0,18,53,81,-28,0,TRUE,NA,NA,NA,NA,NA,away,0,NA,0,81
bushnell_beacons,44,17,0.386363636,0.3125,16,5,8,3,0.375,8,2,4,28,1,29,4,0,11,42,80,-38,2,TRUE,NA,NA,NA,NA,NA,away,0,NA,0,80
valley_forge_patriots,50,6,0.12,0.071428571,14,1,4,2,0.5,1,3,4,26,3,16,4,0,15,15,102,-87,0,TRUE,NA,NA,NA,NA,NA,away,0,NA,0,102
caldwell_cougars,54,13,0.240740741,0.217391304,23,5,10,6,0.6,9,2,9,22,0,19,11,0,12,37,85,-48,0,TRUE,NA,NA,NA,NA,NA,away,0,NA,0,85
university_of_health_sciences_pharmacy_eutectics,45,15,0.333333333,0.210526316,19,4,18,11,0.611111111111111,9,0,5,20,2,25,6,0,16,45,68,-23,0,TRUE,NA,NA,NA,NA,NA,away,0,NA,0,68
brewton_parker_wildcats,61,14,0.229508197,0.043478261,23,1,22,11,0.5,4,3,4,18,0,27,16,0,16,40,80,-40,2,TRUE,NA,NA,NA,NA,NA,away,0,NA,0,80
stephens,49,9,0.183673469,0,12,0,21,15,0.714285714285714,3,0,7,36,2,24,13,0,16,33,88,-55,0,TRUE,NA,NA,NA,NA,NA,away,0,NA,0,88
northwest_nazarene_nighthawks,79,16,0.202531646,0.15625,32,5,10,9,0.9,8,1,9,14,0,27,16,0,20,46,84,-38,0,TRUE,NA,NA,NA,NA,NA,away,0,NA,0,84
syracuse_orange,67.34482759,26.37931034,0.391022468,0.309507562,24.48275862,7.620689655,13.20689655,10.62068966,0.80417755,13.44827586,2,10.13793103,14.55172414,0.206896552,22.89655172,11.96551724,0.24137931,15.34482759,71,74.82758621,-3.82758621,11.93103448,,,4,1649.037037,-0.178571429,634.0357143,,0.24137931,501.7241379,-0.178571429,1649.037037
monmouth_hawks,58.6,22.13333333,0.380732767,0.299193758,21.4,6.2,13.06666667,8.733333333,0.668367346742763,12.83333333,3.6,7.166666667,19.1,0.766666667,26.13333333,11.7,0.033333333,15.96666667,59.2,61.56666667,-2.36666667,8.2,,5,4.068965517,497.7241379,0,143.4137931,,-0.033333333,106.5666667,-0.033333333,497.7241379
western_illinois_leathernecks,60.24137931,25.03448276,0.414216871,0.320840551,26.37931034,8.620689655,18.37931034,12.10344828,0.65853659,13.51724138,3.517241379,8.137931034,14.4137931,0.448275862,27.34482759,7.896551724,0.103448276,13.65517241,70.79310345,71.93103448,-1.13793103,13.27586207,,6.666666667,4.071428571,1163.904762,0,440.875,,0,369.8518519,0,1163.904762
george_washington_revolutionaries,56.73333333,19.5,0.345615361,0.268612668,17.13333333,4.6,13.8,8.166666667,0.591787439637681,9.6,1.8,7.366666667,14.66666667,0.666666667,24.53333333,13.4,0,15.7,51.76666667,55.2,-3.43333333,8.2,,,3.931034483,617.047619,0,452.2222222,,0.166666667,308.3793103,0,617.047619
wofford_terriers,64.82142857,24.28571429,0.374188396,0.320382226,24.89285714,8.035714286,13.71428571,10.17857143,0.74218750,12.42857143,2.357142857,6.857142857,13.07142857,0.571428571,25.89285714,10.96428571,0.107142857,13.53571429,66.78571429,61.35714286,5.42857143,16.59259259,,,4.259259259,702.0434783,0,196.7619048,,-0.035714286,156.44,-0.035714286,702.0434783
dayton_flyers,59.69230769,24.19230769,0.404731717,0.334746947,17,5.807692308,17.15384615,11.61538462,0.67713005,13.19230769,4.076923077,6.076923077,12.69230769,0.423076923,29.53846154,12.65384615,0.153846154,15.5,65.80769231,54.11538462,11.69230769,17.15384615,,5,4.68,1342.72,0,593.8,,0,442.6923077,0,1342.72
arizona_wildcats,58.11538462,25.38461538,0.436721712,0.343804067,18.57692308,6.423076923,15.96153846,11.30769231,0.70843374,14.38461538,4,10.5,12.96153846,0.807692308,22.15384615,10.61538462,0.115384615,17.11538462,68.5,57.38461538,11.11538462,17.92307692,,5,4.56,5659.272727,-0.038461538,976.12,,0.192307692,968.3461538,-0.038461538,5659.272727
louisville_cardinals,61.96551724,28.34482759,0.45547993,0.366553704,16.79310345,6.137931034,12.96551724,9.344827586,0.720744680911781,15.86206897,4.413793103,9.586206897,14.44827586,0.275862069,25.93103448,13.03448276,0.413793103,15.93103448,72.17241379,55.03448276,17.13793103,23.51724138,,5,4,5583.481481,0.035714286,818.75,,0.068965517,613.1724138,0.035714286,5583.481481
bethune_cookman_wildcats,57.88,21.72,0.378496104,0.277863195,13.24,3.68,19.28,12.16,0.63,9.88,2.4,8.52,20.28,1.16,23.88,12,0.36,18.04,59.28,71.64,-12.36,5.96,,5,4.791666667,715.8181818,0,464.952381,,-0.2,401.7826087,-0.2,715.8181818
lafayette_leopards,55.4,21.76666667,0.396206658,0.266444985,14.33333333,3.9,10.53333333,7.1,0.6740506331247,10.86666667,3.8,5.5,16.4,1,25.83333333,10.96666667,0.133333333,14.13333333,54.53333333,58.56666667,-4.03333334,6.666666667,,5,3.965517241,361.1333333,0,173.1724138,,0,115.3333333,0,361.1333333
wake_forest_demon_deacons,60.3,23.93333333,0.39473223,0.323200743,18.33333333,6.033333333,16.1,11.1,0.7,10.73333333,2.933333333,6.633333333,15.13333333,0.533333333,26,12.23333333,0.033333333,16.5,65,63.3,1.7,12.8,,5,3.827586207,1782.785714,0,294.4482759,,0.266666667,168.6666667,0,1782.785714
holy_cross_crusaders,56.83333333,22.8,0.402442239,0.318073155,18.7,5.833333333,12.76666667,8.666666667,0.67885117478359,13.03333333,2.666666667,6.466666667,15.6,0.266666667,26.63333333,11.56666667,0.133333333,13.1,60.1,55.76666667,4.33333333,12.23333333,,5,4.034482759,354.9642857,0,246.1111111,,0.1,146.4827586,0,354.9642857
usc_trojans,58.03846154,23.15384615,0.398142638,0.324802765,15.34615385,5.076923077,17.57692308,13.34615385,0.75929978,14.07692308,6.5,7.192307692,15.96153846,0.807692308,27.23076923,11.76923077,0.153846154,16.65384615,64.73076923,64.30769231,0.42307692,11.92307692,,5,4.44,1534.190476,-0.16,948.4,,0.269230769,656.8846154,-0.16,1534.190476
cornell_big_red,55.375,19.70833333,0.354656801,0.261093824,16.58333333,4.416666667,15.95833333,10,0.62663185391679,12.83333333,3.25,7.291666667,18.54166667,1.125,23,13.75,0.166666667,16.91666667,53.83333333,61.04166667,-7.20833334,7.125,,5,4.956521739,306.95,0,283.6666667,,-0.125,200.8695652,-0.125,306.95
milwaukee_panthers,54.75862069,21.96551724,0.407080028,0.29097816,17.86206897,5.103448276,12.20689655,9.724137931,0.796610169601216,13.4137931,3.344827586,7.379310345,16.79310345,0.75862069,24.20689655,11.20689655,0,16.44827586,58.75862069,59.5862069,-0.82758621,9.931034483,,5,4.071428571,804.0344828,0,364.25,,-0.103448276,255.4137931,-0.103448276,804.0344828
belmont_bruins,58.37931034,25.51724138,0.435668693,0.329089396,25.72413793,8.448275862,14.4137931,10,0.693779904472196,15.48275862,4.379310345,8.931034483,12.82758621,0.448275862,24.03448276,11.03448276,0,14.68965517,69.48275862,55.51724138,13.96551724,19.68965517,,,4.142857143,1554.384615,0,297.2142857,,-0.103448276,176.7931034,-0.103448276,1554.384615
charlotte_49ers,57.38709677,22.5483871,0.392766208,0.290091116,17.32258065,5.032258065,18.58064516,13.48387097,0.72569444,11.70967742,4.709677419,6.677419355,14.77419355,0.806451613,27.06451613,10.96774194,0.032258065,15.32258065,63.61290323,58.12903226,5.48387097,13.70967742,,8.333333333,4.1,881.76,-0.064516129,613,,-0.032258065,558.7096774,-0.064516129,881.76
unc_greensboro_spartans,55.34615385,21.07692308,0.382561319,0.254208775,15.42307692,4,14.42307692,8.615384615,0.597333333434098,9.576923077,3.230769231,6.769230769,17,0.807692308,25.03846154,12.73076923,0,14.96153846,54.76923077,55.42307692,-0.65384615,10.26923077,,5,4.56,339.5217391,0.04,207.4347826,,-0.038461538,162.24,-0.038461538,339.5217391
george_mason_patriots,56.89655172,20.75862069,0.368286924,0.272500994,18.20689655,5.068965517,17.72413793,12.06896552,0.68093385,10.65517241,2.551724138,5.724137931,15.72413793,0.689655172,25.68965517,10.65517241,0.034482759,15.96551724,58.65517241,65.65517241,-7.00000000,6.827586207,,5,4.071428571,674.0357143,0.035714286,313.3214286,,-0.068965517,209.4137931,-0.068965517,674.0357143
columbia_lions,60.25,24.92857143,0.414254574,0.316286121,24.71428571,7.785714286,17.75,11.10714286,0.625754527323944,16.17857143,4.071428571,7.035714286,17.57142857,0.464285714,29.25,13.32142857,0.071428571,16.96428571,68.75,61.64285714,7.10714286,13.89285714,,10,4.555555556,580.3333333,0,223.4444444,,0,167.6071429,0,580.3333333
bellarmine_knights,58.42857143,22.10714286,0.377659668,0.319152925,20.78571429,6.75,13.67857143,9.821428571,0.718015665690024,11.82142857,2.75,6.75,18.25,0.607142857,23.32142857,10.21428571,0.178571429,18.03571429,60.78571429,73.60714286,-12.82142857,6.071428571,,,4.074074074,823.8,0,414.2608696,,-0.142857143,524.5333333,-0.142857143,823.8
boston_university_terriers,56.67741935,23.96774194,0.424536631,0.343146321,18.22580645,6.193548387,12.58064516,8.35483871,0.66410256,12.12903226,4.35483871,5.935483871,16.09677419,0.870967742,27,10.77419355,0.064516129,15.03225806,62.48387097,59.64516129,2.83870968,11.35483871,,,4.033333333,460.4516129,0,369.7666667,,-0.032258065,208.3870968,-0.032258065,460.4516129
ucf_knights,55.74074074,22.81481481,0.41313282,0.307365998,11.2962963,3.555555556,16.11111111,11.48148148,0.71264368,13.59259259,3.444444444,11.25925926,15.7037037,1,23.66666667,13.74074074,0.037037037,13.66666667,60.66666667,47.48148148,13.18518519,16.44444444,,,4.653846154,1899.291667,-0.269230769,917.9230769,,0.074074074,694.5185185,-0.269230769,1899.291667
east_tennessee_state_bucs,58.18518519,20.40740741,0.354065961,0.292986895,22.44444444,6.481481481,12.03703704,8.111111111,0.673846153671053,10.81481481,3,7.555555556,14.7037037,0.481481482,24.37037037,9.481481481,0,16.81481481,55.40740741,68.11111111,-12.70370370,5.814814815,,,4.384615385,765.12,0,183.8076923,,-0.111111111,170.5925926,-0.111111111,765.12
ut_martin_skyhawks,48.43333333,19.16666667,0.394711539,0.330404744,17.1,5.733333333,15.16666667,11.56666667,0.76263736,10.56666667,1.7,9.133333333,14.86666667,1.2,21.6,6.433333333,0,15.6,55.63333333,58.06666667,-2.43333334,8.266666667,,,3.793103448,1144.925926,-0.1,536.3103448,,0.066666667,443.7333333,-0.1,1144.925926
morgan_state_lady_bears,63.5,23.68181818,0.371103699,0.268218083,15.86363636,4.136363636,16.59090909,11,0.663013698666467,10.59090909,2.772727273,11.63636364,17,0.590909091,21.77272727,17.22727273,0.454545455,18.72727273,62.5,57.40909091,5.09090909,14.95454545,,5,5.80952381,668.5294118,0,323,,-0.181818182,564.95,-0.181818182,668.5294118
long_island_university_sharks,59.51851852,21.03703704,0.353606565,0.314740872,18.96296296,6.037037037,12.25925926,7.444444444,0.607250755214063,10.62962963,3.777777778,8.481481481,17.51851852,0.481481482,22.7037037,13.7037037,0.037037037,18.66666667,55.55555556,62.85185185,-7.29629629,6,,5,4.538461538,385.96,0,231.4615385,,-0.259259259,187.3333333,-0.259259259,385.96
coppin_state_eagles,59.19230769,20.88461538,0.353867096,0.253851863,20.73076923,5.230769231,21,14.65384615,0.697802197619048,10.65384615,3.423076923,7.423076923,15.19230769,0.653846154,28.26923077,10.88461538,0.153846154,16.26923077,61.65384615,63.92307692,-2.26923077,10.61538462,,,4.84,501.1304348,0,233.68,,-0.192307692,156.6153846,-0.192307692,501.1304348
florida_atlantic_owls,54.4137931,20.5862069,0.38048902,0.278444373,19.06896552,5.172413793,16.65517241,12.24137931,0.73498965,11.37931034,2.034482759,5.689655172,15.86206897,0.75862069,25.48275862,10.44827586,0,15.24137931,58.5862069,66.17241379,-7.58620689,7.896551724,,5,4.107142857,729.1851852,0,661.88,,0.034482759,580.5925926,0,729.1851852
kennesaw_state_owls,56.92592593,22.48148148,0.396127773,0.315744324,15.48148148,4.703703704,16.66666667,11.03703704,0.66222222,11,2.37037037,7.592592593,16.07407407,0.703703704,22.92592593,11.07407407,0.037037037,17.51851852,60.7037037,65.03703704,-4.33333334,9.777777778,,5,4.346153846,701.12,0,328.52,,0.074074074,218.1923077,0,701.12
radford_highlanders,60.34255099,25.01573043,0.415251811,0.312850478,19.07703367,6.038306707,16.78198738,11.91841293,0.71019079,13.76857026,3.400844905,7.993425631,15.33538721,0.597968925,25.89571287,11.83621144,0.106287593,16.52214194,67.98712499,64.70931281,3.27781218,13.6206622,,5.769295325,4.166942491,1974.543453,-0.032743437,488.1600507,,0.036690485,381.9029067,-0.032743437,1974.543453
jacksonville_dolphins,56.7037037,21.7037037,0.381835855,0.267578906,15.44444444,4.111111111,17.07407407,11.81481481,0.69197397,10.44444444,3.925925926,10.07407407,16.25925926,0.666666667,22.81481481,10.55555556,0.333333333,18.51851852,59.33333333,58.7037037,0.62962963,10.2962963,,,4.346153846,688.0909091,0,395.1428571,,-0.074074074,315.9583333,-0.074074074,688.0909091
providence_friars,56.13333333,22.16666667,0.396872048,0.293465097,15.96666667,4.666666667,15.66666667,10.9,0.695744680703033,11.23333333,5.8,7.033333333,17.96666667,0.833333333,28.13333333,10.23333333,0,15.8,59.9,63.86666667,-3.96666667,9.4,,5,3.965517241,865.5714286,0,443.8275862,,0.166666667,305.7333333,0,865.5714286
washington_huskies,52.27777778,22.22222222,0.425913424,0.357248679,15.44444444,5.611111111,13.11111111,9.166666667,0.699152542457555,13.05555556,4.111111111,6.555555556,18.22222222,1.555555556,26.11111111,10.11111111,0,13.33333333,59.22222222,62.22222222,-3.00000000,9.333333333,,5,6.470588235,1711.6,-0.058823529,527.5882353,,0.055555556,546.3888889,-0.058823529,1711.6
south_florida_bulls,57.70967742,22,0.384838887,0.297516446,18.19354839,5.322580645,16.06451613,11.61290323,0.72289157,14.38709677,3.516129032,6.709677419,14.58064516,1.193548387,26.32258065,14.41935484,0.193548387,15.12903226,60.93548387,53.51612903,7.41935484,13.5483871,,5,4.033333333,1511.346154,-0.258064516,782.8,,0.032258065,643.516129,-0.258064516,1511.346154
campbell_fighting_camels,55.17241379,23.48275862,0.421658572,0.323834945,22.79310345,7.482758621,14.79310345,10.06896552,0.68065268,15.65517241,3.482758621,8.482758621,15.96551724,0.793103448,23.44827586,11.37931034,0.034482759,14.65517241,64.51724138,53.79310345,10.72413793,19.27586207,,5,4.178571429,627.952381,0,154.5217391,,0.034482759,119.1538462,0,627.952381
east_carolina_pirates,61.57142857,22.60714286,0.368024908,0.246756166,15.42857143,4,18.67857143,11.32142857,0.60611855,12.89285714,4.928571429,11,17.10714286,0.857142857,22.35714286,14.78571429,0.321428571,18.75,60.53571429,59.21428571,1.32142858,13.28571429,,5,4.37037037,890.6296296,0,645.2592593,,-0.035714286,521.2142857,-0.035714286,890.6296296
grambling_lady_tigers,59,21.61904762,0.366286134,0.25061285,17.42857143,4.523809524,16.66666667,11.28571429,0.67714286,10.85714286,2.80952381,7.80952381,16.61904762,0.571428571,20.66666667,11.23809524,0.190476191,19.47619048,59.04761905,72.04761905,-13.00000000,4.428571429,,,5.6,1378.647059,-0.095238095,565.65,,-0.666666667,733.3333333,-0.666666667,1378.647059
ucla_bruins,60.08,24.16,0.405692625,0.337036041,18.52,6.12,14.88,11.52,0.77,13.76,2.88,6.12,13.2,0.64,24.92,11.96,0.2,17,65.96,61.36,4.60,13.52,,,4.375,2179.777778,0.28,930.7916667,,0.12,943,0.12,2179.777778
cal_poly_mustangs,60.56,22.12,0.368422724,0.24276447,15.08,3.64,14.12,9.36,0.66,12.24,2,5.96,15.88,0.72,26.6,11.52,0.04,18.64,57.24,70.4,-13.16,5.84,,7.5,4.916666667,472.3043478,0,185,,0.24,132.72,0,472.3043478
cal_state_fullerton_titans,55.17241379,22.13793103,0.403973803,0.273231779,15.93103448,4.275862069,17.03448276,11.75862069,0.69028340,12.34482759,2.862068966,7.517241379,16.03448276,0.793103448,24.27586207,10.37931034,0.034482759,17.31034483,60.31034483,64.65517241,-4.34482758,8,,5,4.285714286,313.0869565,0,623.9285714,,0.034482759,335.5517241,0,623.9285714
bryant_bulldogs,54.4375,21,0.383833881,0.344901317,14.4375,5,13.34375,9.46875,0.70960,13.21875,2.71875,6.625,19.25,0.875,24.65625,11.4375,0.15625,15.34375,56.46875,63.25,-6.78125,9.78125,,,4,521.0714286,0,220.4482759,,-0.09375,202.3548387,-0.09375,521.0714286
high_point_panthers,58.31034483,22.89655172,0.392847591,0.294189124,25.4137931,7.206896552,15.55172414,10.48275862,0.67405765,13.37931034,1.75862069,8.896551724,12,0.413793103,26.62068966,6.655172414,0.103448276,16,63.55172414,57.96551724,5.58620690,14.79310345,,5,4.071428571,642.08,0,196.4166667,,-0.034482759,120,-0.034482759,642.08
indiana_hoosiers,59.1,26.53333333,0.452796804,0.338956547,15,4.966666667,18.36666667,13.76666667,0.74954628,14.16666667,3.4,6.633333333,13.06666667,0.3,26.86666667,9.433333333,0.033333333,15.46666667,71.8,61.9,9.9,16.6,,5,4,4616.25,-0.142857143,418.2068966,,0.133333333,297.0333333,-0.142857143,4616.25
washington_state_cougars,58.37931034,22.65517241,0.392042684,0.332650835,21.5862069,6.931034483,11.89655172,8.517241379,0.715942029208444,13.34482759,4.172413793,7.896551724,13.89655172,0.413793103,23.89655172,11.17241379,0.172413793,15.55172414,60.75862069,60.34482759,0.41379310,11.44827586,,5,4.071428571,1632.76,-0.035714286,975.7142857,,0,838.2068966,-0.035714286,1632.76
richmond_spiders,57.13333333,25.33333333,0.443794368,0.341063646,26.9,9.166666667,14.63333333,10.66666667,0.72892939,14.46666667,5.3,6.766666667,16.53333333,0.733333333,27.86666667,9.333333333,0,16,70.5,67.06666667,3.43333333,13.93333333,,5,3.931034483,753.0769231,0.033333333,334.0344828,,0.033333333,223.4333333,0,753.0769231
duquesne_dukes,57.75862069,23.17241379,0.401359657,0.333224424,22.96551724,7.379310345,14.65517241,10.10344828,0.68941177,14.79310345,2.827586207,7.517241379,14.48275862,1.068965517,24.93103448,10.27586207,0.034482759,16.10344828,63.82758621,64.55172414,-0.72413793,9.793103448,,5,4.071428571,733.7037037,0,439.3214286,,0.068965517,280.4482759,0,733.7037037
long_beach_state_beach,57.44444444,23,0.402674341,0.264420926,18.55555556,5,15.74074074,11.03703704,0.70117647,14,3.185185185,11.85185185,13.59259259,0.481481482,21.18518519,9.62962963,0,15.77777778,62.03703704,56.77777778,5.25925926,12.88888889,,7.5,4.615384615,770.8333333,0,508.6,,-0.037037037,490.7692308,-0.037037037,770.8333333
oregon_state_beavers,56.34615385,23.19230769,0.412750238,0.328705844,19.57692308,6.5,15,11.07692308,0.738461538666667,14.07692308,4.961538462,5.076923077,15.38461538,0.730769231,30.65384615,9.615384615,0.076923077,13.11538462,63.96153846,62.96153846,1.00000000,10,,5,4.44,3631.391304,0.24,1261.92,,0.076923077,1295.923077,0.076923077,3631.391304
umbc_retrievers,54.03846154,19.92307692,0.368797403,0.308957179,13.80769231,4.269230769,13.42307692,10,0.744985673523206,9.615384615,0.923076923,7.730769231,16.69230769,1.153846154,21.15384615,10.96153846,0,14.88461538,54.11538462,65.34615385,-11.23076923,5.269230769,,,4.52,521.84,0,312.6666667,,-0.269230769,276.92,-0.269230769,521.84
mount_st_marys_mountaineers,54.21428571,22.78571429,0.421283621,0.354265567,21.17857143,7.5,14.35714286,10.53571429,0.73383085,11.89285714,2.678571429,7.142857143,16,0.392857143,24.64285714,8.892857143,0.071428571,16.25,63.60714286,60.03571429,3.57142857,13.71428571,,,4.592592593,751.8,0,239.56,,0.035714286,170.4444444,0,751.8
ualbany_great_danes,52.29032258,21.32258065,0.408693318,0.339426509,17.93548387,6.064516129,12.87096774,8.580645161,0.666666666744361,12.87096774,3.64516129,8.161290323,16.64516129,1.451612903,23.41935484,12.25806452,0,13.38709677,57.29032258,48.48387097,8.80645161,14.70967742,,,4.033333333,864.2333333,0,296.5714286,,0.064516129,156.3666667,0,864.2333333
presbyterian_blue_hose,53.03333333,21.66666667,0.410696655,0.303473056,17.36666667,5.1,15.9,11.5,0.7,11.53333333,2.4,6.233333333,19.3,0.666666667,25.03333333,10.7,0,15.06666667,59.93333333,63.16666667,-3.23333334,7.6,,5,3.931034483,526.7307692,0,230.8518519,,-0.1,143.5172414,-0.1,526.7307692
colgate_raiders,54.06666667,20.6,0.381133948,0.296498785,16.66666667,4.8,10.5,7.9,0.8,10.7,2.566666667,5.666666667,16.6,1.066666667,22.73333333,9.466666667,0.133333333,15.66666667,53.9,63.1,-9.2,5.533333333,,,3.965517241,318.5666667,0,235.7586207,,-0.066666667,188.4,-0.066666667,318.5666667
rhode_island_rams,56.5,24.42857143,0.431630364,0.345943176,15.03571429,5.107142857,14.64285714,9.821428571,0.670731707418679,13.85714286,3.035714286,7.857142857,14.35714286,0.785714286,27.53571429,11.75,0.107142857,12.5,63.78571429,52.46428571,11.32142858,18.17857143,,,4.259259259,1084.37037,0,382.7037037,,0.035714286,454.5384615,0,1084.37037
fordham_rams,60.21428571,23.35714286,0.390661472,0.301496616,22.60714286,6.857142857,11.85714286,8.535714286,0.719879517922921,13.71428571,2.464285714,7.428571429,13.21428571,0.714285714,22.82142857,12.10714286,0.035714286,15.03571429,62.10714286,57.53571429,4.57142857,13.32142857,,5,4.259259259,784.173913,-0.111111111,485.3333333,,0.107142857,462.8928571,-0.111111111,784.173913
vcu_rams,59.50920674,24.32834963,0.409400931,0.310982568,18.9700306,5.953682406,16.26662121,11.48199816,0.70586252,13.39864259,3.372547211,7.890015527,15.45109549,0.637311879,25.62375495,11.67081188,0.103808941,16.31907674,66.09200448,63.67127292,2.42073156,12.97933103,,5.697748728,4.211003187,1716.888427,-0.02738311,476.7169502,,0.026450607,377.2253163,-0.02738311,1716.888427
charleston_southern_buccaneers,52.85714286,18.75,0.358133529,0.264917042,18.71428571,5,11.57142857,7.035714286,0.608024691457781,10.42857143,3.428571429,6.464285714,21.57142857,1.142857143,24.53571429,8.107142857,0,17.21428571,49.53571429,72.10714286,-22.57142857,3.5,,,4.148148148,445.5185185,0,318.1851852,,0,213.8571429,0,445.5185185
american_university_eagles,53.61290323,22.61290323,0.425683953,0.27510599,15.09677419,4.129032258,15,10.67741935,0.711827956666667,14.22580645,2.387096774,8.419354839,15.64516129,0.935483871,23.4516129,8.419354839,0,15.32258065,60.03225806,56.03225806,4.00000000,10.74193548,,5,4.133333333,522.7,0,305.6666667,,0.129032258,175.0645161,0,522.7
uconn_huskies,60.06666667,29.4,0.491341331,0.337706786,20.5,7,12.86666667,8.966666667,0.69689119155521,18.83333333,4.733333333,9.3,14.13333333,0.566666667,27.76666667,10.9,0.033333333,13.56666667,74.76666667,54.16666667,20.60000000,26.73333333,,,3.896551724,5937.518519,-0.2,925.1724138,,0.066666667,637.8666667,-0.2,5937.518519
massachusetts_minutewomen,62.21875,27.28125,0.440574561,0.324383077,18.5,6.03125,16.09375,10.9375,0.679611650485437,14.5625,2.6875,7.71875,13.46875,0.375,26.65625,13.875,0.03125,14.625,71.53125,60.78125,10.75000,15.75,,5,3.774193548,709.6451613,0.032258065,436.7419355,,0.0625,404.1875,0.03125,709.6451613
furman_paladins,61.18518519,23,0.374326917,0.296668522,20.2962963,6.148148148,17.92592593,13.44444444,0.75000000,13.18518519,2.222222222,6.814814815,15.51851852,0.777777778,26.2962963,15.81481481,0.111111111,14.92592593,65.59259259,60.88888889,4.70370370,15.07407407,,5,4.384615385,695.2916667,-0.12,331.2727273,,-0.037037037,392.28,-0.12,695.2916667
unc_asheville_bulldogs,59.90625,23.28125,0.389799305,0.26904596,18.6875,4.90625,15.03125,10.0625,0.669438669438669,10.71875,1.09375,7.4375,15.25,0.53125,24.28125,11.0625,0.15625,17.21875,61.53125,66.40625,-4.87500,8.84375,,5,3.741935484,512.4074074,0,222.7407407,,-0.15625,139.9,-0.15625,512.4074074
robert_morris_colonials,54.71428571,20.60714286,0.378171026,0.297142948,18.92857143,5.607142857,11.53571429,7.5,0.650154798520066,10.67857143,2.035714286,8.321428571,15.25,1.071428571,21.42857143,9.357142857,0.071428571,17.07142857,54.32142857,58.60714286,-4.28571429,9.607142857,,,4.222222222,492.7407407,0,342.2962963,,0,240.4285714,0,492.7407407
purdue_fort_wayne_mastodons,57.21428571,21.82142857,0.380529819,0.325388235,25.5,8.285714286,10.03571429,8.214285714,0.818505337700282,12.67857143,2.607142857,6.75,16.07142857,0.714285714,22.64285714,9.285714286,0.071428571,15.96428571,60.14285714,65.75,-5.60714286,9.785714286,,,4.148148148,638.4166667,0,278.2083333,,-0.071428571,177.5384615,-0.071428571,638.4166667
south_carolina_state_lady_bulldogs,56.8,17.93333333,0.318815385,0.238577646,20.6,4.866666667,14.13333333,8.666666667,0.613207547338021,8.733333333,4.8,5.333333333,22.86666667,1.333333333,26.86666667,10.66666667,0,16.6,49.4,75.53333333,-26.13333333,2.785714286,,,8.642857143,1020.230769,0,327.7142857,,-0.733333333,568.7333333,-0.733333333,1020.230769
eastern_kentucky_colonels,60.51612903,23.41935484,0.385529907,0.285793408,16.77419355,4.870967742,20.67741935,15.29032258,0.73946958,12.09677419,3.935483871,9.161290323,17.67741935,0.387096774,25.41935484,13.25806452,0.225806452,17.58064516,67,66.64516129,0.35483871,10.87096774,,8.333333333,3.833333333,836.1851852,0,416.0434783,,-0.161290323,268.8518519,-0.161290323,836.1851852
liberty_flames,56.26666667,25.6,0.455732937,0.312519212,17.63333333,5.6,15.06666667,10.2,0.676991150292701,16.36666667,3.8,5.8,15.43333333,0.766666667,29.03333333,13.03333333,0.033333333,16.5,67,51.8,15.2,21.5,,5,4.034482759,712.9259259,0.038461538,445.0833333,,0.133333333,435.4814815,0.033333333,712.9259259
houston_cougars,61.22580645,23.4516129,0.381334114,0.296488926,18.90322581,5.774193548,16.12903226,10.51612903,0.65200000,12.87096774,4.677419355,10.19354839,15.61290323,0.612903226,23.61290323,13.51612903,0.096774194,17.58064516,63.19354839,61.06451613,2.12903226,11.67741935,,5,4,780.5,-0.161290323,670.3333333,,0.032258065,503.516129,-0.161290323,780.5
sacred_heart_pioneers,56.12,21.12,0.376801024,0.284742371,16.56,5,15.68,10.8,0.688775510204082,10.16,2.44,6.52,16.52,0.64,24.32,10.04,0.04,20.16,58.04,63.92,-5.88,7.28,,5,4.875,399.7391304,0,130.2916667,,-0.04,90.36,,
central_connecticut_blue_devils,59.11538462,21.57692308,0.366482026,0.312929012,21.84615385,6.692307692,12.46153846,8.461538462,0.679012345799878,10.23076923,3.923076923,6.192307692,15.84615385,0.615384615,23,11.19230769,0.192307692,16.88461538,58.30769231,67.69230769,-9.38461538,6.153846154,,,4.64,428.0909091,0,146.2,,-0.153846154,111.6923077,-0.153846154,428.0909091
pennsylvania_quakers,61.68,23.48,0.377832414,0.301655234,22.6,6.92,15.24,10.92,0.72,13,4.04,8.12,14.64,0.28,27.08,13.64,0,14.96,64.8,59.92,4.88,15.56,,5,4.583333333,366.1363636,-0.217391304,552.6,,-0.04,456.173913,-0.217391304,552.6
blackburn_beavers,54,16,0.296296296,0.2,30,6,18,14,0.777777777777778,5,0,14,34,0,20,7,0,18,52,114,-62,0,TRUE,NA,NA,NA,NA,NA,away,0,NA,0,114
stanford_cardinal,61.67741935,27.70967742,0.45104649,0.358443544,20.41935484,7.225806452,16.35483871,11.12903226,0.68047337,15.12903226,5.967741935,8.612903226,13,0.580645161,28.16129032,13.35483871,0,15.96774194,73.77419355,56.87096774,16.90322581,21.48387097,,,3.833333333,3657.2,-0.1,813.6,,0.161290323,955.4193548,-0.1,3657.2
florida_international_panthers,58.33333333,22.7,0.392899807,0.292950988,21.73333333,6.333333333,17.1,12.26666667,0.717348928070175,11.4,2.5,9.533333333,16.96666667,1.033333333,21.66666667,12.2,0,20,64,62.3,1.7,10.8,,5,4.137931034,681.6190476,0,656.0416667,,0.066666667,536.3703704,0,681.6190476
norfolk_state_spartans,58.96153846,21.96153846,0.373179652,0.253847221,18.61538462,4.846153846,17.84615385,12.19230769,0.68318965,10.84615385,4.269230769,12.30769231,17.15384615,0.538461539,22.84615385,13.61538462,0.692307692,19.42307692,60.96153846,55.84615385,5.11538461,14.69230769,,,4.92,903.1578947,0,159.8333333,,-0.076923077,136.08,-0.076923077,903.1578947
bucknell_bison,56.53125,23.34375,0.415104927,0.327599415,15.8125,5.3125,14.65625,10.4375,0.712153518123667,13.125,3.34375,7.28125,12,0.46875,26.5,8.34375,0.0625,13.53125,62.4375,54.46875,7.96875,15.375,,5,3.967741935,602.21875,0,226.6774194,,-0.03125,159.1875,-0.03125,602.21875
saint_josephs_hawks,53.13333333,21.23333333,0.399376305,0.320638513,17.4,5.7,14.03333333,10.1,0.7197149645415,13.73333333,3,6.3,15.36666667,0.933333333,22.93333333,10.46666667,0.033333333,14.73333333,58.26666667,59.96666667,-1.70000000,9.133333333,,,4,653.0869565,-0.103448276,378.1034483,,0,342.8666667,-0.103448276,653.0869565
oregon_ducks,55.75,27.5,0.492994506,0.374015087,20,7.25,15,10.75,0.716666666666667,17,3.75,7,11,0.5,27,11.5,0,13.5,73,51.75,21.25,24.75,,,4.25,5502,0,486.75,,0.5,138,0,5502
saint_louis_billikens,60,23.2962963,0.388600895,0.266440539,15.62962963,4,12.96296296,9.222222222,0.711428571574041,11.88888889,4.481481481,6.925925926,14.85185185,0.777777778,27.81481481,11.37037037,0,12.85185185,59.81481481,64.07407407,-4.25925926,8.296296296,,5,4.346153846,596.3461538,0.038461538,804.6153846,,-0.074074074,656.5925926,-0.074074074,804.6153846
central_arkansas_sugar_bears,53.75,20.25,0.378106071,0.235886237,8.357142857,2.071428571,16.35714286,11.32142857,0.69213974,10.25,2.178571429,6.535714286,18.28571429,1.321428571,25.28571429,12,0.071428571,17.07142857,53.89285714,62,-8.10714286,9.857142857,,5,4.185185185,727.2083333,0,333.2380952,,-0.071428571,354.84,-0.071428571,727.2083333
lipscomb_bisons,56.13333333,21.83333333,0.388627904,0.323360114,22.73333333,7.2,12.16666667,8.7,0.715068492954776,10.76666667,3.266666667,5.033333333,15.5,0.833333333,26.93333333,8.433333333,0.166666667,17.53333333,59.56666667,65.56666667,-6.00000000,8.866666667,,5,3.896551724,644.8333333,0,495.1818182,,-0.133333333,491.3076923,-0.133333333,644.8333333
utah_utes,60.12903226,26.03225806,0.430464089,0.346592595,26.61290323,9.387096774,18.64516129,14.58064516,0.78200692,15.25806452,2.806451613,6.838709677,14.83870968,0.903225807,25.58064516,13.35483871,0.322580645,16.58064516,76.03225806,67.87096774,8.16129032,17.77419355,,5,3.866666667,2560.275862,-0.142857143,677.5666667,,0.161290323,1422.285714,-0.142857143,2560.275862
north_alabama_lions,57.86206897,23.79310345,0.40823914,0.331951854,28.55172414,9.75862069,15.34482759,11.51724138,0.75056180,15.31034483,4.379310345,6.827586207,16.03448276,0.896551724,26.17241379,8.793103448,0.206896552,17.03448276,68.86206897,68.37931034,0.48275863,13.27586207,,6.666666667,4.178571429,889,0,388.7826087,,-0.034482759,428.6923077,-0.034482759,889
warner_university_royals,50.66666667,15.66666667,0.306466598,0.291316527,16,4.666666667,15.66666667,10.66666667,0.68085106,7.333333333,2,3.333333333,26,1.666666667,23.66666667,8.666666667,0,12,46.66666667,85.33333333,-38.66666666,2.666666667,,,,,,,,0,,0,85.33333333
hendrix_college_warriors,62.5,14.5,0.229155944,0.240740741,27,6.5,11,6,0.545454545454545,8,0.5,5,16.5,0,22,11.5,0,12,41.5,85.5,-44.0,1.5,,,,,,,,0,,0,85.5
loyola_maryland_greyhounds,52.31034483,20.27586207,0.388352488,0.305240371,13.27586207,4.068965517,12.48275862,9.137931034,0.732044198896798,11.20689655,0.862068966,6.586206897,16.27586207,1.379310345,22.34482759,10.13793103,0.034482759,15.82758621,53.75862069,61.5862069,-7.82758621,5.172413793,,5,4.142857143,334,0,221,,-0.034482759,148.8275862,-0.034482759,334
st_bonaventure_bonnies,54.60714286,21.42857143,0.3946651,0.277754893,16.28571429,4.678571429,15.46428571,10.78571429,0.69745958,9.035714286,3.714285714,5.928571429,14.92857143,0.785714286,25.28571429,8.714285714,0.071428571,15.03571429,58.32142857,62.32142857,-4.00000000,7.5,,5,4.185185185,436.8461538,0,380,,0.071428571,223.1851852,0,436.8461538
alabama_state_lady_hornets,59,22.82758621,0.386691456,0.293374494,14.72413793,4.379310345,20.20689655,14,0.692832764564235,13.75862069,4,7.068965517,20.44827586,1.172413793,25.82758621,14.13793103,0.24137931,20.96551724,64.03448276,68.48275862,-4.44827586,11.17241379,,5,4.392857143,1073.038462,0,365.5769231,,-0.172413793,289.1428571,-0.172413793,1073.038462
cincinnati_bearcats,57.14285714,21.39285714,0.3742055,0.297122769,16.10714286,4.785714286,16.92857143,12.21428571,0.72151899,14.28571429,4.857142857,8.142857143,17.60714286,0.821428571,24.25,11.10714286,0.107142857,19.60714286,59.78571429,66.21428571,-6.42857142,7.857142857,,10,4.333333333,1120.84,0,734.0740741,,0.178571429,430.8928571,0,1120.84
trinity_baptist_eagles,44,8,0.181818182,0.2,15,3,22,12,0.545454545454545,4,1,5,37,3,16,8,0,19,31,126,-95,0,TRUE,NA,NA,NA,NA,NA,away,0,NA,0,126
shorter_hawks,66.5,16.5,0.248412698,0.142857143,16,3,13.5,11.5,0.9,4,2,5,13,0,24,13,0,18,47.5,74.5,-27.0,5.5,,,,,,,,0,,0,74.5
webber_international_warriors,59,17.5,0.29224537,0.156417112,19.5,3,19,12.5,0.657894736842105,5,3.5,9,23,0,21.5,8.5,0,18.5,50.5,80.5,-30.0,2.5,,,,,,,,0,,0,80.5
alcorn_state_lady_braves,53.71428571,17.71428571,0.32769089,0.306420857,20.07142857,5.928571429,15,9.571428571,0.638095238066667,9.214285714,1.571428571,6.714285714,20.5,0.857142857,19.78571429,9.214285714,0.357142857,22.92857143,50.92857143,78.78571429,-27.85714286,3.357142857,,,,1800.076923,0,459.6923077,,-0.714285714,374.2857143,-0.714285714,1800.076923
tennessee_tech_golden_eagles,53.4,22.73333333,0.426527011,0.317671043,18.6,5.866666667,20.7,14.56666667,0.703703703864734,14.26666667,3.466666667,6.733333333,15,0.8,24.4,12.03333333,0,14.63333333,65.9,61,4.9,13.6,,5,4,1031.5,0.071428571,400.6153846,,-0.066666667,328.9642857,-0.066666667,1031.5
florida_gulf_coast_eagles,63.5862069,27.89655172,0.438371712,0.329568477,36.17241379,11.93103448,15.37931034,10.13793103,0.65919283,17.68965517,3.275862069,10.37931034,11.27586207,0.793103448,25.5862069,9.275862069,0,15.20689655,77.86206897,56.89655172,20.96551725,25.24137931,,,4.392857143,1251.730769,0,622.7916667,,0.137931035,453.8461538,0,1251.730769
northern_kentucky_norse,59.03448276,24.27586207,0.411716933,0.305077049,20.86206897,6.551724138,15.79310345,11.03448276,0.69868996,12.34482759,3.931034483,8.275862069,14.82758621,0.689655172,26.24137931,11.79310345,0,14.13793103,66.13793103,59.13793103,7.00000000,14.62068966,,5,4.035714286,622.5714286,0,338.5,,-0.137931035,238.3214286,-0.137931035,622.5714286
life_university_running_eagles,57.5,18,0.311363636,0.262443439,15,4,21.5,13,0.604651162790698,6,2,3.5,18.5,1.5,30.5,11,0,15.5,53,70.5,-17.5,0.5,,,,,,,,0,,0,70.5
morehead_state_eagles,55.5,19.78571429,0.354661515,0.250057283,21.17857143,5.321428571,11.21428571,7.607142857,0.678343949291087,9.75,3.25,6.892857143,17.21428571,0.785714286,21.89285714,9.607142857,0.071428571,17.10714286,52.5,72.92857143,-20.42857143,3.75,,,4.037037037,749.0740741,0,330.28,,-0.107142857,257.3703704,-0.107142857,749.0740741
tennessee_state_lady_tigers,60,24.13333333,0.402725606,0.263690501,15.2,3.8,15.76666667,11.23333333,0.71247357,11.66666667,3.4,12.1,19.33333333,0.733333333,20.3,11.96666667,0.233333333,20.33333333,63.3,69.03333333,-5.73333333,8.366666667,,5,3.827586207,639.3571429,0,324.4137931,,-0.133333333,190.6666667,-0.133333333,639.3571429
austin_peay_governors,52.76666667,24.06666667,0.460394792,0.376226188,16.86666667,6.266666667,17.53333333,11.66666667,0.66539924,13.63333333,2.133333333,7.233333333,16.2,0.966666667,24.46666667,9.866666667,0.133333333,17.7,66.06666667,59.5,6.56666667,15.56666667,,5,3.965517241,694.125,0.071428571,263.68,,-0.066666667,224.2142857,-0.066666667,694.125
freed_hardeman_lions,58,29,0.5,0.363636364,11,4,15,9,0.6,11,2,10,13,2,22,10,0,11,71,62,9,10,TRUE,NA,NA,NA,NA,NA,away,0,NA,0,71
oakwood_ambassadors,50,8,0.16,0.125,8,1,29,15,0.517241379310345,2,1,11,23,1,17,9,0,24,32,101,-69,0,TRUE,NA,NA,NA,NA,NA,away,0,NA,0,101
middle_tennessee_blue_raiders,60.3,24.23333333,0.403496324,0.332800293,29.7,9.8,13.06666667,9.766666667,0.747448979426671,12.66666667,3.8,8.966666667,13.03333333,0.8,25.16666667,10.73333333,0.033333333,18.23333333,68.03333333,56.96666667,11.06666666,17.86666667,,5,4.206896552,1993.346154,0.066666667,527.4137931,,0,449.5,0,1993.346154
tulsa_golden_hurricane,60.34615385,25.15384615,0.416649108,0.364872199,23.69230769,8.5,12.88461538,9.653846154,0.749253731623613,15.30769231,3.461538462,8.615384615,12.26923077,0.5,23.42307692,10,0.153846154,16.30769231,68.46153846,63.65384615,4.80769231,16.53846154,,5,4.68,1113.782609,0.04,647.3043478,,0.115384615,492.8,0.04,1113.782609
murray_state_racers,55.06666667,26.16666667,0.479025254,0.368849804,15.2,5.366666667,19.7,15.76666667,0.80033840964467,15.43333333,2.3,5.133333333,14.66666667,0.9,29.36666667,10.63333333,0,11.33333333,73.46666667,62.1,11.36666667,18.73333333,,5,3.965517241,811.962963,0,261.8846154,,-0.066666667,160.2857143,-0.066666667,811.962963
chattanooga_mocs,56,21.55172414,0.387377162,0.288479585,20.48275862,5.896551724,16.06896552,11.55172414,0.71888412,12,2.620689655,5.724137931,16.48275862,0.827586207,24.86206897,9.034482759,0,16.55172414,60.55172414,68.75862069,-8.20689655,6.379310345,,6.666666667,4.071428571,1121.785714,0,185.7857143,,0,120,0,1121.785714
grand_canyon_lopes,60.03333333,23.26666667,0.383885071,0.307740485,18.6,5.7,17.33333333,12.16666667,0.70192308,11.73333333,2.533333333,12.46666667,16.8,0.7,21.86666667,13.73333333,0.066666667,20.4,64.4,60.16666667,4.23333333,13.36666667,,5,4.206896552,522.3076923,-0.04,900.5769231,,0,602,-0.04,900.5769231
tennessee_wesleyan_bulldogs,53,15,0.287504476,0.185064935,21.5,4,9,5,0.555555555555556,6,2.5,5.5,16,2,19,3.5,0,11,39,85,-46,0,,,,,,,,0,,0,85
ut_rio_grande_valley_vaqueros,57.18181818,22.09090909,0.387444021,0.297096855,24.60606061,7.393939394,13.27272727,9.303030303,0.700913242150873,13.66666667,2.727272727,8.03030303,18.21212121,0.606060606,25.03030303,11.21212121,0.060606061,18.15151515,60.87878788,65.42424242,-4.54545454,7.757575758,,5,3.78125,637.1034483,-0.15625,845.125,,0,675.0606061,-0.15625,845.125
spalding_pelicans,52,17,0.326923077,0.294117647,17,5,12,9,0.75,9,2,4,21,1,12,11,0,7,48,105,-57,2,TRUE,NA,NA,NA,NA,NA,away,0,NA,0,105
western_kentucky_lady_toppers,60.17241379,24.93103448,0.4150572,0.306153784,24.27586207,7.517241379,20.62068966,13.48275862,0.65384615,14.13793103,2.551724138,9.689655172,18.62068966,0.896551724,24.31034483,13.79310345,0,18.55172414,70.86206897,69.86206897,1.00000000,11.17241379,,6.25,4.25,874.7307692,-0.037037037,570,,0.034482759,414.8214286,-0.037037037,874.7307692
eastern_illinois_panthers,59.17647955,24.09772905,0.407697121,0.309700621,19.12178929,5.979877675,16.12394249,11.37790184,0.70565259,13.29337795,3.337271932,7.881159804,15.55866867,0.665156817,25.45696656,11.58167395,0.101025613,16.40016037,65.5529363,63.60435381,1.94858249,12.81352956,,5.6725619,4.205618471,1596.389738,-0.026368129,473.3986381,,0.016201198,380.0335883,-0.026368129,1596.389738
jarvis_christian_bulldogs,52.66666667,17,0.323915415,0.256944444,19.33333333,4.666666667,27,17.33333333,0.641975308518519,7,2,4,20.66666667,0.333333333,25.33333333,10.33333333,0,23,56,84.66666667,-28.66666667,2.666666667,,,,,,,,0,,0,84.66666667
campbellsville_harrodsburg_pioneers,64,20,0.3125,0.176470588,17,3,24,20,0.833333333333333,3,3,16,23,1,25,14,0,22,63,82,-19,5,TRUE,NA,NA,NA,NA,NA,away,0,NA,0,82
jacksonville_state_gamecocks,62.48275862,24.68965517,0.395576612,0.292289952,21.24137931,6.344827586,16.82758621,11.65517241,0.69262295,10.48275862,1,6.896551724,11.89655172,0.517241379,26.27586207,12.65517241,0.034482759,15.89655172,67.37931034,58.27586207,9.10344827,15.68965517,,,4.392857143,652.8461538,0.04,425.68,,-0.034482759,267.6666667,-0.034482759,652.8461538
stetson_hatters,56.51612903,23.48387097,0.412543326,0.283934271,16.83870968,4.806451613,17.67741935,12.19354839,0.68978102,12.48387097,1.741935484,9.161290323,16.87096774,0.677419355,27.29032258,10.90322581,0,15.51612903,63.96774194,56.5483871,7.41935484,16.4516129,,,4,589.24,-0.111111111,532.0740741,,-0.064516129,458.9310345,-0.111111111,589.24
maine_black_bears,56.22580645,23,0.409528936,0.29351229,20.83870968,6.096774194,9.935483871,6.709677419,0.675324675,14.48387097,2.709677419,8.709677419,13.35483871,0.677419355,23.35483871,9.193548387,0.032258065,15.41935484,58.80645161,56.35483871,2.45161290,12.80645161,,6.666666667,4.066666667,984.7333333,0,342.2,,0.064516129,289.9677419,0,984.7333333
stony_brook_seawolves,59.5,24.92857143,0.419022976,0.304983401,17.39285714,5.357142857,16.96428571,12.85714286,0.75789474,13.14285714,3.178571429,7.357142857,14.89285714,0.607142857,27,12.46428571,0.071428571,14.32142857,68.07142857,56.5,11.57142857,16.89285714,,,4.037037037,567.3333333,0,239.5925926,,0,122.75,0,567.3333333
binghamton_bearcats,55.82142857,22.17857143,0.399470469,0.292373944,17.28571429,5.035714286,12.25,8.964285714,0.731778425632653,12.5,3.035714286,6.857142857,15.89285714,0.392857143,25.42857143,8.714285714,0.071428571,15.78571429,58.35714286,58.21428571,0.14285715,11.07142857,,5,4.296296296,872.8461538,0,311.3913043,,0.035714286,215.3846154,0,872.8461538
siena_saints,58.51724138,21.75862069,0.375482501,0.292496901,16.31034483,4.586206897,15.24137931,9.862068966,0.647058823575725,10.31034483,2.896551724,8.965517241,18.24137931,0.75862069,23.86206897,13.44827586,0.103448276,18.82758621,57.96551724,60.20689655,-2.24137931,7.655172414,,,4.321428571,498.4074074,0,154.25,,-0.068965517,135.137931,-0.068965517,498.4074074
delaware_state_hornets,49.27272727,16.72727273,0.34304317,0.233655159,13.04545455,2.954545455,15.36363636,10.04545455,0.65384615,7.772727273,1.5,4.363636364,22.22727273,1.818181818,24.59090909,9.318181818,0.227272727,12.54545455,46.45454545,76.45454545,-30.00000000,2.136363636,,5,5.714285714,493,0,246.7619048,,-0.136363636,157.5454545,-0.136363636,493
gettysburg_bullets,50,12,0.24,0.111111111,18,2,13,7,0.538461538461538,6,3,5,22,0,24,8,0,26,33,79,-46,0,TRUE,NA,NA,NA,NA,NA,away,0,NA,0,79
wagner_seahawks,56.86206897,22.79310345,0.404823862,0.301512151,12.96551724,3.931034483,16.24137931,11.06896552,0.68152866,13.20689655,3.344827586,9.034482759,16.34482759,0.482758621,22.82758621,11.5862069,0.206896552,18.31034483,60.5862069,58.20689655,2.37931035,11.75862069,,,4.321428571,418.5517241,0,138.1428571,,-0.034482759,77.89655172,-0.034482759,418.5517241
longwood_lancers,62.0625,25.96875,0.420367583,0.301264404,21.4375,6.65625,17.25,12.9375,0.75,14.21875,4.875,10.34375,17.125,0.625,24.40625,12.15625,0.03125,18,71.53125,67.21875,4.31250,15.5625,,,3.774193548,1103.826087,0,335.4193548,,-0.09375,336.0625,-0.09375,1103.826087
marquette_golden_eagles,60.67741935,26.22580645,0.431443759,0.311304487,9.935483871,3.35483871,14.03225806,9.709677419,0.691954023185916,17.5483871,3,7.096774194,15.32258065,0.548387097,27.19354839,13.38709677,0,13.22580645,65.51612903,59.03225806,6.48387097,15.25806452,,5,3.9,1344.740741,0.096774194,646.2333333,,0.096774194,525.2258065,0,1344.740741
njit_highlanders,52.06666667,20.86666667,0.403414148,0.290486207,16.2,4.566666667,15.4,10.4,0.7,9.6,4.8,5.033333333,17.8,1.4,25.93333333,9.966666667,0.066666667,16.66666667,56.7,60,-3.3,7.6,,5,4.103448276,540.2333333,0,293.2758621,,-0.133333333,204.7666667,-0.133333333,540.2333333
canisius_golden_griffins,56.03333333,20.56666667,0.368451407,0.321225536,25.33333333,8.1,12.66666667,8.166666667,0.644736841961911,10.13333333,3.4,6.433333333,17.96666667,1.166666667,22.16666667,10.73333333,0.066666667,15.3,57.4,68.8,-11.4,4.733333333,,5,4.172413793,561.28,0,206.137931,,-0.066666667,212.2666667,-0.066666667,561.28
dartmouth_big_green,55.11538462,17.61538462,0.320408355,0.256138765,20.76923077,5.346153846,10.11538462,6.423076923,0.634980988295826,9.153846154,2.192307692,6.384615385,18.34615385,0.961538462,24.15384615,11.26923077,0.038461538,15.73076923,47,65.03846154,-18.03846154,3.730769231,,5,4.6,306.125,0,416.76,,-0.153846154,354.0769231,-0.153846154,416.76
st_johns_red_storm,61.48387097,26.48387097,0.430087932,0.331884789,23.67741935,8.032258065,14.58064516,11.03225806,0.75663717,14.5483871,3.64516129,5.580645161,14.5483871,0.483870968,25.25806452,9.225806452,0.064516129,13.32258065,72.03225806,73.70967742,-1.67741936,10.51612903,,5,3.833333333,910.6538462,0.129032258,522.6333333,,0,415.7419355,0,910.6538462
umass_lowell_river_hawks,53.42307692,20.46153846,0.385335356,0.33234737,15.73076923,5.307692308,14.34615385,9.730769231,0.67828418213987,10.38461538,2.769230769,7.307692308,18.11538462,1,22.15384615,11,0.423076923,17.07692308,55.96153846,60.96153846,-5.00000000,7.538461538,,,4.64,588.44,0,450.16,,-0.115384615,247.9615385,-0.115384615,588.44
new_hampshire_wildcats,53.39285714,19.35714286,0.364586934,0.227415708,14.64285714,3.428571429,16.21428571,10.82142857,0.66740088,10.21428571,1.714285714,8.75,17.25,1.071428571,20.42857143,12.07142857,0.071428571,17.64285714,52.96428571,60.75,-7.78571429,6.785714286,,5,4.296296296,635.2962963,0,270.48,,-0.035714286,174.962963,-0.035714286,635.2962963
florida_am_rattlers,56.30434783,18.95652174,0.338552353,0.270106341,18.52173913,4.826086957,16.17391304,10.73913043,0.66397849,9.608695652,1.260869565,6.260869565,21,1.695652174,23.82608696,12.82608696,0,17.95652174,53.47826087,73.7826087,-20.30434783,3.173913043,,,5.181818182,802,0,451.35,,-0.217391304,403.9090909,-0.217391304,802
iona_gaels,53.46153846,22.11538462,0.413786727,0.288097608,18.61538462,5.423076923,10.46153846,6.461538462,0.617647058958478,13.88461538,2.538461538,7.692307692,17.73076923,0.538461539,23.03846154,8.692307692,0,15.34615385,56.11538462,58.38461538,-2.26923076,8.846153846,,5,4.8,523.7916667,0,113.64,,0.076923077,,0,523.7916667
merrimack_warriors,59.61538462,24.30769231,0.410047085,0.325410248,19.53846154,6.5,14.46153846,9.038461538,0.625000000034574,13.46153846,1.923076923,6.615384615,17.19230769,1.038461538,24.46153846,11.42307692,0.076923077,16,64.15384615,70.57692308,-6.42307693,8.884615385,,7.5,4.56,704.48,0,284,,-0.076923077,351.4285714,-0.076923077,704.48
yale_bulldogs,59.01731568,23.96376599,0.406463911,0.308467738,19.04247733,5.933408901,16.02500493,11.28721697,0.70435030,13.19614475,3.298296473,7.83974104,15.65947946,0.680909813,25.3955067,11.55772186,0.099397399,16.37660502,65.14787931,63.55607898,1.59180033,12.61137664,,5.655144948,4.214280214,1528.446022,-0.023650367,463.1243969,,0.010394105,371.4751202,-0.023650367,1528.446022
fisher_college_eagles,57.36474625,23.46228097,0.410099241,0.307325198,19.06544116,5.952161941,13.64936062,8.929072325,0.654175134908261,13.51409953,2.586611645,7.382477783,16.86085213,0.752610963,24.29850223,10.55770216,0.058773492,15.90758629,61.80570336,64.17253915,-2.36683579,10.11404862,,,,,,,,0.003464702,,0.003464702,64.17253915
mansfield_mountaineers,51,13,0.254901961,0.153846154,13,2,28,17,0.607142857142857,4,1,8,25,2,16,10,0,18,45,104,-59,0,TRUE,NA,NA,NA,NA,NA,away,0,NA,0,104
army_black_knights,61.72413793,23.24137931,0.380304835,0.293969514,23.51724138,6.862068966,14.96551724,10.13793103,0.67741935,11.20689655,2.413793103,6.620689655,17.24137931,0.75862069,26.20689655,14.68965517,0,16.13793103,63.48275862,63.93103448,-0.44827586,9.103448276,,7.5,4.071428571,532.48,0,168.3846154,,-0.068965517,109.3214286,-0.068965517,532.48
saint_peters_peacocks,57.48387097,20.87096774,0.365334386,0.27185459,17.61290323,4.580645161,17.87096774,12.67741935,0.70938628,11.41935484,2.290322581,8.806451613,19.51612903,0.870967742,25.77419355,13.80645161,0.161290323,18.29032258,59,60.83870968,-1.83870968,8.516129032,,5,4,372,0,101.7,,-0.032258065,76.25806452,-0.032258065,372
princeton_tigers,62.11111111,25.7037037,0.416431824,0.357967634,17.92592593,6.296296296,15,11.18518519,0.745679012666667,13.77777778,2.666666667,10.25925926,13.2962963,0.666666667,25.92592593,13.74074074,0,15.96296296,68.88888889,51.2962963,17.59259259,23.33333333,,5,4.692307692,716.8846154,0,262.6923077,,0.037037037,164.9259259,0,716.8846154
rider_broncs,54.1,21.26666667,0.394019624,0.316801896,19.8,6.266666667,13.1,9.466666667,0.722646310458015,12.5,4.433333333,8.366666667,17,1.133333333,24,8.433333333,0.066666667,15.2,58.26666667,63.7,-5.43333333,8.1,,5,4.034482759,580.0344828,0,152.4137931,,-0.066666667,124.7333333,-0.066666667,580.0344828
lehigh_mountain_hawks,62.26666667,25.5,0.408534087,0.317403094,29.23333333,9.433333333,11.53333333,8.566666667,0.742774566717565,15.4,4.366666667,7.033333333,13.76666667,0.533333333,29.13333333,10,0,12.2,69,60.13333333,8.86666667,16.3,,,4.068965517,513.0740741,0,172.6428571,,0.033333333,96.20689655,0,513.0740741
pittsburgh_johnstown_mountain_cats,58,20,0.344827586,0.2,15,3,17,8,0.470588235294118,8,1,9,16,1,19,13,0,21,51,62,-11,2,TRUE,NA,NA,NA,NA,NA,away,0,NA,0,62
st_francis_brooklyn_terriers,58.62962963,23.77777778,0.406998308,0.318017791,20.44444444,6.444444444,14.48148148,10.7037037,0.739130434602469,14.22222222,2.259259259,7.740740741,14.33333333,0.444444444,23.11111111,9.703703704,0,14.18518519,64.7037037,61.85185185,2.85185185,11.22222222,,5,4.538461538,339.1666667,0,176.5416667,,0,103.5769231,0,339.1666667
vermont_catamounts,55.53333333,23.3,0.419620329,0.321796531,17.6,5.633333333,13.23333333,9.733333333,0.735516372956049,14.16666667,4.266666667,7.233333333,14.1,0.833333333,24.1,9.6,0,13.93333333,61.96666667,55,6.96666667,15.3,,5,4.103448276,597.8333333,0,255.6896552,,0.1,163.5333333,0,597.8333333
hartford_hawks,55.53333333,20.2,0.365903826,0.301485948,20.26666667,6.066666667,12.03333333,7.6,0.631578947543374,11.06666667,2.533333333,7,20.63333333,0.866666667,23.66666667,10.7,0.066666667,16.3,54.06666667,71.56666667,-17.50000000,3.6,,5,3.965517241,366.2068966,0,317.9310345,,-0.066666667,259.2,-0.066666667,366.2068966
howard_bison,61.60869565,22.65217391,0.36924172,0.259399388,18.86956522,4.869565217,20.60869565,13.60869565,0.66033755,12,3.652173913,9.47826087,17.17391304,0.304347826,26.30434783,14.47826087,0.086956522,17.86956522,63.7826087,60.7826087,3.0000000,14.43478261,,5,5.590909091,575.5882353,0,215.5454545,,-0.260869565,278.6086957,-0.260869565,575.5882353
brown_bears,57.26923077,21.11538462,0.369654067,0.274823411,22.30769231,6.076923077,12.30769231,8.346153846,0.678124999860352,10.76923077,3.307692308,9.692307692,17.03846154,0.884615385,24.88461538,9.076923077,0,15.26923077,56.65384615,67.30769231,-10.65384616,7.769230769,,,4.64,305.32,0,150,,-0.153846154,128.56,-0.153846154,305.32
marist_red_foxes,56.06896552,19.24137931,0.344051152,0.247284242,18.72413793,4.517241379,14.24137931,9.689655172,0.680387409188387,11,3.482758621,8.413793103,15.51724138,0.862068966,23.82758621,9.620689655,0.068965517,13.13793103,52.68965517,60.27586207,-7.58620690,7.206896552,,5,4.25,1162.444444,0,372.3928571,,0,319.5172414,0,1162.444444
idaho_state_bengals,62.03333333,25.6,0.41045791,0.309733115,20.83333333,6.4,12.06666667,8.966666667,0.743093922474283,15.8,2.766666667,9.166666667,14.26666667,0.466666667,23.56666667,11.8,0.033333333,17.1,66.56666667,63.73333333,2.83333334,13.23333333,,5,4.103448276,1176.923077,-0.148148148,745.04,,-0.1,643.6428571,-0.148148148,1176.923077
la_salle_explorers,59.60714286,22.85714286,0.38736146,0.317115402,26.78571429,8.464285714,15.07142857,11.17857143,0.74170616,14.07142857,2.928571429,9.285714286,14.42857143,0.464285714,22.67857143,11.21428571,0.178571429,16.32142857,65.35714286,63.53571429,1.82142857,10.5,,5,4.222222222,538.48,0,197.4814815,,0.107142857,107.6428571,0,538.48
arizona_state_sun_devils,57.92307692,22.38461538,0.389726366,0.308141599,20.42307692,6.269230769,16.46153846,12.23076923,0.74299065,12.84615385,3.730769231,7.230769231,14.73076923,0.923076923,23.5,13.23076923,0.192307692,17.69230769,63.26923077,59.88461538,3.38461539,11.76923077,,5,4.52,2747.791667,-0.038461538,768.52,,0.192307692,687.6923077,-0.038461538,2747.791667
northern_colorado_bears,53.80645161,21.67741935,0.402560639,0.357599721,20.19354839,7.096774194,15.06451613,11.35483871,0.75374732,12.35483871,2.677419355,7.225806452,17.35483871,1.032258065,26.4516129,11,0,15.22580645,61.96774194,60.80645161,1.16129033,10.80645161,,5,4,976.4642857,0,691.6428571,,-0.096774194,586.8666667,-0.096774194,976.4642857
tennessee_southern_firehawks,67.5,17.5,0.258999122,0.122670808,18.5,2.5,7.5,6.5,0.9,8.5,2.5,5,18.5,1.5,24,18.5,0,12,44,70.5,-26.5,5.5,,,,,,,,0,,0,70.5
navy_midshipmen,57.96774194,20.64516129,0.359461067,0.282185738,18.51612903,5.290322581,12.80645161,8.516129032,0.664987405672163,10.87096774,2.322580645,7.032258065,14.32258065,0.580645161,24,11.16129032,0.129032258,16.03225806,55.09677419,62.74193548,-7.64516129,5,,,4.033333333,553.4333333,0,226.3333333,,0.096774194,132.1612903,0,553.4333333
fairleigh_dickinson_knights,55.66666667,22.1,0.398614113,0.320613488,18.16666667,5.733333333,16.16666667,11.63333333,0.71958763,12.76666667,2.766666667,6.033333333,14.56666667,0.5,26.93333333,10.46666667,0.166666667,15.63333333,61.56666667,56.6,4.96666667,13.46666667,,8.333333333,4.137931034,229.7692308,0,126.9655172,,0.066666667,72.06666667,0,229.7692308
california_golden_bears,60.16666667,24.125,0.3971317,0.332962488,17.45833333,5.75,18.41666667,14.45833333,0.78506787,13.41666667,4.375,8.5,15.16666667,0.625,24.83333333,12.625,0.333333333,18.33333333,68.45833333,66.41666667,2.04166666,13.625,,5,4.913043478,2050.809524,0,536,,0.208333333,330.173913,0,2050.809524
weber_state_wildcats,55.38709677,22.09677419,0.40060248,0.289865087,14.29032258,4.129032258,20.80645161,15.70967742,0.75503876,11.25806452,2.903225806,8.032258065,17.35483871,0.548387097,26.48387097,10.5483871,0.193548387,18.77419355,64.03225806,66.90322581,-2.87096775,9.129032258,,5,3.966666667,645.6551724,0.032258065,566.5,,0.032258065,354.8064516,0.032258065,645.6551724
montana_state_bobcats,63.17647059,24.14705882,0.383592443,0.313269231,22.97058824,7.058823529,18.76470588,14.64705882,0.78056426,12.64705882,2.088235294,9.205882353,11.70588235,0.352941177,24.58823529,12.79411765,0,17.32352941,70,67.82352941,2.17647059,12.76470588,,7.5,3.696969697,1090.5,-0.03125,583.2666667,,-0.058823529,471.46875,-0.058823529,1090.5
portland_state_vikings,58.92857143,21.78571429,0.369309931,0.287150719,21.64285714,6.357142857,11.75,9,0.765957446808511,11.64285714,2.035714286,7.964285714,15.28571429,0.857142857,23.03571429,10.28571429,0,14.96428571,58.92857143,72.25,-13.32142857,6.785714286,,,4.37037037,630.28,0.038461538,850.3333333,,0.035714286,581.6153846,0,850.3333333
north_dakota_fighting_hawks,61.13793103,24.5862069,0.405182617,0.313317221,15.03448276,4.620689655,16.48275862,13,0.788702928903293,12.31034483,3.896551724,6.724137931,14.68965517,0.655172414,27.4137931,11.51724138,0.034482759,16.4137931,66.79310345,68.86206897,-2.06896552,10.24137931,,5,4.178571429,1042.76,0,627.0833333,,-0.137931035,677.3333333,-0.137931035,1042.76
eastern_washington_eagles,61.63333333,21.86666667,0.354312154,0.296376747,22.76666667,6.8,14.93333333,10.46666667,0.70089286,12.1,2.233333333,8.833333333,14,0.3,26.1,11.03333333,0,16.53333333,61,64.5,-3.5,9.766666667,,,4,594.9615385,0,536.96,,0,430,0,594.9615385
northern_arizona_lumberjacks,61.67741935,27.35483871,0.445087184,0.37682645,16.25806452,6.032258065,16.74193548,12.09677419,0.72254335,15.16129032,2.903225806,8,15.06451613,0.225806452,26.12903226,10.74193548,0.193548387,18.03225806,72.83870968,71.03225806,1.80645162,11.09677419,,5,3.966666667,595.9032258,0,500.4666667,,0.032258065,550.9677419,0,595.9032258
utah_tech_trailblazers,58.62068966,24.17241379,0.410046905,0.328411347,30.4137931,10,12.37931034,8.620689655,0.696378830341206,14.20689655,2.75862069,5.586206897,16.44827586,0.862068966,29.96551724,7.206896552,0.034482759,15.48275862,66.96551724,72.31034483,-5.34482759,9.034482759,,10,4.142857143,931.36,0,666.0454545,,-0.034482759,1063.769231,-0.034482759,1063.769231
park_university_gilbert_buccaneers,53,19,0.364265022,0.344426407,13.66666667,4.666666667,13.66666667,7.666666667,0.560975609643664,10.33333333,1,8,31.66666667,0.333333333,23,9.666666667,0,16,50.33333333,99,-48.66666667,3,,,,,,,,0,,0,99
uc_davis_aggies,53.88888889,22.14814815,0.410440716,0.330547252,24.14814815,7.962962963,13.7037037,9.62962963,0.702702702919649,14.59259259,3.407407407,5.62962963,16.18518519,0.481481482,29.25925926,9.259259259,0,14.2962963,61.88888889,58.55555556,3.33333333,13.7037037,,5,4.692307692,922.4761905,0,615.7826087,,0,406.36,0,922.4761905
warner_pacific_knights,57.33333333,20.66666667,0.36013986,0.201674718,22,4.666666667,6.333333333,4.666666667,0.736842105,12.66666667,1,8.333333333,25,1,21.33333333,11.33333333,0,13,50.66666667,82.33333333,-31.66666666,1.333333333,,,,,,,,0,,0,82.33333333
sonoma_st_cossacks,54,20,0.37037037,0.4,20,8,11,5,0.454545454545455,12,2,5,16,0,24,8,0,13,53,76,-23,1,TRUE,NA,NA,NA,NA,NA,away,0,NA,0,76
south_dakota_state_jackrabbits,58.4375,27.90625,0.475326676,0.38670686,20.75,8.125,13.8125,10.1875,0.7376,17.25,4.1875,6.875,12.6875,0.65625,26.84375,10.0625,0,13.78125,74.125,58.0625,16.0625,24.21875,,,3.838709677,2398.103448,0.066666667,458.2413793,,0,390.9354839,0,2398.103448
utep_miners,57.10714286,22.57142857,0.395961773,0.293892678,18.71428571,5.5,20.82142857,14.85714286,0.71355060,11.92857143,1.892857143,7.607142857,16.82142857,0.321428571,22.5,13.46428571,0.071428571,18.07142857,65.5,65.64285714,-0.14285714,10.28571429,,6.25,4.222222222,1015.708333,-0.035714286,770.2592593,,0.071428571,650.9642857,-0.035714286,1015.708333
omaha_mavericks,54.07692308,21.11538462,0.390166385,0.276136619,14.34615385,4.038461538,14.92307692,10.96153846,0.73453608,10.92307692,2.423076923,7.769230769,16.46153846,1.076923077,24.07692308,8.923076923,0.115384615,17.07692308,57.23076923,65,-7.76923077,7.230769231,,5,4.36,1210.52381,0,466.8695652,,-0.115384615,277.68,-0.115384615,1210.52381
hawaii_rainbow_wahine,53.17241379,21.5862069,0.408900499,0.333392358,21.20689655,7.068965517,20.13793103,14.20689655,0.70547945,12.06896552,2.896551724,7.551724138,15.4137931,0.793103448,25.51724138,10.34482759,0.103448276,16.79310345,64.44827586,62.96551724,1.48275862,11.31034483,,,4.392857143,855.6521739,0,1808.321429,,0.137931035,2024.827586,0,2024.827586
north_texas_mean_green,58.77777778,24.33333333,0.415183299,0.30590761,17.37037037,5.333333333,19.92592593,13.2962963,0.667286245402599,11.88888889,3,6.444444444,14.44444444,0.296296296,26.18518519,12.2962963,0.074074074,15.92592593,67.2962963,61.66666667,5.62962963,14,,5,4.692307692,1297.826087,-0.153846154,669.12,,0.074074074,488.6538462,-0.153846154,1297.826087
samford_bulldogs,56.5,23.46428571,0.414158062,0.307792495,18.5,5.607142857,15.75,11.03571429,0.700680272380952,13.10714286,2.142857143,7.892857143,18.89285714,0.928571429,25.5,10.75,0,15.32142857,63.57142857,67.28571429,-3.71428572,10.03703704,,7.5,4.185185185,932.4166667,0.041666667,390.0869565,,-0.071428571,347,-0.071428571,932.4166667
utah_valley_wolverines,55.90322581,23.58064516,0.422133245,0.303344669,18.25806452,5.451612903,13.70967742,10.77419355,0.78588235,15.12903226,2.580645161,5.774193548,15.16129032,0.64516129,27.87096774,10.64516129,0.096774194,15.32258065,63.38709677,60.19354839,3.19354838,13.22580645,,10,4.066666667,774.76,-0.12,637.1851852,,-0.096774194,510.4482759,-0.12,774.76
montana_lady_griz,58.13333333,24.63333333,0.422667656,0.314045982,17.73333333,5.833333333,17.66666667,12.83333333,0.72641509,12.76666667,4.766666667,5.366666667,14.03333333,0.4,30.1,11.1,0.066666667,13.93333333,67.93333333,60.6,7.33333333,14.46666667,,5,4.103448276,1551.37931,-0.034482759,510,,0.066666667,447.8275862,-0.034482759,1551.37931
southern_utah_thunderbirds,61.06666667,25.53333333,0.415451244,0.318572019,17.86666667,5.733333333,18.93333333,13.83333333,0.73063380,13.7,4.766666667,6.566666667,14.8,0.466666667,28.4,13.1,0.166666667,14.53333333,70.63333333,65.76666667,4.86666666,14.9,,5,4.103448276,648.6071429,0,560.52,,-0.1,437.9642857,-0.1,648.6071429
multnomah_university_multnomah,59,23,0.389830509,0.333333333,18,6,13,9,0.692307692307692,14,2,3,14,0,20,7,0,14,61,102,-41,0,TRUE,NA,NA,NA,NA,NA,away,0,NA,0,102
idaho_vandals,63.625,24.4375,0.385591891,0.308244818,27.9375,8.78125,14.375,10.8125,0.752173913043478,14.34375,2.53125,6.03125,12.6875,0.4375,28.375,8.8125,0.03125,14.125,68.46875,70.125,-1.65625,11.40625,,5,3.870967742,751.8275862,-0.032258065,733.1666667,,0,718.7419355,-0.032258065,751.8275862
montana_state_billings_yellowjackets,73,26,0.356164384,0.375,32,12,22,17,0.772727272727273,17,1,9,16,1,34,15,0,24,81,82,-1,7,TRUE,10,NA,NA,NA,NA,away,0,NA,0,82
cal_state_bakersfield_roadrunners,57.32,21.68,0.375259571,0.291911943,19.2,5.6,16.16,12.24,0.76,10.88,2.48,7.2,14.56,0.88,23.56,11.4,0.08,18.4,61.2,65.56,-4.36,8.8,,5,5,566.9047619,0,497.3913043,,0.08,484.2083333,0,566.9047619
tarleton_state_texans,55.53571429,22.60714286,0.405395166,0.30904462,16.71428571,5.178571429,16.17857143,10.92857143,0.67549669,12.75,4.428571429,8.392857143,16.78571429,0.964285714,25.71428571,10.89285714,0.25,15,61.32142857,59.21428571,2.10714286,14.85714286,,5,4.259259259,755.5833333,0,794.0952381,,-0.071428571,962.4615385,-0.071428571,962.4615385
carroll_mt_fighting_saints,56.5,20,0.353144654,0.404210526,22,9,18,14,0.777777777777778,11.5,4.5,4.5,13.5,1.5,26,12,0,15,63,69,-6,8.5,,5,,,,,,0,,0,69
california_baptist_lancers,63.93333333,28.4,0.447928058,0.316000079,28.76666667,8.966666667,15.4,10.53333333,0.683982683766234,19.23333333,4.366666667,9.566666667,14.76666667,0.3,30.5,8.1,0.166666667,17.9,76.3,69.4,6.9,14.53333333,,5,4.206896552,608.6428571,-0.2,852.4482759,,-0.133333333,1081,-0.2,1081
st_thomas_minnesota_tommies,55.28,21.96,0.397551062,0.302482969,18.96,5.56,12.68,8.32,0.66,11.04,2.28,5.64,16.28,1.16,25.68,9.48,0,16.88,57.8,66.96,-9.16,7.76,,7.5,4.5,656.7272727,-0.142857143,712.6363636,,-0.12,914,-0.142857143,914
evergreen_state_geoducks,57,16.5,0.289473684,0.205555556,14,2.5,14,8,0.571428571428571,10,5,5.5,19.5,1,22.5,8.5,0,10.5,43.5,99,-55.5,0,,,,,,,,0,,0,99
sacramento_state_hornets,55.23333333,23.96666667,0.435489685,0.334795802,20.73333333,6.866666667,13.96666667,10,0.71599045328974,13.06666667,2.733333333,5.633333333,13.13333333,0.766666667,24.93333333,9.333333333,0,15.06666667,64.8,65.56666667,-0.76666667,8.966666667,,5,4.068965517,532.9230769,-0.034482759,537.3333333,,-0.066666667,446.8275862,-0.066666667,537.3333333
new_mexico_state_aggies,62.42857143,24.5,0.395156774,0.265726054,14.67857143,3.928571429,17.14285714,11.53571429,0.67291667,11.28571429,2.107142857,8.535714286,15.92857143,0.714285714,23.60714286,14.21428571,0.107142857,20.28571429,64.46428571,64.53571429,-0.07142858,12.32142857,,8.333333333,4.407407407,759.4230769,0.043478261,944.7083333,,0.035714286,735.8846154,0.035714286,944.7083333
seattle_u_redhawks,59.43333333,22.9,0.386275821,0.285521958,21.36666667,6.2,15.8,10.63333333,0.672995780379747,13.26666667,3.266666667,8.9,15.5,0.466666667,25.93333333,11.13333333,0.266666667,17.33333333,62.63333333,65.96666667,-3.33333334,9.6,,5,4.103448276,474.1851852,-0.153846154,1124.192308,,-0.1,1076.285714,-0.153846154,1124.192308
abilene_christian_wildcats,59.1,25.53333333,0.435069189,0.353174519,27.03333333,9.566666667,17.46666667,13.23333333,0.75763359,16.1,1.933333333,7.666666667,14.33333333,0.6,22.6,11.43333333,0.266666667,15.96666667,73.86666667,66.6,7.26666667,16.9,,,4.137931034,622.4347826,-0.086956522,811.4090909,,0.033333333,525.7692308,-0.086956522,811.4090909
simpson_university_ca_red_hawks,65.5,21,0.320979021,0.2375,22,5.5,7.5,5.5,0.7,15,1.5,8,17,0,23,13,0,9,53,87,-34,0,,,,,,,,0,,0,87
kansas_wesleyan_coyotes,58,21,0.362068966,0.266666667,15,4,8,8,1,7,2,9,16,0,22,5,0,10,54,82,-28,0,TRUE,NA,NA,NA,NA,NA,away,0,NA,0,82
gardner_webb_runnin_bulldogs,62.03225806,25.35483871,0.406546821,0.276774979,20.16129032,5.903225806,19.5483871,13.70967742,0.701320131930475,12,4.419354839,8.677419355,15.87096774,0.548387097,24.09677419,11.93548387,0.225806452,19.22580645,70.32258065,69.5483871,0.77419355,12.03225806,,,3.866666667,453.5555556,0,197.4333333,,-0.096774194,130.6774194,-0.096774194,453.5555556
hampton_lady_pirates,57.03571429,21.17857143,0.372667868,0.2708642,12.07142857,3.25,20,12.96428571,0.6482142855,10.39285714,1.928571429,8.714285714,15.42857143,0.785714286,23.21428571,11.28571429,0.107142857,17.67857143,58.57142857,64.14285714,-5.57142857,8.5,,,4.222222222,802.5,0,223.4074074,,-0.071428571,211.5357143,-0.071428571,802.5
uc_riverside_highlanders,58.08,21.44,0.369972208,0.297242524,18.2,5.44,16.6,12.36,0.744578313253012,9.44,2,8.12,13.8,0.56,26.52,9.72,0.04,16.12,60.68,57.56,3.12,12.12,,,5.083333333,433.2941176,0,708.5,,-0.28,547.7391304,-0.28,708.5
westcliff_warriors,65.66666667,18.66666667,0.281073744,0.237037037,14.33333333,3,10.33333333,6.333333333,0.612903225971904,7.666666667,2.666666667,6,15,0.666666667,23,11.33333333,0,10.33333333,46.66666667,94.66666667,-48.00000000,0.666666667,,,,,,,,0,,0,94.66666667
uc_irvine_anteaters,60.96875,23.5625,0.385321503,0.309544162,22.125,6.78125,17.28125,13.125,0.759493670886076,12.25,3.15625,9.40625,13.8125,0.53125,24.6875,13.28125,0,17.21875,67.03125,60.8125,6.21875,13.8125,,5,3.967741935,377.3076923,0,443.7333333,,0.125,268.7096774,0,443.7333333
biola_eagles,56,25,0.446428571,0.25,16,4,7,7,1,9,1,8,21,2,25,5,0,10,61,80,-19,0,TRUE,NA,NA,NA,NA,NA,away,0,NA,0,80
uc_san_diego_tritons,59.66666667,22.40740741,0.375130507,0.312691184,24.85185185,8,11.14814815,8.037037037,0.720930232435061,14.03703704,3.925925926,5.740740741,14.85185185,0.444444444,28.66666667,10.40740741,0,16.33333333,60.85185185,59.96296296,0.88888889,12.2962963,,5,4.384615385,498.8666667,-0.230769231,493.0416667,,0.037037037,752.6153846,-0.230769231,752.6153846
cs_dominguez_hills_toros,53,18,0.339622642,0.333333333,27,9,32,22,0.6875,8,2,4,15,0,28,16,0,17,67,72,-5,0,TRUE,NA,NA,NA,NA,NA,away,0,NA,0,72
cal_state_northridge_matadors,54.57142857,20.67857143,0.378927537,0.339475299,16.21428571,5.357142857,15.42857143,10.53571429,0.68287037,10.75,2.035714286,10.35714286,16.46428571,1.357142857,23,9.571428571,0,18.39285714,57.25,63.71428571,-6.46428571,8.357142857,,5,4.407407407,706.6521739,0,773.7391304,,-0.178571429,396.2307692,-0.178571429,773.7391304
denver_pioneers,57.03448276,22,0.387031171,0.295840892,24.55172414,7.275862069,16.86206897,12.86206897,0.76278119,12.31034483,5.24137931,6.137931034,15.31034483,0.965517241,25.55172414,8.965517241,0.137931035,16.10344828,64.13793103,72.06896552,-7.93103449,7.793103448,,8.333333333,4.142857143,890.16,0,363.3333333,,0,532.5925926,0,890.16
stanislaus_state_warriors,68,23.5,0.345588235,0.277777778,18,5,17.5,11,0.628571428571429,8,1.5,5,11,1,28,13.5,0,13,63,86,-23,2.5,,,,,,,,0,,0,86
manhattan_jaspers,61.59375,24.71875,0.402634704,0.276176392,16.34375,4.5,17.1875,12.25,0.712727272727273,12.0625,3.1875,7.90625,17.875,0.5625,28.8125,14.8125,0.0625,15.5,66.1875,61.28125,4.90625,12.65625,,5,3.967741935,303.4074074,0,187.7096774,,-0.03125,176,-0.03125,303.4074074
fairfield_stags,57.67741935,24.48387097,0.424086533,0.339850417,17.35483871,5.967741935,13.48387097,10.12903226,0.75119617,14.32258065,2.451612903,7.870967742,11.32258065,0.387096774,24.5483871,9,0.032258065,12.48387097,65.06451613,56.5483871,8.51612903,15.4516129,,5,4.1,671.8571429,0,270.3333333,,-0.064516129,239.0645161,-0.064516129,671.8571429
quinnipiac_bobcats,61.19354839,25.32258065,0.413758155,0.311719247,18.70967742,5.870967742,15.38709677,11.16129032,0.72536688,13.58064516,3.741935484,8.483870968,15.80645161,0.516129032,26.51612903,12.74193548,0,16.16129032,67.67741935,59.51612903,8.16129032,15.12903226,,5,4.066666667,548.4814815,0,150.7333333,,-0.032258065,106.6774194,-0.032258065,548.4814815
uc_santa_barbara_gauchos,53.73076923,21.34615385,0.393737469,0.284600276,19.03846154,5.423076923,17.88461538,12.92307692,0.72258065,13.15384615,2.538461538,6.923076923,15.92307692,0.692307692,26.65384615,10.42307692,0,14.80769231,61.03846154,56.92307692,4.11538462,13.73076923,,5,4.8,411.4,0,801.4782609,,-0.115384615,419.76,-0.115384615,801.4782609
emory_henry_wasps,57,16.5,0.289716749,0.213636364,21,4.5,9.5,6,0.631578947368421,8,2,9,21,1.5,23,8.5,0,15.5,43.5,57,-13.5,6.5,,,,,,,,0,,0,57
cleveland_state_vikings,58.81481481,24.03703704,0.406174476,0.304203224,19.33333333,6,22.77777778,16.11111111,0.70731707,11.81481481,4.185185185,9.666666667,16.03703704,0.925925926,27.44444444,13.44444444,0.185185185,15,70.18518519,59.96296296,10.22222223,17.14814815,,5,4.576923077,405.8695652,0.04,200.2272727,,0.111111111,156.16,0.04,405.8695652
xavier_musketeers,59.23333333,23.36666667,0.392046295,0.261186776,10.36666667,2.7,17.3,12.9,0.7,12.86666667,2.966666667,7.5,16.36666667,0.533333333,24.46666667,11.83333333,0.066666667,16.6,62.33333333,72.83333333,-10.50000000,6.266666667,,5,3.965517241,1240.785714,0,533.3448276,,-0.033333333,395.1,-0.033333333,1240.785714
youngstown_state_penguins,56.4137931,22.75862069,0.405877503,0.318350618,26.51724138,8.379310345,16.27586207,11.68965517,0.71822034,14.82758621,2.344827586,6.586206897,14.37931034,1.24137931,26.5862069,10.4137931,0.068965517,14.96551724,65.5862069,56.86206897,8.72413793,16.03448276,,6.666666667,4.071428571,1080.038462,0,251.44,,0.103448276,184.6666667,0,1080.038462
detroit_mercy_titans,56.07407407,20.96296296,0.376353542,0.262655733,12.55555556,3.444444444,15.40740741,9.962962963,0.646634615278211,10.96296296,2.37037037,9.037037037,19.77777778,0.555555556,24.03703704,11.48148148,0.074074074,17.85185185,55.33333333,68.81481481,-13.48148148,2.555555556,,5,4.307692308,364.6923077,0,201.7692308,,0.037037037,161.2592593,0,364.6923077
niagara_purple_eagles,66.83333333,25.33333333,0.380401481,0.267415298,21.53333333,5.766666667,20.16666667,13.43333333,0.66611570,12.9,1.366666667,13.16666667,20.26666667,0.8,20.56666667,15.16666667,0.066666667,19.83333333,69.86666667,73.16666667,-3.30000000,9,,5,4.206896552,614.8214286,0,258.3448276,,-0.066666667,241.3,-0.066666667,614.8214286
converse,56,21,0.375,0.411764706,17,7,13,9,0.692307692307692,15,5,9,30,0,18,10,0,25,58,101,-43,2,TRUE,NA,NA,NA,NA,NA,away,0,NA,0,101
montevallo_falcons,62,21,0.338709677,0.12,25,3,12,5,0.416666666666667,9,0,11,23,3,24,17,0,11,50,75,-25,8,TRUE,NA,NA,NA,NA,NA,away,0,NA,0,75
western_carolina_catamounts,54.28571429,20.21428571,0.372101348,0.255805733,15.42857143,3.892857143,12.32142857,8.035714286,0.652173913142281,10.25,2.607142857,7.357142857,19.10714286,1.285714286,23.67857143,11.89285714,0.035714286,17.42857143,52.35714286,60.92857143,-8.57142857,7.642857143,,5,4.222222222,466.4090909,0,187.1,,0.107142857,116.7083333,0,466.4090909
mercer_bears,58.625,25.8125,0.439699676,0.415473849,9.8125,4.25,14.5,10.25,0.706896551724138,10.8125,4.4375,6.6875,12.9375,0.375,26.5,8.9375,0.0625,15.75,66.125,55.25,10.875,18.0625,,5,7.2,801.3571429,0,282.6666667,,-0.8125,342.75,-0.8125,801.3571429
southern_wesleyan_warriors,66,21,0.318181818,0.333333333,27,9,8,4,0.5,10,1,8,23,0,21,7,0,14,55,106,-51,0,TRUE,NA,NA,NA,NA,NA,away,0,NA,0,106
lenoir_rhyne_bears,47.5,16,0.337121212,0.221925134,14,3.5,14.5,10,0.689655172413793,6,3.5,8.5,24.5,1.5,22,8,0,14.5,45.5,71.5,-26.0,2.5,,,,,,,,0,,0,71.5
colorado_buffaloes,57.6,23.73333333,0.410336524,0.302580502,19.13333333,5.8,17.73333333,12.1,0.682330827195927,14.03333333,3.6,10.76666667,14.33333333,0.633333333,24.23333333,12.13333333,0.1,17.3,65.36666667,56.83333333,8.53333334,15.76666667,,6.25,3.931034483,1908.461538,-0.068965517,398.2758621,,0.166666667,479.2333333,-0.068965517,1908.461538
erskine_flying_fleet,43.66666667,8,0.184110167,0.095061728,22.66666667,2.333333333,16.33333333,7.333333333,0.448979591907955,3,2.666666667,8.666666667,23.66666667,5.333333333,18.66666667,7.666666667,0,12.33333333,25.66666667,69.66666667,-44.00000000,0,,,,,,,,0,,0,69.66666667
tulane_green_wave,61.64285714,24.82142857,0.404026629,0.301981942,20.78571429,6.25,20.42857143,15.25,0.746503496451293,15.28571429,3.892857143,6.535714286,15.07142857,0.892857143,28.82142857,14.14285714,0.214285714,14.60714286,71.14285714,66,5.14285714,12.03571429,,6.666666667,4.407407407,1019.692308,-0.035714286,670.8148148,,0.071428571,502.4642857,-0.035714286,1019.692308
maryland_eastern_shore_hawks,61.68,23.48,0.384546586,0.26692523,16.24,4.24,19.44,12.4,0.637860082304527,12.48,2.64,7.64,16.4,0.48,26.36,16.28,0.12,20.16,63.6,62.44,1.16,12.58333333,,,5.083333333,483.2352941,0,176.9473684,,-0.08,113.6363636,-0.08,483.2352941
alabama_am_bulldogs,57.83333333,21.25,0.36997483,0.264358905,12.54166667,3.291666667,18.25,12.75,0.70,11,4.625,6.083333333,16.29166667,0.833333333,26.33333333,13.20833333,0.041666667,16.79166667,58.54166667,63.16666667,-4.62500000,8.583333333,,10,5.217391304,816.1304348,0.041666667,542.173913,,-0.25,416.125,-0.25,816.1304348
arkansas_pine_bluff_golden_lions,62.44,24.72,0.394472029,0.282151108,19.56,5.6,20.96,14.56,0.69,13.92,3.12,8.16,15.8,0.32,27.84,13.48,0.16,17.48,69.6,68.4,1.2,12.48,,,5,908.8636364,0.041666667,317.9090909,,-0.12,343.625,,
montreat_cavaliers,45,9,0.2,0.066666667,15,1,10,4,0.4,4,1,3,26,4,15,9,0,13,23,79,-56,0,TRUE,NA,NA,NA,NA,NA,away,0,NA,0,79
talladega_tornadoes,69,29,0.418412698,0.322222222,16.5,5.5,16,12,0.75,19,2.5,8,16.5,0,19.5,10,0,22.5,75.5,94.5,-19.0,5,,,,,,,,0,,0,94.5
brevard_tornados,57,15,0.263157895,0.095238095,21,2,6,5,0.833333333333333,6,2,8,31,2,15,11,0,15,37,101,-64,0,TRUE,NA,NA,NA,NA,NA,away,0,NA,0,101
uab_blazers,56.32142857,23.53571429,0.420462015,0.303572455,18.89285714,5.571428571,18.71428571,14.10714286,0.75381679,12.82142857,3.714285714,5.214285714,16.32142857,0.821428571,28.21428571,12.14285714,0.071428571,17.14285714,66.75,64.03571429,2.71428571,11.14285714,,5,4.444444444,683.4545455,0,614.4230769,,0.035714286,583.7407407,0,683.4545455
mars_hill_mountain_lions,50.66666667,16,0.321302261,0.272195641,18.66666667,5,11.33333333,6,0.529411764861592,7.666666667,1,7.333333333,23.66666667,1.333333333,17.33333333,7.666666667,0,13.33333333,43,81,-38,0.333333333,,,,,,,,0,,0,81
southern_miss_lady_eagles,59.23333333,25.56666667,0.431896482,0.298129156,10.76666667,3.366666667,18.13333333,12.2,0.672794117770734,14.5,3.166666667,8.533333333,16.66666667,0.566666667,26.06666667,13.56666667,0,18.73333333,66.7,64.03333333,2.66666667,12.4,,5,4.172413793,1115.269231,0.071428571,472.5769231,,0,417.8571429,0,1115.269231
oakland_golden_grizzlies,59.16666667,22.6,0.383484582,0.297578411,21,6.266666667,16.13333333,11.13333333,0.69008264,11.13333333,1.566666667,7.433333333,15.23333333,0.7,23.13333333,12.56666667,0.2,17.2,62.6,63.96666667,-1.36666667,9.275862069,,,4.068965517,618.16,-0.2,430.7241379,,0.1,483.6333333,-0.2,618.16
houston_christian_huskies,55.32,19.28,0.350130178,0.322515941,18,5.72,16.84,13.2,0.783847980997625,11.16,3.92,8.08,16.2,0.76,24.72,10.56,0.04,15.4,57.48,56.28,1.20,10.12,,5,5.125,657.1818182,0,380.2,,-0.12,358.3913043,-0.12,657.1818182
se_louisiana_lady_lions,57.16,23.32,0.409976181,0.26301141,14.12,3.84,16.84,10.68,0.63,12.8,2.6,9.48,15.12,0.44,25.44,11.88,0.24,16.32,61.16,54.44,6.72,14.44,,5,5.166666667,718.2173913,0,296,,-0.08,287.6521739,-0.08,718.2173913
mcneese_cowgirls,62.03571429,24.17857143,0.394202368,0.30844608,26.89285714,8.25,19.28571429,13.78571429,0.71481481,14.25,1.964285714,9.607142857,18.92857143,0.428571429,26.25,14.28571429,0.178571429,20.03571429,70.39285714,71.60714286,-1.21428572,13.03571429,,,4.518518519,1321.636364,0,566.047619,,-0.214285714,440.64,-0.214285714,1321.636364
texas_am_texarkana_eagles,55,21,0.381818182,0.230769231,13,3,13,11,0.846153846153846,13,4,8,25,1,27,7,2,21,56,71,-15,3,TRUE,NA,NA,NA,NA,NA,away,0,NA,0,71
southwestern_assemblies_of_god_lions,58.5,19,0.324926686,0.194047619,20.5,4,12.5,9,0.72,11.5,2.5,9.5,23.5,2,23.5,11.5,0,15.5,51,81,-30,0,,,,,,,,0,,0,81
new_orleans_privateers,55.91304348,19.08695652,0.340386715,0.258805772,18.56521739,5,16.65217391,11.26086957,0.67624021,10.26086957,2.173913043,9.217391304,19.08695652,0.826086957,22.47826087,10.7826087,0,20.69565217,54.43478261,68.60869565,-14.17391304,6,,5,5.545454545,1015.380952,0,252.45,,-0.173913044,295.3181818,-0.173913044,1015.380952
louisiana_christian_university_wildcats,52,13,0.25,0.136363636,22,3,10,7,0.7,10,4,9,31,0,28,11,0,21,36,78,-42,6,TRUE,NA,NA,NA,NA,NA,away,0,NA,0,78
mississippi_valley_state_devilettes,67.04545455,22.40909091,0.334443819,0.29189736,24.04545455,6.954545455,20.59090909,12.90909091,0.62693157,12.68181818,1.954545455,9.636363636,19.18181818,0.772727273,23.81818182,15.36363636,0.090909091,21.31818182,64.68181818,79.09090909,-14.40909091,5.227272727,,5,5.285714286,1024,0,264.952381,,-0.227272727,199.2727273,-0.227272727,1024
texas_wesleyan_rams,61,14,0.229508197,0.181818182,22,4,17,11,0.647058823529412,6,0,10,23,2,24,15,0,18,43,69,-26,4,TRUE,NA,NA,NA,NA,NA,away,0,NA,0,69
wichita_state_shockers,61.86666667,23.93333333,0.385873147,0.292750443,15,4.4,15.66666667,11.8,0.753191489201449,12.73333333,3.833333333,8.666666667,17.56666667,0.466666667,27.13333333,14.93333333,0.133333333,16.53333333,64.06666667,62.93333333,1.13333334,12.26666667,,5,4.068965517,1330.862069,0,831.1034483,,0.033333333,485,0,1330.862069
schreiner_mountaineers,60,17.5,0.291144528,0.142140468,18,2.5,16,8,0.5,9,2,10.5,24,0.5,19.5,17,0,17,45.5,78,-32.5,4,,,,,,,,0,,0,78
st_edwards_hilltoppers,51.5,13,0.252659575,0.162679426,15,2,14.5,12.5,0.9,5.5,2.5,5,24.5,0.5,20.5,10.5,0,20.5,40.5,88,-47.5,1,,,,,,,,0,,0,88
louisiana_tech_lady_techsters,56.78125,24.59375,0.433288876,0.318721609,12.21875,3.875,19.0625,14.5,0.760655737704918,11.6875,2.8125,8.375,14.1875,0.53125,24.84375,10.15625,0.0625,14.84375,67.5625,60.125,7.4375,16.125,,10,3.967741935,1150.291667,-0.033333333,530.6551724,,-0.0625,402.0666667,-0.0625,1150.291667
incarnate_word_cardinals,55.79310345,21,0.378267455,0.264729623,15.96551724,4.172413793,17.17241379,11.79310345,0.68674699,10.55172414,2.793103448,8.344827586,17,1.034482759,23.34482759,12.17241379,0.034482759,16.48275862,57.96551724,59.79310345,-1.82758621,8.482758621,,5,4.357142857,397.5217391,0,248,,-0.034482759,268.8888889,-0.034482759,397.5217391
green_bay_phoenix,57.15384615,22.34615385,0.393313245,0.326934367,22.30769231,7.038461538,12.84615385,10.07692308,0.78443114,14.26923077,2.5,7.115384615,13.61538462,0.807692308,24.96153846,10.34615385,0,14.84615385,61.80769231,55.15384615,6.65384616,15.19230769,,10,4.72,1527.636364,-0.115384615,516.72,,-0.115384615,482.1538462,-0.115384615,1527.636364
rice_owls,57.69230769,23.11538462,0.403374941,0.297274962,20.96153846,6.192307692,21.26923077,15.07692308,0.70886076,12.61538462,2.884615385,7.384615385,17.5,0.615384615,26.61538462,12.84615385,0.153846154,17,67.5,66.11538462,1.38461538,12.23076923,,12.5,4.84,714.7826087,-0.04,489.375,,0.192307692,350,-0.04,714.7826087
lamar_cardinals,54.10714286,22,0.407102983,0.358617992,16.71428571,6,18.25,12.39285714,0.679060665205479,13.17857143,2.464285714,7.178571429,15.96428571,0.714285714,24.25,10.85714286,0.107142857,16.35714286,62.39285714,60.96428571,1.42857143,10.85714286,,6.666666667,4.407407407,1019.192308,-0.083333333,548.7391304,,0.035714286,516.4230769,-0.083333333,1019.192308
xavier_la_gold_rush,50,13.5,0.266760337,0.244444444,12,3,15.5,12.5,0.8,8,1.5,8,25.5,0.5,23,12,0.5,22.5,42.5,69.5,-27.0,4,,,,,,,,0,,0,69.5
north_dakota_state_bison,54.37931034,22,0.404911923,0.325841355,20.75862069,6.862068966,18.06896552,13.34482759,0.73854962,10.24137931,1.75862069,6.517241379,14.93103448,0.586206897,24.34482759,10.03448276,0.103448276,17.27586207,64.20689655,65.89655172,-1.68965517,10.79310345,,,4.107142857,1161.115385,0,535.8333333,,-0.068965517,426.2222222,-0.068965517,1161.115385
creighton_bluejays,61.06896552,27.96551724,0.459455098,0.360803044,27.89655172,10.27586207,11.86206897,8.620689655,0.726744185757335,20.89655172,2.862068966,7.517241379,12.79310345,0.448275862,25.24137931,10.65517241,0.034482759,15.72413793,74.82758621,63.44827586,11.37931035,18.06896552,,10,4.107142857,1347.333333,0.034482759,755.9285714,,0.068965517,594.1724138,0.034482759,1347.333333
oral_roberts_golden_eagles,58.67741935,22.96774194,0.391052144,0.283863535,17.41935484,4.967741935,20.38709677,14.93548387,0.73259494,11.96774194,3.258064516,8.483870968,14.83870968,0.35483871,26.19354839,11.03225806,0,14.4516129,65.83870968,65,0.83870968,11.58064516,,5,3.933333333,1321.142857,0,428.962963,,-0.032258065,408.4827586,-0.032258065,1321.142857
smu_mustangs,60,23.28571429,0.386353983,0.284778404,12.10714286,3.535714286,15.75,10.53571429,0.668934240634921,14.60714286,4.107142857,7.428571429,14.42857143,0.571428571,26.96428571,11.71428571,0.071428571,15.03571429,60.64285714,60.92857143,-0.28571429,10.85714286,,5,4.444444444,827.24,-0.214285714,615.7777778,,0.071428571,392.8928571,-0.214285714,827.24
missouri_science_technology_miners,54.5,23.5,0.442307692,0.335561497,19.5,6.5,7,3.5,0.5,12.5,2.5,4.5,15,0.5,25,4.5,0,12.5,57,78,-21,2.5,,,,,,,,0,,0,78
chicago_state_cougars,57.58333333,20.33333333,0.357783792,0.247984918,14.54166667,3.75,18.16666667,11.875,0.653669724650703,8.125,3.041666667,8.25,18.75,0.875,22.58333333,13.5,0.041666667,21.95833333,56.29166667,69.29166667,-13.00000000,3.75,,5,5.043478261,532.9130435,0.047619048,1086.478261,,-0.208333333,979.2916667,-0.208333333,1086.478261
butler_bulldogs,53.89285714,20.96428571,0.38991748,0.261623944,21.46428571,5.642857143,11.71428571,8,0.682926829518144,11.39285714,1.964285714,4.928571429,19.85714286,0.964285714,24.07142857,9.285714286,0,14.39285714,55.57142857,77.89285714,-22.32142857,2.571428571,,15,4.222222222,759.1538462,0,398.4074074,,0.25,251.1428571,0,759.1538462
missouri_baptist_spartans,55.5,16,0.295454546,0.226190476,25.5,5.5,6,5,0.833333333333333,9.5,2.5,7,23,1,20,8,0,15,42.5,97,-54.5,0,,,,,,,,0,,0,97
dickinson_state_nd_blue_hawks,44,16,0.363636364,0.1,20,2,10,8,0.8,8,0,4,29,1,17,6,0,24,42,95,-53,6,TRUE,NA,NA,NA,NA,NA,away,0,NA,0,95
nicholls_colonels,57.24,21.68,0.379982461,0.248224939,13.4,3.52,17.32,12.6,0.727482678983834,10.36,1.8,8.28,19.92,0.6,24.84,11.2,0.08,17.52,59.48,70.84,-11.36,4.76,,5,5.041666667,794.4761905,-0.043478261,532.9,,-0.12,339.5217391,-0.12,794.4761905
uic_flames,50.61538462,18.34615385,0.366141905,0.266363026,14.53846154,3.846153846,19.61538462,12.73076923,0.64901961,9.961538462,2.923076923,8.538461538,17.96153846,0.961538462,20.23076923,8.461538462,0.115384615,18.15384615,53.26923077,68.03846154,-14.76923077,3.153846154,,5,4.32,534.48,0,240.12,,0,191.8076923,0,534.48
briar_cliff_chargers,54,12,0.222222222,0.285714286,21,6,10,5,0.5,6,1,7,25,1,22,10,0,16,35,83,-48,0,TRUE,NA,NA,NA,NA,NA,away,0,NA,0,83
william_carey_crusaders,47,10,0.207022344,0.245614035,15.5,3.5,15,11.5,0.766666666666667,5,0,6.5,22.5,0.5,25,6,0,15.5,35,70,-35,1,,,,,,,,0,,0,70
lsu_shreveport_pilots,46.33333333,13.33333333,0.28679078,0.256317878,18.66666667,5,12,8.666666667,0.72222222225,7,2.666666667,5.666666667,26.33333333,0.333333333,19.33333333,7,2,15.66666667,40.33333333,77.66666667,-37.33333334,1.333333333,,,,,,,,0,,0,77.66666667
st_thomas_tx_celts,54,12,0.222222222,0.083333333,24,2,18,12,0.666666666666667,5,1,5,24,1,21,10,0,20,38,79,-41,2,TRUE,NA,NA,NA,NA,NA,away,0,NA,0,79
northwestern_state_lady_demons,58.875,22.08333333,0.376242036,0.265613882,18.54166667,5.083333333,18.875,13.41666667,0.710816777218543,11.125,2.916666667,8.708333333,18.33333333,0.375,26.04166667,12.5,0.208333333,16.29166667,62.66666667,63.875,-1.20833333,10.875,,5,5.086956522,637.952381,0,232.0526316,,-0.166666667,265.6190476,-0.166666667,637.952381
jamestown_jimmies,53,14,0.264150943,0.210526316,19,4,6,4,0.666666666666667,6,1,8,23,0,23,7,0,18,36,82,-46,4,TRUE,NA,NA,NA,NA,NA,away,0,NA,0,82
central_christian_college_central_christian_college,46,19,0.413043478,0.407407407,27,11,5,3,0.6,11,0,4,24,5,13,2,0,15,52,120,-68,3,TRUE,NA,NA,NA,NA,NA,away,0,NA,0,120
kansas_city_roos,60.29032258,26,0.431988858,0.352748598,20.5483871,7.290322581,16.51612903,12.74193548,0.77148437,14.70967742,2.677419355,6.580645161,14.4516129,0.741935484,26.35483871,12,0,15.90322581,72.03225806,65.35483871,6.67741935,13.58064516,,5,3.933333333,989.4482759,-0.148148148,351.5185185,,0.032258065,461.4827586,-0.148148148,989.4482759
life_pacific,70.5,20.5,0.291975309,0.197994988,20,4,10.5,4.5,0.4,5.5,0.5,3.5,11,0,23,9,0,8,49.5,100,-50.5,0.5,,,,,,,,0,,0,100
western_new_mexico_mustangs,45,14,0.311111111,0.315789474,19,6,11,6,0.545454545454545,6,2,3,26,3,21,4,0,18,40,94,-54,0,TRUE,NA,NA,NA,NA,NA,away,0,NA,0,94
colorado_christian_cougars,63,19,0.300925926,0.301515152,26.5,8,8.5,6,0.705882352941176,10,1,4,17.5,0.5,27,13.5,0,14,52,83,-31,0,,,,,,,,0,,0,83
university_of_science_and_arts_drovers,61.33333333,19.33333333,0.316115147,0.225925926,15.33333333,3.333333333,15,10.33333333,0.688888888666667,9.333333333,3.666666667,10.33333333,22.33333333,0.666666667,25.33333333,11,0,21.33333333,52.33333333,84.66666667,-32.33333334,2.333333333,,,,,,,,0,,0,84.66666667
college_of_st_mary_flames,55,18,0.327272727,0.310344828,29,9,18,12,0.666666666666667,11,4,10,25,2,22,8,0,17,57,87,-30,5,TRUE,NA,NA,NA,NA,NA,away,0,NA,0,87
sam_houston_bearkats,60.2,23.9,0.395851802,0.28891946,10.53333333,3.166666667,23.6,16.3,0.7,11.13333333,2.833333333,9.866666667,20.16666667,0.6,23.7,15.66666667,0.1,20.76666667,67.26666667,69.16666667,-1.90000000,11.8,,5,4.103448276,738.6538462,0,598.2916667,,-0.066666667,460.0740741,-0.066666667,738.6538462
university_of_the_southwest_mustangs,56,15,0.267857143,0.222222222,18,4,15,9,0.6,5,0,3,18,0,16,5,0,16,43,99,-56,0,TRUE,NA,NA,NA,NA,NA,away,0,NA,0,99
wiley_wildcats,57,20.5,0.359573152,0.323717949,12.5,4,20,14,0.7,10.5,3,9.5,34,0.5,26,12,0,21.5,59,81,-22,4,,,,,,,,0,,0,81
antelope_valley,59.66666667,10.33333333,0.170863858,0.184193122,29,5.333333333,16.66666667,10,0.59999999988,7.333333333,1.333333333,6.666666667,22,0,26,11.66666667,0,14.66666667,36,83.66666667,-47.66666667,0,,,,,,,,0,,0,83.66666667
loyola_new_orleans_wolfpack,54,16,0.296296296,0,13,0,19,12,0.631578947368421,7,2,9,20,0,29,12,0,16,44,57,-13,4,TRUE,NA,NA,NA,NA,NA,away,0,NA,0,57
prairie_view_am_lady_panthers,62.69230769,23.11538462,0.377384059,0.314092118,18.92307692,5.769230769,17.38461538,12.03846154,0.69247788,15.11538462,3.884615385,10.19230769,20.03846154,1.269230769,26.34615385,12.15384615,0,20.88461538,64.11538462,71.42307692,-7.30769230,10,,,4.84,1707.368421,0,1030.5,,-0.115384615,720.0434783,-0.115384615,1707.368421
arizona_christian_firestorm,45,17,0.377777778,0.307692308,13,4,20,10,0.5,5,0,9,41,2,25,7,0,12,48,95,-47,0,TRUE,NA,NA,NA,NA,NA,away,0,NA,0,95
arlington_baptist_patriots,55.75,14.75,0.253825538,0.1942959,11.5,2.5,8.25,4.5,0.545454545454545,9.75,0.75,3.5,30,1.25,17.5,9,0,12,36.5,116.25,-79.75,0.5,,,,,,,,0,,0,116.25
greenville_panthers,70,24,0.342857143,0.333333333,18,6,4,2,0.5,17,2,5,24,0,31,16,0,13,56,105,-49,0,TRUE,NA,NA,NA,NA,NA,away,0,NA,0,105
unt_dallas_trailblazers,55,17,0.309090909,0.285714286,21,6,12,7,0.583333333333333,7,2,1,19,0,19,12,0,13,47,92,-45,1,TRUE,NA,NA,NA,NA,NA,away,0,NA,0,92
memphis_tigers,57,21.96296296,0.386439014,0.317482647,16.44444444,5.259259259,18.81481481,13.37037037,0.71062992,10.55555556,3.888888889,6.851851852,15.92592593,0.851851852,25.40740741,13.7037037,0.296296296,15.66666667,62.55555556,61.74074074,0.81481482,10.59259259,,5,4.576923077,925.625,-0.111111111,749.1153846,,0.074074074,503.1111111,-0.111111111,925.625
st_francis_pa_red_flash,53.06666667,20.43333333,0.384983643,0.302219063,14.76666667,4.4,12.93333333,8.966666667,0.693298969276623,11.4,1.566666667,4.766666667,18.06666667,1.566666667,24.5,11.53333333,0.1,14.86666667,54.23333333,65.86666667,-11.63333334,5.4,,5,4.068965517,539.875,0,287.6206897,,-0.266666667,250.8333333,-0.266666667,539.875
old_dominion_monarchs,59.74193548,23.80645161,0.398652883,0.27164475,16,4.290322581,18.93548387,11.93548387,0.63032368,11.87096774,3.870967742,10.51612903,14.90322581,0.548387097,23.12903226,14.19354839,0.193548387,18.25806452,63.83870968,55.64516129,8.19354839,14.48387097,,,4.033333333,1237.24,-0.1,711.1428571,,0,675,-0.1,1237.24
wright_state_raiders,62.73913043,22.95652174,0.366781681,0.280072361,19.7826087,5.652173913,12.56521739,8.304347826,0.660899654040924,10,3.695652174,7.913043478,14.13043478,0.217391304,25.56521739,10.17391304,0.652173913,15.52173913,59.86956522,70.17391304,-10.30434782,5.5,,,5.090909091,829.7142857,0,287,,-0.260869565,217.0909091,-0.260869565,829.7142857
nelson_lions,63.5,18,0.282587065,0.284848485,24,7,10,6.5,0.65,7.5,1,10,21,3,15.5,7,0,13,49.5,115,-65.5,0,,,,,,,,0,,0,115
iu_indianapolis_jaguars,56.46428571,25.92857143,0.462423619,0.369696999,21.75,7.964285714,14.25,10.60714286,0.74436090245614,14.96428571,2.928571429,5.642857143,15.71428571,1.071428571,28.14285714,10.75,0,12.46428571,70.42857143,55.67857143,14.75000000,19.64285714,,5,4.407407407,824.9166667,0,226.7777778,,0.071428571,172.9285714,0,824.9166667
manchester_spartans,39,12,0.307692308,0.375,16,6,8,5,0.625,7,0,3,34,3,22,5,0,10,35,102,-67,5,TRUE,NA,NA,NA,NA,NA,away,0,NA,0,102
mcmurry_war_hawks,43,12,0.279069767,0.3,20,6,14,5,0.357142857142857,7,1,7,25,2,9,8,0,12,35,93,-58,2,TRUE,NA,NA,NA,NA,NA,away,0,NA,0,93
quincy_hawks,56.5,19,0.336879433,0.168896321,18,3.5,8.5,7.5,0.9,11,0.5,4,21.5,1.5,24.5,12,0,14,49,81.5,-32.5,2.5,,,,,,,,0,,0,81.5
davis_elkins_senators,53,10,0.188679245,0.09375,32,3,8,4,0.5,5,1,2,15,2,22,7,0,18,27,71,-44,0,TRUE,NA,NA,NA,NA,NA,away,0,NA,0,71
lake_erie_storm,71,26,0.366197183,0.260869565,23,6,4,2,0.5,9,1,5,17,0,26,15,0,12,60,91,-31,2,TRUE,NA,NA,NA,NA,NA,away,0,NA,0,91
point_park_pioneers,52,17,0.326923077,0.130434783,23,3,7,4,0.571428571428571,8,2,5,27,2,25,8,0,22,41,87,-46,0,TRUE,NA,NA,NA,NA,NA,away,0,NA,0,87
southeast_missouri_state_redhawks,58.17241379,23.03448276,0.396248133,0.26733065,15.55172414,4.24137931,15.55172414,10.48275862,0.67405765,12.75862069,2.827586207,8.413793103,18.51724138,0.344827586,22.93103448,11.72413793,0.068965517,18.17241379,60.79310345,71.79310345,-11.00000000,7.24137931,,,3.892857143,562.8076923,0,285.08,,0.034482759,225.5185185,0,562.8076923
north_carolina_central_eagles,62.6,20.75,0.326821295,0.246479263,17,4.3,21.9,15.15,0.691780821917808,10.45,2.8,10.25,20.9,0.55,24.75,15.25,0.3,21,60.95,71.5,-10.55,7.7,,,6.315789474,1084.529412,0,432.9411765,,-0.2,277.3157895,-0.2,1084.529412
marshall_thundering_herd,59.71428571,22.35714286,0.371863865,0.296813491,22.5,6.678571429,17.32142857,12.25,0.707216494903688,11.42857143,2.142857143,7.678571429,12.67857143,0.5,24.5,12.96428571,0.035714286,18.67857143,63.64285714,60,3.64285714,14.17857143,,5,4.444444444,924.8333333,-0.115384615,743.9583333,,-0.071428571,547.4615385,-0.115384615,924.8333333
georgetown_hoyas,57.65517241,22.20689655,0.384265186,0.293318241,18.06896552,5.24137931,15.20689655,10.44827586,0.68707483,12.72413793,3.75862069,8,18.10344828,0.724137931,25.55172414,11.93103448,0,16.82758621,60.10344828,67.93103448,-7.82758620,8.655172414,,7.5,4.142857143,1063.315789,0,409.7307692,,0.137931035,286.4285714,0,1063.315789
temple_owls,57.28571429,21.67857143,0.381805969,0.243001797,15.17857143,3.678571429,17.71428571,12.67857143,0.71572581,12.85714286,3.892857143,7.607142857,17.82142857,0.964285714,25.64285714,13.03571429,0.107142857,18.25,59.71428571,61.42857143,-1.71428572,8.964285714,,5,4.407407407,1103.153846,-0.035714286,927.4444444,,-0.035714286,689.8571429,-0.035714286,1103.153846
belmont_abbey_crusaders,46,14,0.304347826,0.235294118,17,4,14,8,0.571428571428571,7,2,8,25,1,20,6,0,15,40,89,-49,0,TRUE,NA,NA,NA,NA,NA,away,0,NA,0,89
seton_hall_pirates,61.96774194,26.12903226,0.42053959,0.337344406,20.80645161,7.129032258,12.87096774,9.903225806,0.769423558977858,15.41935484,3.451612903,7.516129032,12.74193548,0.483870968,26.09677419,9.129032258,0.161290323,13.16129032,69.29032258,67.90322581,1.38709677,11.70967742,,7.5,3.9,868.6296296,-0.096774194,557.3,,0.129032258,406,-0.096774194,868.6296296
ave_maria_gyrenes,51.66666667,16.33333333,0.312883466,0.248148148,9.333333333,2.333333333,18.33333333,12.66666667,0.69090909,6,4,5.666666667,30.66666667,1,30.66666667,10,0,15,47.66666667,90,-42.33333333,1.333333333,,,,,,,,0,,0,90
howard_payne_yellow_jackets,53,12.5,0.232857143,0.228695652,24,5.5,16.5,10,0.606060606060606,6,1,3.5,24,0,20,12.5,0,18.5,40.5,97,-56.5,0,,,,,,,,0,,0,97
baker_university_baker,47,14,0.29787234,0.25,12,3,16,13,0.8125,8,6,4,21,2,22,5,0,12,44,93,-49,0,TRUE,NA,NA,NA,NA,NA,away,0,NA,0,93
lee_flames,51,14,0.274509804,0.318181818,22,7,6,4,0.666666666666667,11,0,7,16,0,14,7,0,15,39,75,-36,0,TRUE,NA,NA,NA,NA,NA,away,0,NA,0,75
villanova_wildcats,58.63333333,23.73333333,0.405204261,0.30443077,23.63333333,7.233333333,14.16666667,10.86666667,0.76705882,15.33333333,3.633333333,7.566666667,12.83333333,0.666666667,25.06666667,10.13333333,0,14.6,65.56666667,60.83333333,4.73333334,13.76666667,,5,4.034482759,1569.75,0,356.7586207,,-0.033333333,275.6666667,-0.033333333,1569.75
jessup_university_warriors,56,12,0.214285714,0.285714286,28,8,2,1,0.5,8,3,8,25,4,18,5,0,11,33,83,-50,6,TRUE,NA,NA,NA,NA,NA,away,0,NA,0,83
florida_memorial_lions,57,21,0.366800887,0.259126984,18.33333333,5,18.33333333,11.33333333,0.61818182,7.666666667,1.666666667,9.333333333,22.33333333,2,26.33333333,7.333333333,0.666666667,22,57.66666667,82.66666667,-25.00000000,3,,,,,,,,0,,0,82.66666667
haskell_jayhawks,61,17,0.278688525,0.05,20,1,10,3,0.3,12,1,10,19,1,26,5,0,17,38,95,-57,0,TRUE,NA,NA,NA,NA,NA,away,0,NA,0,95
dakota_wesleyan_tigers,61,21,0.344262295,0.083333333,12,1,0,0,,12,1,5,17,1,19,11,0,16,43,90,-47,3,TRUE,NA,NA,NA,NA,NA,away,0,NA,0,90
siu_edwardsville_cougars,61.87096774,24.87096774,0.40348192,0.303951383,16.29032258,5.032258065,20.48387097,14.51612903,0.70866142,15.16129032,2.64516129,10.64516129,19.77419355,0.387096774,21.90322581,13.74193548,0.161290323,18.96774194,69.29032258,74.61290323,-5.32258065,9.35483871,,,3.766666667,580.0967742,0,206.3666667,,0.032258065,168.1935484,0,580.0967742
northland_lumberjacks,44,8,0.181818182,0.083333333,12,1,4,2,0.5,3,0,5,26,1,14,3,0,12,19,92,-73,0,TRUE,NA,NA,NA,NA,NA,away,0,NA,0,92
wesleyan_college_ga_wolves,39,13,0.333333333,0.3125,16,5,13,8,0.615384615384615,7,2,3,44,3,16,4,0,9,39,116,-77,0,TRUE,NA,NA,NA,NA,NA,away,0,NA,0,116
fort_valley_state_wildcats,67,25,0.373134328,0.105263158,19,2,30,19,0.633333333333333,8,2,12,30,2,20,18,0,23,71,99,-28,3,TRUE,NA,NA,NA,NA,NA,away,0,NA,0,99
carver_college_cougars,49,6,0.12244898,0.111111111,18,2,6,1,0.166666666666667,2,1,3,49,4,15,13,0,20,15,133,-118,0,TRUE,NA,NA,NA,NA,NA,away,0,NA,0,133
texas_am_kingsville_javelinas,56,20,0.357142857,0.310344828,29,9,13,9,0.692307692307692,10,4,0,12,0,22,11,0,22,58,84,-26,0,TRUE,NA,NA,NA,NA,NA,away,0,NA,0,84
alabama_huntsville_chargers,58,20,0.344827586,0.176470588,17,3,20,14,0.7,11,1,4,28,1,18,12,0,16,57,107,-50,1,TRUE,NA,NA,NA,NA,NA,away,0,NA,0,107
central_baptist_college_mustangs,53.5,13.5,0.250175932,0.153409091,15,2.5,15,12.5,0.833333333333333,5,1.5,6,27,1,27.5,15,0,22,42,76.5,-34.5,3.5,,,,,,,,0,,0,76.5
chestnut_hill_college_griffins,57,17,0.298245614,0.214285714,14,3,18,11,0.611111111111111,10,1,2,24,2,24,9,0,18,48,87,-39,0,TRUE,NA,NA,NA,NA,NA,away,0,NA,0,87
winston_salem_rams,50,16,0.32,0.333333333,15,5,22,12,0.545454545454545,9,2,7,26,2,34,7,0,23,49,81,-32,5,TRUE,NA,NA,NA,NA,NA,away,0,NA,0,81
mount_olive_trojans,63,25,0.396825397,0.466666667,15,7,11,8,0.727272727272727,10,1,10,21,0,15,13,0,23,65,74,-9,3,TRUE,NA,NA,NA,NA,NA,away,0,NA,0,74
uc_merced_bobcats,53.33333333,14.66666667,0.287057387,0.246743453,23,5.333333333,11,6,0.545454545454545,9,0.333333333,5.333333333,22,2,19.33333333,11.33333333,0,15,40.66666667,82.66666667,-42.00000000,0.666666667,,,,,,,,0,,0,82.66666667
minnesota_morris_cougars,48,17,0.354166667,0.210526316,19,4,26,17,0.653846153846154,6,2,4,22,0,24,8,0,18,55,97,-42,0,TRUE,NA,NA,NA,NA,NA,away,0,NA,0,97
millersville_marauders,46,11,0.240189125,0.176923077,11.5,2,21.5,18.5,0.9,6.5,0,6,28,0.5,19,8,0.5,26,42.5,84.5,-42.0,0,,,,,,,,0,,0,84.5
bluefield_state_big_blues,48.5,12,0.250213129,0.239057239,24.5,6,13,7.5,0.576923076923077,8.5,2,5,22,1,19.5,8.5,0,12,37.5,92,-54.5,0,,,,,,,,0,,0,92
palm_beach_atlantic_sailfish,60,,0.322857143,0.216666667,13,2,13,8.5,0.653846153846154,5.5,2,6,24.5,1.5,22,16.5,0,20,46.5,84,-37.5,3,,,,,,,,0,,0,84
clarion_golden_eagles,53.5,16,0.299615653,0.190559441,24,4.5,15,9.5,0.633333333333333,6.5,2,4.5,15,1,25,7.5,0,11.5,46,85,-39,2.5,,,,,,,,0,,0,85
west_chester_golden_rams,59,13,0.220338983,0.235294118,17,4,4,1,0.25,9,3,8,20,0,26,8,0,16,31,64,-33,0,TRUE,NA,NA,NA,NA,NA,away,0,NA,0,64
holy_names_university_hawks,35,9,0.257142857,0.333333333,15,5,8,7,0.875,5,0,6,33,5,18,4,0,5,30,88,-58,0,TRUE,NA,NA,NA,NA,NA,away,0,NA,0,88
lees_mcrae_bobcats,47.5,15,0.314773736,0.107142857,9,1.5,14.5,8.5,0.6,7,0,11.5,28,1.5,20,7,0,19.5,40,85,-45,0,,,,,,,,0,,0,85
pfeiffer_falcons,70.5,16,0.223443223,0.18921095,25,4.5,11,7,0.636363636363636,6,0.5,7,26.5,0,21.5,17.5,0,19,43.5,106,-62.5,0,,,,,,,,0,,0,106
alderson_broaddus_battlers,55,21,0.381818182,0.36,25,9,12,5,0.416666666666667,13,2,5,29,4,30,14,0,24,56,88,-32,7,TRUE,NA,NA,NA,NA,NA,away,0,NA,0,88
bowie_state_bulldogs,41,11,0.268292683,0.222222222,9,2,18,5,0.277777777777778,4,3,5,30,2,25,12,0,24,29,70,-41,0,TRUE,NA,NA,NA,NA,NA,away,0,NA,0,70
agnes_scott_college_scotties,50.5,10,0.198039216,0.174825175,12,2,6.5,3,0.461538461538462,5,2,4.5,38,1.5,20.5,10,0,11.5,25,109.5,-84.5,0,,,,,,,,0,,0,109.5
mayville_st_comets,67,22,0.328358209,0.230769231,26,6,22,15,0.681818181818182,12,9,6,17,2,34,17,0,16,65,72,-7,6,TRUE,NA,NA,NA,NA,NA,away,0,NA,0,72
kentucky_state_thorobreds,54.66666667,22.33333333,0.406899341,0.299145299,14.33333333,4.333333333,15.66666667,7,0.446808510543232,14.33333333,2,10.33333333,29,0.666666667,26.33333333,8.333333333,0,22.66666667,56,87.66666667,-31.66666667,1.333333333,,,,,,,,0,,0,87.66666667
claflin_panthers,64.5,20,0.30952381,0.388888889,18,7,13,9.5,0.730769230769231,9,3.5,10,25,1,27.5,14.5,0,18.5,56.5,67.5,-11.0,1,,,,,,,,0,,0,67.5
pikeville_bears,50.5,17,0.336666667,0.238095238,16,4,18,11,0.611111111111111,9.5,0.5,6,20.5,1,26,11,0,17.5,49,67,-18,7.5,,,,,,,,0,,0,67
oakland_city_mighty_oaks,48.5,19.5,0.420394737,0.36,20,7,21.5,13.5,0.6,9.5,1.5,7.5,28,3,22.5,8,1,21,59.5,89.5,-30.0,0,,,,,,,,0,,0,89.5
lindenwood_lions,44,11,0.25,0.190476191,21,4,11,4,0.363636363636364,9,1,5,29,0,20,5,0,18,30,86,-56,0,TRUE,NA,NA,137,0,NA,away,-1,214,-1,214
johnson_wales_nc_wildcats,67,12,0.179104478,0.166666667,30,5,7,5,0.714285714285714,6,3,5,29,1,30,8,0,24,34,101,-67,0,TRUE,NA,NA,NA,NA,NA,away,0,NA,0,101
blue_mountain_college_toppers,56,16,0.285714286,0.259259259,27,7,14,11,0.785714285714286,10,1,6,18,0,21,13,0,18,50,75,-25,0,TRUE,NA,NA,NA,NA,NA,away,0,NA,0,75
frostburg_state_bobcats,58,19,0.327586207,0.5,18,9,19,12,0.631578947368421,6,0,3,23,2,18,7,0,17,59,113,-54,2,TRUE,NA,NA,NA,NA,NA,away,0,NA,0,113
university_of_the_ozarks_eagles,56,19,0.339285714,0.111111111,18,2,11,9,0.818181818181818,11,2,4,31,0,28,7,0,14,49,95,-46,0,TRUE,NA,NA,NA,NA,NA,away,0,NA,0,95
harris_stowe_state_hornets,54,13,0.240740741,0.333333333,9,3,41,28,0.682926829268293,5,2,10,22,0,21,18,0,23,57,95,-38,2,TRUE,NA,NA,NA,NA,NA,away,0,NA,0,95
arkansas_baptist_buffaloes,53,11,0.20754717,0.230769231,13,3,7,2,0.285714285714286,6,0,6,27,0,22,2,0,12,27,96,-69,0,TRUE,NA,NA,NA,NA,NA,away,0,NA,0,96
huston_tillotson_rams,58,12,0.206896552,0.125,16,2,21,14,0.666666666666667,6,0,10,29,2,25,17,0,16,40,83,-43,1,TRUE,NA,NA,NA,NA,NA,away,0,NA,0,83
east_stroudsburg_university_warriors,52,13,0.25,0.266666667,15,4,9,5,0.555555555555556,7,0,4,32,3,27,12,0,14,35,82,-47,1,TRUE,NA,NA,NA,NA,NA,away,0,NA,0,82
huston_tillotson_rams,55,18,0.327272727,0.214285714,14,3,11,9,0.818181818181818,5,7,6,22,2,19,10,0,19,48,82,-34,0,TRUE,NA,NA,NA,NA,NA,away,0,NA,0,82
texas_am_international_dustdevils,61,26,0.426229508,0.352941177,17,6,16,10,0.625,11,1,12,20,1,26,13,0,10,68,55,13,15,TRUE,NA,NA,NA,NA,NA,away,0,NA,0,68
huston_tillotson_rams,56.33333333,18,0.31780456,0.249101307,14,3.5,19.66666667,11.66666667,0.59322034,8.833333333,1.5,7.5,26.33333333,1.5,27.33333333,12.33333333,0,16.66666667,51.16666667,75.83333333,-24.66666666,3.166666667,,,,,,,,0,,0,75.83333333
centenary_la_gentlemen,56.5,15.5,0.27088648,0.246963563,16,4,17.5,9.5,0.5,9,2,9,20.5,0.5,19,12,0,15.5,44.5,80.5,-36.0,0,,,,,,,,0,,0,80.5
cumberland_ky_indians,,22.5,0.361826698,0.20979021,24,5,23.5,14,0.595744680851064,10.5,2,7.5,14,1,21,12.5,1,26.5,64,86.5,-22.5,5.5,,,,,,,,0,,0,86.5
asbury_eagles,73,15,0.205479452,0.166666667,48,8,2,2,1,7,3,6,14,0,25,14,0,16,40,79,-39,3,TRUE,NA,NA,NA,NA,NA,away,0,NA,0,79
salem_university,75,14,0.186666667,0.238095238,42,10,14,10,0.714285714285714,7,3,9,14,0,18,10,0,19,48,86,-38,0,TRUE,NA,NA,NA,NA,NA,away,0,NA,0,86
champion_christian_tigers,58.25,17.25,0.289640843,0.231587615,23.75,5.75,22,14.75,0.670454545454545,9.25,2.5,8,20.75,0.25,24.5,10.75,0.25,18,55,78.5,-23.5,4,,,,,,,,0,,0,78.5
louisiana_christian_wildcats,49,17,0.346938776,0.3,30,9,22,15,0.681818181818182,7,0,7,19,0,24,9,0,29,58,71,-13,3,TRUE,NA,NA,NA,NA,NA,away,0,NA,0,71
mid_atlantic_christian_mustangs,47,14,0.29787234,0.238095238,21,5,7,5,0.714285714285714,7,0,4,31,2,22,5,0,16,38,109,-71,0,TRUE,NA,NA,NA,NA,NA,away,0,NA,0,109
king_tn_tornado,51,19,0.37254902,0.142857143,14,2,16,16,1,4,3,10,23,4,27,7,0,16,56,76,-20,2,TRUE,NA,NA,NA,NA,NA,away,0,NA,0,76
st_andrews_knights,50,12,0.24,0.222222222,18,4,7,5,0.714285714285714,5,1,4,32,2,15,7,0,25,33,117,-84,0,TRUE,NA,NA,NA,NA,NA,away,0,NA,0,117
edward_waters_tigers,63,21,0.33468252,0.160628019,20.5,3,24.5,16,0.653061224489796,9,2,11.5,20,0.5,21.5,17.5,0,19.5,61,69.5,-8.5,4,,,,,,,,0,,0,69.5
coker_cobras,59,16,0.271186441,0.227272727,22,5,23,14,0.608695652173913,8,4,8,16,0,28,16,0,18,51,44,7,11,TRUE,NA,NA,NA,NA,NA,away,0,NA,0,59
notre_dame_college_oh_blue_falcons,62,21,0.338709677,0.1,20,2,7,4,0.571428571428571,5,0,5,23,2,19,13,0,18,48,100,-52,0,TRUE,NA,NA,NA,NA,NA,away,0,NA,0,100
slippery_rock_the_rock,68,20,0.294117647,0.210526316,19,4,15,10,0.666666666666667,6,2,6,15,0,29,11,0,17,54,97,-43,1,TRUE,NA,NA,NA,NA,NA,away,0,NA,0,97
midway_university_midway,49,17,0.346938776,0.272727273,22,6,16,13,0.8125,8,4,10,33,0,31,8,0,15,53,72,-19,3,TRUE,NA,NA,NA,NA,NA,away,0,NA,0,72
unc_pembroke_braves,58,25,0.431034483,0.333333333,18,6,13,9,0.692307692307692,17,1,5,12,2,35,7,0,18,65,45,20,20,TRUE,NA,NA,NA,NA,NA,away,0,NA,0,65
csu_pueblo_thunderwolves,60.5,18,0.297540984,0.296212121,26.5,7.5,7,5.5,0.785714285714286,8.5,6.5,5.5,9,0,28.5,8,0,19.5,49,65.5,-16.5,8.5,,,,,,,,0,,0,65.5
chadron_state_eagles,53,21,0.396226415,0.266666667,15,4,6,2,0.333333333333333,10,2,5,14,0,18,5,0,11,48,71,-23,0,TRUE,NA,NA,NA,NA,NA,away,0,NA,0,71
john_carroll_blue_streaks,48,15,0.3125,0.363636364,11,4,12,6,0.5,10,4,4,28,1,23,8,0,15,40,101,-61,4,TRUE,NA,NA,NA,NA,NA,away,0,NA,0,101
olivet_comets,36,11,0.305555556,0.3,10,3,12,4,0.333333333333333,8,1,5,41,0,18,5,0,11,29,105,-76,0,TRUE,NA,NA,NA,NA,NA,away,0,NA,0,105
westminster_ut_griffins,67,32,0.47761194,0.260869565,23,6,13,8,0.615384615384615,18,1,2,15,1,27,14,0,20,78,83,-5,2,TRUE,NA,NA,NA,NA,NA,away,0,NA,0,83
mercyhurst_lakers,49,15,0.306122449,0.272727273,22,6,16,10,0.625,10,0,7,27,2,23,4,0,27,46,90,-44,2,TRUE,NA,NA,NA,NA,NA,away,0,NA,0,90
warren_wilson_owls,60,13,0.216666667,0.210526316,19,4,11,6,0.545454545454545,7,1,6,24,0,15,9,0,19,36,100,-64,0,TRUE,NA,NA,NA,NA,NA,away,0,NA,0,100
william_jewell_cardinals,51,9,0.176470588,0.190476191,21,4,8,4,0.5,3,3,7,23,2,22,6,0,17,26,81,-55,0,TRUE,NA,NA,NA,NA,NA,away,0,NA,0,81
paul_quinn_tigers,56,19.5,0.348214286,0.267857143,11,3,30.5,16,0.524590163934426,12,0.5,6.5,27.5,0.5,33.5,11,0,20.5,58,76.5,-18.5,1,,,,,,,,0,,0,76.5
graceland_university_graceland,49,13,0.265306122,0,7,0,12,8,0.666666666666667,6,4,2,32,1,30,7,0,13,34,110,-76,0,TRUE,NA,NA,NA,NA,NA,away,0,NA,0,110
academy_of_art_urban_knights,63,20.5,0.328093306,0.160774411,24.5,4,10.5,5,0.476190476190476,10.5,5.5,9,14.5,1.5,23.5,12,0,16.5,50,65.5,-15.5,2.5,,,,,,,,0,,0,65.5
simpson_college_ia_storm,72,21,0.291666667,0.222222222,27,6,11,9,0.818181818181818,15,5,10,15,0,21,10,0,14,57,101,-44,0,TRUE,NA,NA,NA,NA,NA,away,0,NA,0,101
cal_state_la_golden_eagles,68.5,21,0.307898116,0.186298077,29,5.5,12.5,7.5,0.6,10,1,5.5,14.5,2,21.5,16.5,0,13,55,85,-30,0,,,,,,,,0,,0,85
bethel_tn_wildcats,43,13,0.302325581,0.157894737,19,3,23,17,0.739130434782609,8,2,4,16,1,22,4,0,24,46,85,-39,0,TRUE,NA,NA,NA,NA,NA,away,0,NA,0,85
regis_co_rangers,57,18,0.315789474,0.117647059,17,2,10,8,0.8,9,1,5,19,2,27,15,0,6,46,60,-14,5,TRUE,NA,NA,NA,NA,NA,away,0,NA,0,60
upper_iowa_peacocks,61,18,0.295081967,0.304347826,23,7,13,10,0.769230769230769,12,0,4,14,0,26,12,0,23,53,83,-30,0,TRUE,NA,NA,NA,NA,NA,away,0,NA,0,83
columbia_international_columbia_intl,41,15,0.365853659,0.3,20,6,6,4,0.666666666666667,8,2,6,31,2,20,4,0,10,40,81,-41,2,TRUE,NA,NA,NA,NA,NA,away,0,NA,0,81
kings_pa_monarchs,61,19,0.31147541,0.333333333,36,12,6,5,0.833333333333333,14,0,3,18,1,24,9,0,13,55,91,-36,2,TRUE,NA,NA,NA,NA,NA,away,0,NA,0,91
william_peace,40,14,0.35,0.222222222,9,2,23,14,0.608695652173913,6,0,8,32,1,26,9,0,21,44,85,-41,1,TRUE,NA,NA,NA,NA,NA,away,0,NA,0,85
colorado_colorado_springs_mountain_lions,58,20,0.344827586,0.333333333,9,3,10,6,0.6,10,2,14,26,2,25,13,0,14,49,70,-21,0,TRUE,NA,NA,NA,NA,NA,away,0,NA,0,70
oregon_tech_hustlin_owls,51,18,0.352941177,0.076923077,13,1,14,11,0.785714285714286,7,6,4,27,1,30,10,0,14,48,83,-35,1,TRUE,NA,NA,NA,NA,NA,away,0,NA,0,83
connecticut_college_camels,61,13,0.213114754,0.222222222,27,6,10,4,0.4,7,2,10,18,1,18,11,0,8,36,79,-43,4,TRUE,NA,NA,NA,NA,NA,away,0,NA,0,79
johnson_university_fl_suns,41,14,0.341463415,0.428571429,14,6,4,2,0.5,6,1,4,39,0,9,1,0,15,36,127,-91,0,TRUE,NA,NA,NA,NA,NA,away,0,NA,0,127
florida_national_conquistadors,49,12,0.244897959,0.285714286,14,4,12,7,0.583333333333333,6,2,11,28,0,17,4,0,19,35,91,-56,0,TRUE,NA,NA,NA,NA,NA,away,0,NA,0,91
auburn_montgomery_senators,44,16,0.363636364,0.214285714,14,3,7,4,0.571428571428571,9,0,3,24,3,24,3,0,19,39,89,-50,1,TRUE,NA,NA,NA,NA,NA,away,0,NA,0,89
auburn_montgomery_senators,43,20,0.465116279,0.25,12,3,12,6,0.5,9,4,2,27,3,29,9,0,14,49,70,-21,9,TRUE,NA,NA,NA,NA,NA,away,0,NA,0,70
auburn_montgomery_senators,43.5,18,0.414376321,0.232142857,13,3,9.5,5,0.526315789473684,9,2,2.5,25.5,3,26.5,6,0,16.5,44,79.5,-35.5,5,,,,,,,,0,,0,79.5
young_harris_college_mountain_lions,54,23,0.425925926,0.357142857,14,5,12,7,0.583333333333333,11,1,3,18,0,27,4,0,17,58,91,-33,0,TRUE,NA,NA,NA,NA,NA,away,0,NA,0,91
thomas_ga_night_hawks,42,11,0.261904762,0.181818182,11,2,13,7,0.538461538461538,4,3,3,43,0,26,5,0,26,31,100,-69,0,TRUE,NA,NA,NA,NA,NA,away,0,NA,0,100
molloy_lions,40,16,0.4,0.5,14,7,22,12,0.545454545454545,10,8,6,24,2,31,7,0,19,51,52,-1,5,TRUE,NA,NA,NA,NA,NA,away,0,NA,0,52
transylvania_pioneers,57,17,0.298245614,0.21875,32,7,14,10,0.714285714285714,8,1,6,22,0,26,10,0,16,51,74,-23,0,TRUE,NA,NA,NA,NA,NA,away,0,NA,0,74