team,FGA_2,FGM_2,FGR_2,FGR_3,FGA_3,FGM_3,FTA,FTM,FTR,AST,BLK,STL,TOV,TOV_team,DREB,OREB,F_tech,F_personal,team_score,opponent_team_score,point_diff,largest_lead,notD1_incomplete,OT_length_min_tot,rest_days,attendance,tz_dif_H_E,prev_game_dist,home_away,home_away_NS,travel_dist,min,max,offense_weighted_sum,defense_weighted_sum,extra_weighted_sum,offense_weighted_sum_scaled,defense_weighted_sum_scaled,extra_weighted_sum_scaled
missouri_tigers,56.3,25.43333333,0.454973607,0.372333604,20.76666667,8.0,15.63333333,11.43333333,0.73134328,13.43333333,1.866666667,5.566666667,14.73333333,0.933333333,27.26666667,8.833333333,0.1,15.96666667,70.3,66.93333333,3.36666667,12.86666667,,5.0,3.862068966,2986.708333,0.0,565.8275862,,0.066666667,389.9666667,0.0,2986.708333,7.161417389487377,11.535211167766182,46.68362251511138,47.6389404008052,68.18412675502981,37.91618709669639
lsu_tigers,64.0,28.67857143,0.448491245,0.344849407,10.17857143,3.428571429,19.64285714,13.07142857,0.66545455,14.17857143,4.107142857,8.25,13.67857143,0.535714286,30.0,13.53571429,0.107142857,14.5,73.85714286,60.71428571,13.14285715,19.57142857,,5.0,4.259259259,5447.296296,0.071428571,567.3703704,,0.25,420.3928571,0.071428571,5447.296296,10.053736814286676,13.909315714274069,47.362865795082215,66.71099232496053,87.14973458324607,38.640611162090984
south_carolina_gamecocks,61.5483871,26.74193548,0.438016749,0.315578266,15.09677419,4.774193548,19.41935484,13.03225806,0.67109635,14.19354839,7.774193548,6.290322581,14.64516129,0.709677419,30.96774194,16.67741935,0.0,13.67741935,71.29032258,51.67741935,19.61290323,25.19354839,,5.0,3.9,8482.275862,-0.193548387,593.8,,0.129032258,457.6451613,-0.193548387,8482.275862,12.316464455650005,14.416837744758071,49.32552128397684,81.63149477579114,91.20409007003283,40.73381533526309
tennessee_lady_volunteers,63.58064516,26.41935484,0.415849834,0.298011206,14.4516129,4.387096774,19.83870968,12.70967742,0.64065041,14.64516129,5.967741935,6.290322581,17.19354839,0.516129032,31.61290323,16.32258065,0.064516129,15.51612903,69.93548387,60.19354839,9.74193548,17.03225806,,5.0,3.833333333,6886.137931,-0.225806452,565.9333333,,0.161290323,397.9032258,-0.225806452,6886.137931,9.168291283948786,14.210006647427928,46.7303580425222,60.872334607620985,89.55181343191549,37.96603130092136
auburn_tigers,59.89285714,23.14285714,0.389858813,0.279180487,13.78571429,3.928571429,20.35714286,13.5,0.663157894643767,11.21428571,3.428571429,8.464285714,14.96428571,0.785714286,23.64285714,12.53571429,0.142857143,18.57142857,63.71428571,65.89285714,-2.17857143,9.964285714,,5.0,4.111111111,2665.074074,0.0,498.4444444,,0.107142857,271.6428571,0.0,2665.074074,5.829055157874044,10.394885284627517,40.93851852019335,38.853298868533486,59.074598058080106,31.78893973947269
florida_gators,62.0,25.32258065,0.409943033,0.302377481,17.61290323,5.516129032,16.77419355,12.35483871,0.73653846,12.61290323,3.387096774,8.870967742,16.80645161,0.451612903,26.96774194,12.35483871,0.161290323,19.51612903,68.51612903,64.61290323,3.9032258,12.48387097,,10.0,3.833333333,2480.451613,-0.032258065,646.6333333,,0.096774194,547.3548387,-0.032258065,2480.451613,6.976085714701748,11.835888292680846,54.61047706828653,46.41685708096321,70.586095296152,46.370307101312946
arkansas_razorbacks,63.29032258,25.96774194,0.411408343,0.323014153,25.38709677,8.193548387,20.22580645,13.61290323,0.67304625,12.74193548,4.967741935,7.35483871,11.29032258,0.419354839,26.80645161,11.09677419,0.064516129,16.4516129,73.74193548,65.70967742,8.03225806,16.16129032,,5.0,3.8,3501.428571,-0.032258065,593.2,,0.193548387,351.6451613,-0.032258065,3501.428571,8.476185187350906,12.052511741157494,48.17586135487892,56.308563642989306,72.31659843521848,39.50768422110008
alabama_crimson_tide,59.16666667,24.53333333,0.417218108,0.335121952,23.2,7.766666667,19.36666667,13.7,0.707401032580482,11.2,3.0,8.9,15.2,0.7,25.3,12.03333333,0.1,16.9,70.53333333,65.13333333,5.4,16.4,,7.5,3.965517241,3167.758621,-0.1,295.2068966,,0.266666667,190.9333333,-0.1,3167.758621,8.314281236075802,11.457950000000002,26.160190264883322,55.2409635228335,67.56692351924193,16.02761099300767
texas_am_aggies,61.37931034,25.06896552,0.411559012,0.366175443,17.0,6.310344828,17.96551724,12.89655172,0.71785029,13.89655172,4.068965517,5.862068966,15.06896552,0.310344828,26.82758621,12.37931034,0.068965517,18.17241379,69.34482759,67.44827586,1.89655173,14.86206897,,8.333333333,4.035714286,3922.035714,-0.103448276,765.9642857,,0.24137931,693.0,-0.103448276,3922.035714,8.081288809555836,11.323398381285388,64.3130772339187,53.704603597154794,66.49205373857171,56.71828883944267
mississippi_state_bulldogs,64.10714286,27.39285714,0.429734644,0.33205615,21.25,6.785714286,15.53571429,9.785714286,0.629885057315894,13.39285714,5.214285714,9.178571429,11.82142857,0.714285714,23.78571429,11.82142857,0.071428571,14.67857143,71.35714286,68.46428571,2.89285715,13.5,,,4.222222222,4408.72,-0.035714286,400.3703704,,0.214285714,217.2857143,-0.035714286,4408.72,7.504248054353192,11.448357787503971,,49.89957737798389,67.49029583211151,
ole_miss_rebels,61.34482759,25.68965517,0.419366549,0.269821893,11.48275862,3.103448276,19.17241379,12.93103448,0.67446043,14.4137931,4.413793103,9.448275862,14.4137931,0.551724138,24.82758621,14.24137931,0.310344828,17.20689655,67.4137931,56.27586207,11.13793103,18.44827586,,,4.071428571,2830.535714,-0.103448276,623.7142857,,0.137931035,457.137931,-0.103448276,2830.535714,9.565189696741374,11.489147725716741,,63.489496139812516,67.81614751906375,
kentucky_wildcats,63.73333333,27.63333333,0.432660692,0.31902997,17.53333333,5.9,16.26666667,11.33333333,0.69672131,15.8,5.633333333,7.966666667,13.96666667,0.466666667,24.56666667,12.8,0.066666667,15.96666667,72.5,65.53333333,6.96666667,15.56666667,,5.0,4.034482759,5147.142857,-0.1,276.0689655,,0.2,212.5333333,-0.1,5147.142857,8.583971973118414,11.349336667677843,24.723327492952045,57.01931334693612,66.69926254417334,14.49517335048687
ohio_state_buckeyes,64.09090909,31.09090909,0.485293891,0.367670993,22.36363636,7.909090909,18.27272727,13.36363636,0.73134328,17.09090909,4.818181818,8.818181818,13.09090909,0.363636364,29.27272727,10.27272727,0.181818182,14.72727273,83.45454545,55.0,28.45454545,32.09090909,,,3.8,2671.555556,0.0,383.1,,0.636363636,333.9090909,0.0,2671.555556,15.10208944638417,13.766767452824977,,100.0,86.01098337398946,
alabama_crimson_tide,59.16666667,24.53333333,0.417218108,0.335121952,23.2,7.766666667,19.36666667,13.7,0.707401032580482,11.2,3.0,8.9,15.2,0.7,25.3,12.03333333,0.1,16.9,70.53333333,65.13333333,5.4,16.4,,7.5,3.965517241,3167.758621,-0.1,295.2068966,,0.266666667,190.9333333,-0.1,3167.758621,8.314281236075802,11.457950000000002,26.160190264883322,55.2409635228335,67.56692351924193,16.02761099300767
purdue_boilermakers,60.64285714,25.57142857,0.423432057,0.320021004,23.07142857,7.428571429,14.46428571,10.92857143,0.75555556,15.89285714,4.035714286,7.357142857,15.07142857,0.428571429,25.17857143,10.46428571,0.0,17.75,69.5,67.57142857,1.92857143,12.71428571,,5.0,4.185185185,3183.37037,0.0,338.8518519,,0.178571429,174.4642857,0.0,3183.37037,7.399084313260513,11.01480350063941,28.84159360629745,49.20612411916993,64.0268339601354,18.887371504194885
michigan_state_spartans,58.79310345,25.31034483,0.43082377,0.347984307,18.65517241,6.620689655,17.72413793,12.89655172,0.72762646,17.13793103,3.413793103,7.275862069,14.89655172,0.724137931,25.27586207,11.72413793,0.103448276,16.55172414,70.13793103,66.51724138,3.62068965,12.82758621,,,4.107142857,3356.538462,0.0,496.5357143,,0.137931035,322.0344828,0.0,3356.538462,7.643789181421468,11.149339586301995,,50.81971628041027,65.10157965453755,
iowa_hawkeyes,61.43333333,31.0,0.504844226,0.346960256,20.9,7.333333333,18.03333333,15.16666667,0.84103512,19.46666667,3.2,7.0,14.86666667,0.333333333,29.66666667,8.733333333,0.1,15.63333333,84.5,70.83333333,13.66666667,19.9,,5.0,4.034482759,6158.035714,0.0,460.1034483,,0.1,569.3333333,0.0,6158.035714,10.621714980676146,13.171453102014908,41.194850682055254,70.4562595275684,81.25529621245298,32.06232218176253
northwestern_wildcats,61.66666667,24.0,0.391513302,0.312076831,19.51851852,6.037037037,18.03703704,12.66666667,0.70225873,14.51851852,4.925925926,10.0,13.77777778,0.333333333,24.18518519,12.55555556,0.037037037,16.2962963,66.7037037,63.2962963,3.4074074,12.14814815,,5.0,4.384615385,1954.26087,-0.12,514.8076923,,0.074074074,578.1481481,-0.12,1954.26087,7.0959588919404295,11.5463305201151,45.32025502246768,47.20730485827545,68.27295404625568,36.46213337136517
wisconsin_badgers,54.17241379,21.5862069,0.399017465,0.31330677,19.34482759,6.137931034,11.93103448,8.586206897,0.719653179394717,13.13793103,2.586206897,6.689655172,15.20689655,0.689655172,20.93103448,8.793103448,0.0,15.4137931,57.89655172,67.17241379,-9.27586207,5.689655172,,5.0,4.0,2722.357143,0.0,450.9642857,,0.103448276,309.4482759,0.0,2722.357143,4.238318996486715,9.13865858545383,37.92415255849861,28.363930921313788,49.03919209632179,28.57406914899478
vanderbilt_commodores,59.25,23.53125,0.398119191,0.312945351,17.3125,5.4375,14.96875,10.21875,0.68267,13.03125,1.875,10.71875,17.03125,0.8125,21.84375,13.75,0.09375,16.375,62.71875,62.53125,0.1875,12.59375,,5.0,3.677419355,3024.0,-0.09375,564.2580645,,0.15625,461.3125,-0.09375,3024.0,7.028700814582772,10.305080812500002,47.16535874090887,46.76380282572484,58.35719224623593,38.42996665908684
maryland_terrapins,71.77777778,32.77777778,0.455889367,0.37022633,18.22222222,6.888888889,16.77777778,12.77777778,0.7615894,17.11111111,2.777777778,8.888888889,10.22222222,0.222222222,27.11111111,16.88888889,0.333333333,15.88888889,85.22222222,61.77777778,23.44444444,29.44444444,,,4.125,4556.875,0.0,316.125,,0.444444444,112.7777778,0.0,4556.875,14.349369249013627,12.392073666059366,,95.03653760870219,75.0291994074696,
rutgers_scarlet_knights,54.25806452,22.03225806,0.40541524,0.286285372,14.22580645,4.193548387,15.12903226,10.16129032,0.67164179,12.09677419,3.580645161,8.451612903,18.48387097,1.387096774,24.64516129,12.67741935,0.096774194,16.96774194,58.41935484,60.0,-1.58064516,9.096774194,,5.0,3.8,1659.814815,-0.064516129,722.1,,0.193548387,652.0645161,-0.064516129,1659.814815,5.549174844340503,11.110212418403787,60.21070692228966,37.00775863307662,64.78901105983192,52.343043818200776
ecclesia_royals,45.0,10.0,0.222222222,0.153846154,13.0,2.0,25.0,17.0,0.68,6.0,0.0,6.0,27.0,0.0,20.0,4.0,0.0,7.0,39.0,108.0,-69.0,5.0,True,,,,,,away,0.0,,0.0,108.0,2.614340436858792,9.559531,,17.65536147792047,52.40134443781751,
philander_smith_panthers,57.0,20.0,0.350877193,0.142857143,14.0,2.0,17.0,7.0,0.411764705882353,9.0,1.0,10.0,16.0,0.0,28.0,10.0,0.0,13.0,49.0,56.0,-7.0,4.0,True,,,,,,away,0.0,,0.0,57.0,3.2023947549904004,13.319491999999999,,21.533011502833617,82.4379095420287,
taylor_trojans,59.0,22.0,0.372881356,0.269230769,26.0,7.0,12.0,10.0,0.833333333333333,13.0,3.0,6.0,23.0,1.0,32.0,13.0,0.0,10.0,61.0,72.0,-11.0,5.0,True,,,,,,away,0.0,,0.0,72.0,4.102512172759144,14.828944,,27.468416141176192,94.49621367594972,
illinois_fighting_illini,59.59259259,23.7037037,0.39895112,0.317915404,18.2962963,5.814814815,16.88888889,11.14814815,0.66008772,12.55555556,3.407407407,6.703703704,16.81481481,0.37037037,24.96296296,11.74074074,0.074074074,15.33333333,64.37037037,74.44444444,-10.07407407,7.37037037,,,4.384615385,2077.347826,0.115384615,345.8846154,,0.259259259,235.8888889,0.074074074,2077.347826,4.9476562702489755,11.05764136958605,,33.041324849846205,64.36904560529379,
michigan_wolverines,58.33333333,26.7037037,0.459305024,0.315268086,14.74074074,4.703703704,20.14814815,15.14814815,0.75183824,13.81481481,2.555555556,6.777777778,15.85185185,0.592592593,27.03703704,12.85185185,0.111111111,16.03703704,73.25925926,61.59259259,11.66666667,20.37037037,,5.0,4.423076923,3905.0,0.115384615,492.5384615,,0.185185185,333.8148148,0.111111111,3905.0,10.203168965835136,11.79830314912816,41.3625876466343,67.69635297670398,70.28584521077306,32.24121639739985
san_diego_state_aztecs,60.64516129,23.70967742,0.392790651,0.347362814,17.83870968,6.064516129,13.67741935,9.161290323,0.669811321022339,11.90322581,2.096774194,7.193548387,12.87096774,0.741935484,26.90322581,10.93548387,0.161290323,16.87096774,62.64516129,63.74193548,-1.09677419,8.935483871,,,3.933333333,911.962963,-0.206896552,438.6551724,,0.064516129,391.3666667,-0.206896552,911.962963,5.559436417498515,11.656216743843867,,37.075423792884024,69.1507835538184,
colorado_state_rams,60.4375,25.34375,0.418592134,0.345846999,21.65625,7.5625,14.125,10.9375,0.774336283185841,14.3125,3.125,4.6875,9.5625,0.34375,30.71875,7.0625,0.03125,11.65625,69.1875,62.71875,6.46875,14.0,,5.0,3.870967742,1091.666667,-0.166666667,569.9285714,,0.09375,468.5666667,-0.166666667,1091.666667,7.790906108221994,13.68667075,47.7477652615875,51.78981026201,85.37112837840968,39.05111273717605
boise_state_broncos,59.4137931,23.48275862,0.393797844,0.259526761,15.17241379,4.068965517,17.20689655,11.03448276,0.64128257,13.68965517,3.862068966,5.586206897,16.06896552,0.482758621,27.34482759,12.89655172,0.0,16.62068966,62.06896552,65.17241379,-3.10344827,10.06896552,,5.0,4.035714286,862.8461538,-0.037037037,572.8333333,,0.0,471.8518519,-0.037037037,862.8461538,6.2068154664959465,11.70738027698141,48.10001844542561,41.34426309577191,69.55950502567603,39.426796517949185
unlv_lady_rebels,60.84375,27.53125,0.45357862,0.359029573,18.25,6.53125,18.875,13.96875,0.740066225165563,15.15625,2.03125,6.96875,14.125,0.28125,28.4375,11.8125,0.28125,13.96875,75.5625,64.46875,11.09375,16.375,,,3.870967742,952.7037037,0.0,486.7096774,,0.1875,344.1875,0.0,952.7037037,8.850018062603327,12.72925175,,58.77363024200964,77.72275699224139,
fresno_state_bulldogs,60.5862069,25.27586207,0.419442252,0.361812295,20.62068966,7.482758621,15.24137931,11.31034483,0.74208145,13.0,2.24137931,6.413793103,11.65517241,0.655172414,26.24137931,9.75862069,0.137931035,14.44827586,69.34482759,69.13793103,0.20689656,11.03448276,,5.0,4.107142857,1039.791667,0.0,398.75,,-0.103448276,345.7777778,-0.103448276,1039.791667,6.480194756153816,11.56110603448169,34.69558151955884,43.14693536033528,68.39098870119497,25.13074534085284
air_force_falcons,61.19354839,23.32258065,0.382090606,0.285178914,17.0,5.032258065,14.06451613,10.38709677,0.73853211,12.80645161,2.064516129,11.16129032,13.16129032,1.129032258,21.80645161,12.41935484,0.096774194,17.77419355,62.06451613,58.16129032,3.90322581,11.48387097,,10.0,3.966666667,681.1923077,0.0,679.3076923,,-0.064516129,619.1724138,-0.064516129,681.1923077,6.607036314930023,10.201576384888384,57.70156408616983,43.98333288074003,57.530343914955246,49.66700195279477
wyoming_cowgirls,57.51851852,22.59259259,0.394398638,0.303375774,21.25925926,6.62962963,14.03703704,10.55555556,0.75197889,13.25925926,2.296296296,5.296296296,12.96296296,0.888888889,28.40740741,11.62962963,0.037037037,11.44444444,62.37037037,58.59259259,3.77777778,11.96296296,,5.0,4.538461538,1706.125,-0.08,654.1304348,,-0.111111111,477.56,-0.111111111,1706.125,6.92831991328579,12.73544381656386,54.1582480401105,46.10188777397968,77.77222250810047,45.887997447701366
nevada_wolf_pack,60.80243924,25.66481771,0.422887413,0.325744286,18.3418135,6.066841421,16.83012737,12.02224126,0.7143286,14.11762916,3.627111225,7.674049883,14.40302448,0.573421975,26.19713247,11.91531341,0.096163539,15.93860462,69.41871811,64.43549599,4.98322212,14.36553607,,5.716145833,4.028190516,3188.680919,-0.050865668,530.4948287,,0.126784489,405.2607528,-0.050865668,3188.680919,7.905889982520697,11.781189542513527,44.56766110908414,52.548017810686126,70.14913263336913,35.65947965597186
san_jose_state_spartans,59.5,21.6,0.365750514,0.285890357,21.5,6.166666667,15.06666667,10.76666667,0.71460177,11.8,3.166666667,7.1,14.5,0.533333333,23.1,9.966666667,0.233333333,15.43333333,60.13333333,77.16666667,-17.03333334,5.833333333,,,4.034482759,679.4074074,-0.035714286,580.8518519,,-0.1,437.7241379,-0.1,679.4074074,4.214721259069931,10.269743967234456,,28.208326644190517,58.074902761479045,
new_mexico_lobos,62.26666667,28.23333333,0.45463758,0.347182581,26.93333333,9.333333333,14.0,10.56666667,0.754761905,16.23333333,4.3,8.166666667,13.6,0.3,28.1,8.766666667,0.166666667,13.06666667,76.36666667,68.63333333,7.73333334,16.06666667,,,4.103448276,3128.730769,-0.033333333,631.3103448,,0.1,460.6,-0.033333333,3128.730769,8.754451960213196,13.278521832886053,,58.14346413679109,82.11061809090768,
texas_am_corpus_christi_islanders,56.75862069,22.79310345,0.403785414,0.235887371,12.89655172,3.24137931,20.96551724,14.75862069,0.70394737,14.82758621,3.24137931,10.24137931,17.89655172,0.413793103,26.48275862,13.65517241,0.0,17.44827586,63.5862069,57.44827586,6.13793104,15.10344828,,5.0,4.392857143,687.12,-0.038461538,351.6818182,,-0.068965517,324.4615385,-0.068965517,687.12,8.251292135235447,12.265201965404348,31.365150140617956,54.8256112655473,74.01568089049391,21.578785814431498
southern_jaguars,62.75862069,22.96551724,0.364151939,0.240925648,16.24137931,4.0,16.20689655,9.862068966,0.608510638392395,9.586206897,2.068965517,12.03448276,15.44827586,0.827586207,19.62068966,13.51724138,0.172413793,21.0,59.79310345,63.13793103,-3.34482758,11.24137931,,7.5,4.285714286,1873.555556,0.0,362.8,,-0.310344828,493.8148148,-0.310344828,1873.555556,6.077279856095473,8.931497278345045,34.12808040381424,40.49010090801271,47.38427756714277,24.52549612086596
pittsburgh_panthers,61.10344828,22.82758621,0.373283799,0.286055413,14.93103448,4.379310345,18.51724138,11.65517241,0.62942272,11.79310345,5.137931034,6.793103448,18.55172414,0.827586207,28.44827586,15.5862069,0.137931035,17.37931034,61.68965517,64.82758621,-3.13793104,9.103448276,,5.0,4.0,1653.576923,-0.107142857,632.0357143,,0.137931035,427.9655172,-0.107142857,1653.576923,5.667185962566358,12.524647827265984,51.77715135775974,37.785927930400106,76.08827220748503,43.34851889916102
south_dakota_coyotes,59.86666667,26.46666667,0.44221571,0.330268094,19.2,6.333333333,14.0,10.53333333,0.752380952142857,14.23333333,3.366666667,9.0,10.46666667,0.133333333,24.26666667,9.866666667,0.066666667,15.2,69.8,53.06666667,16.73333333,22.63333333,,,4.103448276,2364.730769,-0.071428571,388.1851852,,0.1,445.4482759,-0.071428571,2364.730769,11.083644768235963,11.326138034857461,,73.5022401402617,66.5139395461321,
stephen_f_austin_ladyjacks,59.93103448,26.82758621,0.446572625,0.329808497,21.31034483,7.0,19.72413793,13.82758621,0.70104895,16.10344828,4.275862069,12.27586207,15.93103448,0.965517241,24.24137931,11.48275862,0.275862069,17.06896552,74.48275862,55.34482759,19.13793103,23.06896552,,,4.392857143,1042.56,-0.185185185,786.5384615,,-0.034482759,696.8214286,-0.185185185,1042.56,11.409202075442588,11.928199585880698,,75.64897601393298,71.3235269259086,
tcu_horned_frogs,58.07142857,21.53571429,0.372886606,0.284132877,19.32142857,5.357142857,17.21428571,11.89285714,0.69087137,13.21428571,2.5,6.75,16.89285714,0.464285714,25.75,9.142857143,0.071428571,18.42857143,60.32142857,73.42857143,-13.10714286,5.035714286,,10.0,4.481481481,2278.892857,-0.107142857,608.5925926,,0.142857143,423.5714286,-0.107142857,2278.892857,4.0354387798229245,10.83679874979259,51.10938303226637,27.026131923935,62.604837485259885,42.6363330603605
texas_southern_tigers,60.92,24.12,0.397715089,0.299974001,18.72,5.8,21.0,14.6,0.695238095238095,11.72,4.36,9.4,21.8,0.76,24.96,11.84,0.24,18.08,68.64,76.36,-7.72,8.36,,5.0,5.041666667,1713.75,0.0,803.4583333,,-0.32,548.8,-0.32,1713.75,5.122434887057939,11.39724632,65.647024544545,34.193820949146826,67.08199028818308,58.14096545955967
little_rock_trojans,58.85185185,23.74074074,0.404309623,0.294093842,13.85185185,4.037037037,14.11111111,9.37037037,0.66404199,13.37037037,3.296296296,7.703703704,15.66666667,0.555555556,24.55555556,12.0,0.111111111,17.66666667,60.88888889,57.51851852,3.37037037,12.11111111,,15.0,4.5,1510.090909,-0.04,335.7727273,,-0.037037037,302.08,-0.04,1510.090909,6.892426472080651,10.744037112631549,31.518957120563307,45.865205211005666,61.86380826879705,21.742823473667315
charleston_cougars,69.4,27.56666667,0.398041506,0.285063784,25.16666667,7.266666667,16.33333333,12.43333333,0.76122449,14.36666667,4.1,11.33333333,13.26666667,0.266666667,24.46666667,14.33333333,0.066666667,15.1,74.83333333,66.36666667,8.46666666,17.0,,5.0,4.24137931,414.3846154,0.0,394.76,,-0.066666667,354.2142857,-0.066666667,414.3846154,9.023053985541313,12.090242633998898,34.58734072107217,59.91463495909631,72.6180128433123,25.015304759262335
towson_tigers,67.46666667,27.0,0.398321587,0.325240271,22.16666667,7.033333333,19.13333333,13.43333333,0.70209059,13.73333333,4.666666667,8.166666667,14.26666667,0.366666667,29.16666667,15.73333333,0.633333333,15.73333333,74.46666667,61.06666667,13.4,19.56666667,,,4.24137931,835.5714286,0.0,240.5769231,,0.0,204.1071429,0.0,835.5714286,10.03645579027316,13.369672402146753,,66.5970406692539,82.83877724146402,
drexel_dragons,59.48387097,25.4516129,0.432896724,0.297079316,16.58064516,5.064516129,12.48387097,9.612903226,0.770025839669504,16.70967742,2.935483871,7.387096774,11.09677419,0.709677419,24.06451613,11.83870968,0.096774194,14.0,65.58064516,55.80645161,9.77419355,15.48387097,,7.5,4.133333333,739.48,-0.096774194,467.7666667,,0.225806452,394.3225806,-0.096774194,739.48,8.68078177564228,10.974185710052774,40.38588341883463,57.657680452820536,63.70235747983555,31.199545366924426
elon_phoenix,55.89655172,22.31034483,0.400981332,0.308695947,19.4137931,5.896551724,15.93103448,11.82758621,0.74242424,12.5862069,3.448275862,7.24137931,16.93103448,1.24137931,22.93103448,11.62068966,0.0,17.27586207,62.34482759,62.27586207,0.06896552,11.34482759,,5.0,4.357142857,1313.692308,0.0,245.1428571,,0.0,195.5862069,0.0,1313.692308,6.441095454173273,9.98280392954208,22.59797994275706,42.8891132431869,55.782673367835905,12.228455433520793
james_madison_dukes,58.27586207,22.20689655,0.385579805,0.287961516,18.51724138,5.206896552,19.0,13.93103448,0.733212341052632,9.172413793,2.551724138,5.931034483,15.72413793,0.482758621,27.03448276,12.93103448,0.310344828,16.44827586,63.55172414,64.5862069,-1.03448276,10.55172414,,5.0,4.142857143,1629.517241,0.0,252.5357143,,0.034482759,172.7931034,0.0,1629.517241,5.865453181424545,11.517724897545925,22.751751810962784,39.09330866452618,68.04443714285014,12.392455645512136
utsa_roadrunners,58.79310345,19.44827586,0.333066486,0.228872919,14.20689655,3.310344828,17.72413793,11.5862069,0.653696498287181,9.724137931,3.068965517,8.0,20.13793103,1.103448276,26.17241379,15.62068966,0.206896552,21.34482759,53.79310345,66.0,-12.20689655,4.655172414,,5.0,4.285714286,892.4,0.0,701.2142857,,-0.034482759,540.8275862,-0.034482759,892.4,3.6303557309585606,10.941991273841698,57.94005255575024,24.35500062519458,63.44517122730597,49.92135380547794
william_mary_tribe,53.33333333,20.92592593,0.392461749,0.318829833,18.92592593,6.0,11.33333333,8.518518519,0.751633987191657,13.85185185,1.777777778,7.518518519,19.48148148,1.037037037,23.18518519,8.703703704,0.0,15.66666667,56.37037037,63.85185185,-7.48148148,9.148148148,,7.5,4.5,527.1304348,0.0,226.96,,-0.037037037,166.0384615,-0.037037037,527.1304348,5.587032464373282,10.222209816603254,21.473885319387108,37.257393057545556,57.69517472437774,11.029590135972569
delaware_blue_hens,67.43333333,26.43333333,0.392698298,0.299660824,16.03333333,4.833333333,19.66666667,14.06666667,0.71525424,11.96666667,3.633333333,7.8,13.93333333,0.233333333,27.2,17.2,0.066666667,16.13333333,71.76666667,63.13333333,8.63333334,15.6,,5.0,4.275862069,875.4615385,0.034482759,510.0714286,,-0.166666667,378.2758621,-0.166666667,875.4615385,8.332307280013259,12.234013767134783,42.9225501714946,55.3598278650685,73.76653300097942,33.90494193940453
unc_wilmington_seahawks,54.44444444,19.96296296,0.36832178,0.306416612,14.92592593,4.555555556,12.88888889,9.407407407,0.729885057376734,10.11111111,2.074074074,7.037037037,17.44444444,1.222222222,20.40740741,11.03703704,0.037037037,17.2962963,53.88888889,68.2962963,-14.40740741,3.074074074,,5.0,4.615384615,816.3846154,0.0,281.84,,-0.037037037,239.2692308,-0.037037037,816.3846154,2.891111868038192,8.636036852424239,25.767782270607416,19.48040163818651,45.02398278778514,15.609101450272266
hofstra_pride,53.89285714,19.71428571,0.367852888,0.230862818,13.75,3.107142857,13.92857143,8.678571429,0.623076923043787,10.75,1.5,8.821428571,17.89285714,1.142857143,22.60714286,10.89285714,0.107142857,17.28571429,51.21428571,61.89285714,-10.67857143,5.964285714,,5.0,4.481481481,621.56,0.0,317.04,,-0.142857143,299.0,-0.142857143,621.56,4.087043714393204,9.995851929088017,28.74294329408153,27.366416604537076,55.88690771703295,18.782159333040287
buffalo_bulls,65.81818182,28.36363636,0.432543974,0.319618336,17.48484848,5.666666667,18.6969697,13.66666667,0.730956239930153,14.87878788,3.96969697,9.515151515,13.96969697,0.454545455,27.90909091,14.09090909,0.363636364,14.0,76.06060606,66.21212121,9.84848485,16.72727273,,5.0,3.84375,1105.266667,-0.151515152,345.84375,,0.090909091,374.7575758,-0.151515152,1105.266667,9.02070527981138,13.334661909484533,31.105658405677893,59.89914751422707,82.55909483460411,21.302033635786977
northeastern_huskies,57.14285714,23.28571429,0.409760097,0.277389642,17.46428571,4.821428571,13.85714286,9.964285714,0.719072164779573,11.46428571,2.392857143,7.964285714,18.07142857,0.714285714,24.25,11.32142857,0.0,18.25,61.35714286,60.82142857,0.53571429,11.17857143,,5.0,4.481481481,585.2916667,0.0,281.962963,,-0.035714286,277.8571429,-0.035714286,585.2916667,6.229849300342086,10.479704428517639,26.07890645244354,41.496148973714455,59.75217842062619,15.940920477849499
central_michigan_chippewas,58.46428571,21.78571429,0.373126389,0.270027213,24.35714286,6.642857143,13.25,9.464285714,0.714285714264151,11.28571429,2.25,5.821428571,16.60714286,0.928571429,25.28571429,10.67857143,0.0,17.32142857,59.67857143,72.10714286,-12.42857143,4.25,,,4.296296296,1169.0,0.0,318.2592593,,0.0,216.0357143,0.0,1169.0,3.5611586734230243,10.545434537755488,,23.898712891896214,60.277265437600455,
kent_state_golden_flashes,59.37931034,24.34482759,0.412457009,0.352860172,23.5862069,8.137931034,16.20689655,11.82758621,0.72978723,12.51724138,2.793103448,5.965517241,14.20689655,0.75862069,26.65517241,12.13793103,0.137931035,15.4137931,68.65517241,61.34482759,7.31034482,14.27586207,,,4.107142857,737.4814815,0.111111111,335.4583333,,0.0,316.1111111,0.0,737.4814815,7.701013493406811,11.550352446965475,,51.19705532538254,68.30508333368329,
depaul_blue_demons,75.4375,34.0625,0.45222203,0.346669091,25.0625,8.65625,15.0625,11.5,0.763485477178423,18.59375,3.5625,9.9375,13.84375,0.28125,25.15625,15.25,0.0,15.09375,88.28125,78.28125,10.0,18.6875,,7.5,3.741935484,1508.413793,-0.09375,856.4193548,,0.125,683.8125,-0.09375,1508.413793,10.222355344419746,11.99767709375,70.24453736430789,67.82286860477213,71.87855015311618,63.04428806252955
akron_zips,58.0,24.82142857,0.430873249,0.317646264,18.75,6.0,16.96428571,11.78571429,0.69473684,14.39285714,3.535714286,7.142857143,14.92857143,0.5,25.5,10.21428571,0.142857143,15.57142857,67.42857143,66.71428571,0.71428572,11.53571429,,,4.518518519,874.7692308,0.0,208.3076923,,-0.107142857,128.0740741,-0.107142857,874.7692308,6.769405396205958,11.382342750285272,,45.054000083822864,66.96293265912212,
toledo_rockets,60.06666667,26.2,0.438539651,0.315479257,21.36666667,6.733333333,17.86666667,13.23333333,0.74067164,14.3,3.2,6.233333333,12.73333333,0.466666667,29.5,11.8,0.066666667,15.86666667,72.36666667,60.1,12.26666667,17.13333333,,5.0,4.206896552,1964.037037,-0.133333333,372.8965517,,0.0,304.6333333,-0.133333333,1964.037037,9.079215462610415,12.87286803272204,32.52464557060173,60.28496563475241,78.87004012257316,22.815406651124
utah_state_aggies,63.4,24.73333333,0.389824259,0.29044671,22.13333333,6.566666667,17.2,12.56666667,0.730620155232558,14.2,3.166666667,7.0,16.7,0.366666667,26.66666667,12.43333333,0.133333333,15.26666667,68.6,76.43333333,-7.83333333,5.433333333,,,4.068965517,891.1851852,0.0,781.7142857,,-0.066666667,500.0344828,-0.066666667,891.1851852,4.449376591576117,11.876183367695507,,29.755651828077657,70.90799375309263,
miami_oh_redhawks,64.31034483,25.93103448,0.403264275,0.288699307,20.68965517,6.034482759,12.82758621,9.482758621,0.7392473116733,13.55172414,2.689655172,9.689655172,17.79310345,0.379310345,24.4137931,12.62068966,0.034482759,20.86206897,67.37931034,72.17241379,-4.79310345,6.379310345,,,4.107142857,870.6538462,0.0,198.9642857,,-0.034482759,151.8965517,-0.034482759,870.6538462,4.688440039889945,10.604965238971683,,31.332044276406673,60.75282829125228,
western_michigan_broncos,57.3,23.23333333,0.405526767,0.316295246,22.33333333,7.166666667,16.66666667,11.4,0.6839999998632,12.36666667,2.933333333,8.933333333,15.06666667,0.8,24.96666667,8.566666667,0.066666667,16.26666667,65.03333333,63.06666667,1.96666666,12.4,,5.0,4.137931034,1008.346154,0.0,390.7692308,,-0.166666667,373.3928571,-0.166666667,1008.346154,6.782417339939299,11.40829876751383,34.43174511293862,45.139801280049205,67.17028310805807,24.84935949881531
bowling_green_falcons,58.76666667,26.36666667,0.4493862,0.376493012,20.73333333,7.866666667,17.03333333,12.1,0.710371820099877,15.13333333,1.733333333,9.133333333,15.43333333,0.566666667,25.36666667,9.2,0.166666667,16.86666667,72.7,69.06666667,3.63333333,12.86666667,,5.0,4.068965517,1316.384615,-0.206896552,304.037037,,0.066666667,325.9655172,-0.206896552,1316.384615,7.327937965252818,11.401894867513828,27.825502997074402,48.73698269869527,67.11912535422209,17.803694253866787
ball_state_cardinals,60.74193548,26.38709677,0.435593561,0.317858573,27.16129032,8.709677419,14.77419355,10.41935484,0.70524017,15.77419355,3.193548387,7.709677419,13.70967742,0.774193548,25.90322581,9.096774194,0.0,16.51612903,71.90322581,68.03225806,3.87096775,12.03225806,,5.0,4.1,1069.391304,-0.064516129,302.6333333,,0.032258065,288.2903226,-0.064516129,1069.391304,7.11729856920964,11.521414743781413,27.38343460863291,47.3480194105595,68.0739135939827,17.332221088683657
northern_illinois_huskies,61.86206897,24.86206897,0.404698762,0.320163802,23.10344828,7.344827586,13.34482759,9.586206897,0.718346253059385,11.82758621,1.551724138,6.344827586,15.10344828,0.689655172,29.37931034,12.31034483,0.24137931,13.06896552,66.65517241,69.24137931,-2.5862069,11.51724138,,5.0,4.285714286,713.8214286,0.034482759,441.0,,-0.034482759,267.4137931,-0.034482759,713.8214286,6.5846195224122415,13.08449030771696,36.985378394265425,43.835515794146346,80.56059123211557,27.572851151563256
eastern_michigan_eagles,62.84615385,24.5,0.387183775,0.280612133,19.26923077,5.461538462,17.38461538,12.0,0.69026548690892,9.653846154,3.153846154,8.692307692,14.07692308,0.423076923,25.34615385,11.92307692,0.192307692,16.65384615,66.46153846,71.92307692,-5.46153846,9.923076923,,,4.64,878.2916667,0.0,333.5652174,,0.0,309.6,0.0,878.2916667,5.653089411836818,11.480462156123584,,37.69297479902737,67.74676257689228,
ohio_bobcats,64.31034483,26.13793103,0.409126989,0.329442305,26.93103448,8.827586207,18.89655172,12.75862069,0.67518248,12.62068966,2.551724138,9.689655172,13.20689655,0.482758621,25.75862069,11.79310345,0.068965517,16.06896552,73.86206897,71.10344828,2.75862069,12.13793103,,,4.285714286,917.0,0.0,431.0769231,,-0.034482759,308.8214286,-0.034482759,917.0,6.883824549283492,11.936586344468164,,45.808483841703115,71.39052480709029,
troy_trojans,73.67741935,28.32258065,0.385648796,0.259959742,19.80645161,5.322580645,23.5483871,17.32258065,0.735616438460874,14.87096774,4.870967742,10.74193548,16.87096774,0.129032258,32.09677419,18.93548387,0.322580645,19.09677419,79.29032258,68.12903226,11.16129032,18.06451613,,,3.933333333,1230.071429,-0.034482759,426.4074074,,-0.064516129,327.7241379,-0.064516129,1230.071429,9.691040415987692,14.830640352857152,,64.31936003090907,94.50976504337976,
coastal_carolina_chanticleers,62.29166667,26.375,0.421195395,0.298088228,17.20833333,5.0,20.33333333,14.125,0.694672131261422,13.5,3.125,8.333333333,19.16666667,0.708333333,29.375,16.75,0.125,19.20833333,71.875,60.875,11.0,19.54166667,,,5.0,519.6315789,0.0,452.6315789,,0.208333333,357.2380952,0.0,519.6315789,9.93733098003376,12.803475292102615,,65.94340832434473,78.31569406117117,
arkansas_state_red_wolves,65.78571429,27.71428571,0.420192356,0.327814223,22.35714286,7.392857143,20.46428571,14.75,0.720767888458101,14.42857143,2.107142857,9.142857143,14.85714286,0.357142857,25.82142857,13.67857143,0.107142857,19.53571429,77.57142857,73.03571429,4.53571428,14.75,,,4.185185185,758.65,0.0,551.8636364,,-0.107142857,387.8,-0.107142857,758.65,8.137705295905183,11.238935034430295,,54.07661581261326,65.81731567167884,
georgia_southern_eagles,68.15384615,28.42307692,0.416145271,0.300635978,19.88461538,6.076923077,21.53846154,15.15384615,0.70357143,13.34615385,3.961538462,10.53846154,19.15384615,0.769230769,29.53846154,16.80769231,0.0,18.96153846,78.07692308,68.46153846,9.61538462,16.88461538,,5.0,4.52,552.0,-0.041666667,504.6190476,,0.076923077,368.625,-0.041666667,552.0,8.90281882887556,13.5586110398233,42.59819774126948,59.121800277222505,84.34811941051112,33.55901476860589
georgia_lady_bulldogs,62.60714286,27.28571429,0.435545976,0.313505592,10.67857143,3.357142857,15.35714286,11.32142857,0.7372093,16.32142857,6.214285714,8.571428571,16.10714286,0.571428571,27.0,13.53571429,0.142857143,14.96428571,69.25,59.10714286,10.14285714,17.14285714,,5.0,4.148148148,3270.692308,0.0,425.1111111,,0.25,253.1785714,0.0,3270.692308,9.269779423453734,12.811168143379787,35.64829926339171,61.541550825486894,78.37714864227556,26.1468343939394
louisiana_ragin_cajuns,55.48,25.24,0.454799686,0.270057488,12.04,3.52,18.76,12.88,0.69,9.28,2.52,7.2,14.48,0.72,27.28,8.56,0.08,16.0,66.88,57.88,9.0,15.76,,5.0,4.875,586.2,0.0,276.5263158,,0.08,218.0454545,0.0,586.2,7.770792807463,12.01399472,25.351203341285203,51.65718247783353,72.00890401668133,15.16481321005547
texas_state_bobcats,59.03571429,25.32142857,0.428712379,0.317235299,18.53571429,5.857142857,17.21428571,11.85714286,0.68879668,16.57142857,2.321428571,8.142857143,16.96428571,0.535714286,26.03571429,11.35714286,0.142857143,16.89285714,68.35714286,65.21428571,3.14285715,14.25,,10.0,4.259259259,1063.545455,0.0,752.7619048,,-0.178571429,531.36,-0.178571429,1063.545455,8.072295440747737,11.523350645206548,62.14326039719728,53.64530101964193,68.08937860258024,54.40414370121345
georgia_state_panthers,60.30769231,23.5,0.389439663,0.289769515,20.0,5.692307692,18.88461538,12.0,0.635437882029028,11.65384615,2.846153846,9.230769231,15.96153846,0.5,24.42307692,10.34615385,0.269230769,20.19230769,64.69230769,67.42307692,-2.73076923,8.653846154,,5.0,4.52,782.5416667,-0.043478261,209.1363636,,0.038461538,207.75,-0.043478261,782.5416667,5.288225210668307,10.610407614408242,20.299568530511557,35.28704793967498,60.79630487628116,9.777162077656143
south_alabama_jaguars,60.73076923,22.03846154,0.364986567,0.287716609,24.23076923,6.961538462,16.19230769,9.769230769,0.603325415748692,11.26923077,2.038461538,8.923076923,15.96153846,0.884615385,23.30769231,10.5,0.192307692,17.26923077,60.80769231,69.23076923,-8.42307692,7.730769231,,5.0,4.52,566.952381,0.043478261,291.6,,-0.076923077,329.0869565,-0.076923077,566.952381,4.867546212242362,10.3973298470089,27.295749768088122,32.51307642304762,59.09412652050823,17.23870377237887
gonzaga_bulldogs,57.5625,24.9375,0.433357249,0.347958007,18.71875,6.625,16.59375,12.8125,0.772128060263653,14.75,4.0,7.84375,14.84375,0.78125,26.46875,14.15625,0.125,15.5,69.3125,55.75,13.5625,20.5,,,3.774193548,2895.64,-0.032258065,765.2258065,,0.0625,884.25,-0.032258065,2895.64,10.417864276225917,12.05516334375,,69.11206110096475,72.33778084479675,
byu_cougars,65.14814815,30.62962963,0.472802686,0.329266124,22.14814815,7.333333333,14.11111111,10.59259259,0.75065617,20.62962963,4.740740741,9.851851852,12.48148148,0.555555556,26.88888889,13.37037037,0.074074074,15.81481481,79.18518519,58.44444444,20.74074075,26.33333333,,5.0,4.576923077,1625.458333,-0.076923077,529.9230769,,0.111111111,398.962963,-0.076923077,1625.458333,13.391666379164194,12.77624729761235,44.70719875377904,88.7214125554075,78.09818238241601,35.80829883582419
app_state_mountaineers,60.76,24.84,0.409477212,0.285251509,27.6,7.8,18.2,11.64,0.63956043956044,12.72,2.64,9.36,19.64,0.92,26.84,11.0,0.12,17.88,69.12,68.12,1.0,12.92,,6.666666667,4.791666667,692.8695652,-0.045454545,386.0952381,,0.0,263.6956522,-0.045454545,692.8695652,7.038525024685446,12.068170760000001,33.65542514851437,46.82858399878113,72.44169099307507,24.021401562007526
pacific_tigers,62.48275862,24.86206897,0.398864081,0.321720892,19.37931034,6.137931034,17.93103448,12.37931034,0.69038462,14.24137931,1.75862069,7.75862069,16.79310345,0.172413793,24.86206897,10.06896552,0.034482759,19.17241379,68.24137931,76.96551724,-8.72413793,7.896551724,,5.0,4.0,796.037037,0.0,506.6666667,,-0.103448276,428.0714286,-0.103448276,796.037037,5.287733741205022,10.48621676122784,43.00735815696699,35.28380717344337,59.80420239253181,33.995391042730915
san_diego_toreros,59.79310345,24.06896552,0.403184758,0.316930588,16.65517241,5.275862069,19.34482759,13.17241379,0.68092692,14.27586207,2.310344828,13.10344828,18.03448276,0.689655172,21.75862069,13.37931034,0.068965517,21.62068966,66.5862069,65.62068966,0.96551724,10.31034483,,5.0,4.107142857,606.25,0.0,561.3571429,,-0.034482759,402.9310345,-0.034482759,606.25,6.263840574113986,10.08955120737528,46.653125680410014,41.72028858042157,56.635427308723656,37.88366172378879
loyola_marymount_lions,54.03448276,21.68965517,0.404357267,0.269913266,16.68965517,4.793103448,15.44827586,10.82758621,0.70089286,12.13793103,2.275862069,7.551724138,18.34482759,1.068965517,23.79310345,9.793103448,0.068965517,15.4137931,59.0,67.17241379,-8.17241379,6.620689655,,5.0,4.142857143,787.5,0.0,798.2857143,,-0.206896552,522.1034483,-0.206896552,798.2857143,4.488110858728515,10.597868656511674,64.45034931166892,30.011066893246642,60.69613702209352,56.86469175510087
pepperdine_waves,58.13043478,23.34782609,0.403728749,0.245285038,15.30434783,3.913043478,13.08695652,8.652173913,0.661129568190848,12.2173913,3.826086957,7.695652174,16.34782609,0.304347826,24.0,11.52173913,0.173913044,16.7826087,59.26086957,67.26086957,-8.0,7.652173913,,5.0,4.954545455,526.7142857,0.0,430.6363636,,0.086956522,335.2608696,0.0,526.7142857,5.00043176491638,10.68899412981809,37.36550997833782,33.389328243243725,61.42409569284042,27.97826770206698
santa_clara_broncos,59.06666667,24.7,0.417848372,0.343864401,21.63333333,7.233333333,17.76666667,13.93333333,0.78424015,14.6,2.5,6.9,15.13333333,0.6,25.16666667,11.46666667,0.066666667,17.36666667,70.56666667,68.63333333,1.93333334,12.7,,5.0,3.965517241,601.9565217,0.0,442.96,,0.033333333,420.0357143,0.0,601.9565217,7.276507064921399,10.77690106763434,38.45008502281498,48.39784560573918,62.12634299296658,29.134984722483303
kansas_state_wildcats,59.29032258,24.41935484,0.413117394,0.280896322,19.25806452,5.516129032,16.61290323,12.5483871,0.755339805828749,17.06451613,5.322580645,7.548387097,13.61290323,0.322580645,26.67741935,9.903225806,0.096774194,15.61290323,66.90322581,60.38709677,6.51612904,16.32258065,,10.0,4.066666667,3683.4,0.0,635.2666667,,0.129032258,328.7096774,0.0,3683.4,8.9515970456616,12.212395481067917,51.77232735718692,59.44344548533281,73.59383465201014,43.343374023665774
baylor_bears,61.09090909,28.09090909,0.46027517,0.345908532,19.12121212,6.696969697,19.33333333,14.12121212,0.73040752,17.60606061,3.939393939,6.696969697,12.60606061,0.242424242,28.15151515,11.18181818,0.333333333,14.6969697,77.0,60.48484848,16.51515152,22.81818182,,5.0,3.875,3899.28125,-0.060606061,704.25,,0.121212121,554.0909091,-0.060606061,3899.28125,11.619545902224058,12.63943869579168,58.023365189434585,77.03599030837941,77.00528262217844,50.01020809166968
saint_marys_gaels,58.93103448,24.48275862,0.418068738,0.330870089,21.27586207,6.965517241,18.24137931,13.10344828,0.71833648,13.96551724,2.206896552,5.793103448,18.31034483,0.896551724,27.48275862,12.13793103,0.103448276,18.24137931,69.03448276,72.72413793,-3.68965517,9.517241379,,5.0,3.964285714,695.2962963,0.0,686.3214286,,0.0,494.4482759,0.0,695.2962963,5.967614866664701,11.37368665487559,56.22918183471172,39.76696626570716,66.89378317237978,48.096682204527355
portland_pilots,60.62068966,26.55172414,0.441459935,0.267409533,19.51724138,5.172413793,18.13793103,12.82758621,0.70722433,18.17241379,5.034482759,11.34482759,16.48275862,0.724137931,24.82758621,12.5862069,0.068965517,18.93103448,71.10344828,61.5862069,9.51724138,16.5862069,,5.0,4.142857143,834.3181818,-0.037037037,556.2,,0.137931035,671.0,-0.037037037,834.3181818,9.195971768772962,11.767728589014459,49.007605313886124,61.054860658971315,70.0415993887053,40.39475275444982
texas_tech_lady_raiders,56.69230769,25.0,0.442726999,0.365014018,13.07692308,4.769230769,17.92307692,13.03846154,0.72746781,12.80769231,3.269230769,6.269230769,16.19230769,0.923076923,25.69230769,10.88461538,0.076923077,17.38461538,67.80769231,68.38461538,-0.57692307,9.461538462,,5.0,4.76,3967.869565,0.0,609.96,,0.153846154,376.6153846,0.0,3967.869565,5.793639156598721,10.943494422671689,50.21100429523507,38.619764560573785,63.457179178370716,41.67819744660481
oklahoma_sooners,66.09375,29.125,0.442165059,0.347761135,26.9375,9.4375,20.46875,15.625,0.763358778625954,19.09375,3.0,9.75,18.8125,0.21875,29.125,11.8125,0.0625,19.21875,83.3125,76.03125,7.28125,15.40625,,7.5,3.967741935,2502.814815,-0.03125,500.0322581,,0.15625,434.34375,-0.03125,2502.814815,8.845977787852746,13.02579675,42.94611855056379,58.746988533915356,80.0917159252804,33.93007800108305
oklahoma_state_cowgirls,61.10344828,21.03448276,0.345186817,0.289301676,18.24137931,5.275862069,16.75862069,10.31034483,0.61522634,11.5862069,3.827586207,9.068965517,14.44827586,0.75862069,24.37931034,12.5862069,0.034482759,16.13793103,57.65517241,61.5862069,-3.93103449,9.482758621,,,4.321428571,3030.222222,-0.172413793,598.6428571,,0.034482759,392.7586207,-0.172413793,3030.222222,5.697036800348318,11.302284826054429,,37.98276536241942,66.32338744754475,
west_virginia_mountaineers,62.35714286,25.07142857,0.404176078,0.324611317,15.35714286,4.714285714,16.82142857,12.03571429,0.71549894,14.85714286,4.857142857,9.285714286,17.03571429,0.535714286,25.07142857,12.60714286,0.178571429,20.10714286,66.89285714,65.75,1.14285714,13.25,,8.333333333,4.259259259,2461.8,-0.035714286,1054.666667,,0.071428571,739.2142857,-0.035714286,2461.8,7.5082076217121125,11.163694463239418,85.12843554144902,49.925686898813105,65.21625403432336,78.91820885695648
kansas_jayhawks,58.20689655,25.24137931,0.436602209,0.344336481,16.62068966,5.586206897,20.93103448,15.79310345,0.75453048,12.96551724,5.75862069,8.24137931,17.34482759,0.206896552,29.44827586,10.03448276,0.103448276,16.65517241,71.86206897,64.5862069,7.27586207,15.4137931,,5.0,4.321428571,2389.692308,-0.103448276,523.5714286,,0.206896552,340.1034483,-0.103448276,2389.692308,8.096985096690567,13.515425275472627,43.50969175812138,53.80810544438621,84.00312859212389,34.53113804275747
iowa_state_cyclones,60.75,26.5625,0.435418208,0.387030452,26.71875,10.40625,16.15625,13.34375,0.82592,14.28125,3.71875,5.375,12.78125,0.46875,29.28125,10.4375,0.03125,12.75,76.875,63.75,13.125,20.96875,,5.0,3.967741935,6420.548387,0.0625,588.3225806,,0.15625,514.5625,0.03125,6420.548387,10.501474912724031,13.10887559375,49.585935008628795,69.66339246050654,80.75539384616295,41.01155083101215
loyola_chicago_ramblers,56.2,22.33333333,0.398560231,0.296028639,18.16666667,5.433333333,13.73333333,9.633333333,0.701456310825596,12.83333333,3.9,6.3,14.26666667,0.833333333,27.53333333,9.9,0.1,15.4,59.73333333,55.7,4.03333333,12.76666667,,,4.206896552,544.962963,0.0,290.5185185,,-0.066666667,233.2758621,-0.066666667,544.962963,7.0810324577537775,12.158301265169712,,47.108879447371855,73.16170132999224,
missouri_state_lady_bears,62.80645161,23.25806452,0.374325073,0.271585238,16.03225806,4.225806452,19.58064516,14.4516129,0.738056013063463,12.80645161,5.032258065,9.290322581,13.09677419,0.64516129,26.06451613,15.77419355,0.032258065,17.83870968,65.19354839,53.70967742,11.48387097,18.32258065,,,4.1,1482.275862,0.066666667,483.0357143,,0.0,553.4666667,0.0,1482.275862,9.418335822261483,11.988495548547439,,62.521136734095,71.80520309440095,
drake_bulldogs,59.56666667,27.16666667,0.454651584,0.325890929,24.16666667,7.866666667,16.9,12.46666667,0.737672584023669,18.9,4.266666667,7.233333333,17.66666667,0.566666667,29.8,11.03333333,0.0,15.03333333,74.66666667,67.9,6.76666667,16.9,,5.0,4.172413793,1566.714286,-0.068965517,357.4074074,,0.1,402.1034483,-0.068965517,1566.714286,9.40605682955014,13.508576667141117,32.4075805013454,62.440168641650196,83.94841827198422,22.690554840459036
indiana_state_sycamores,58.41935484,24.77419355,0.424450945,0.310952855,13.93548387,4.387096774,14.41935484,10.06451613,0.69798658,12.5483871,1.870967742,10.06451613,16.87096774,1.032258065,21.5483871,12.32258065,0.225806452,19.87096774,64.0,65.61290323,-1.61290323,10.4516129,,,4.066666667,889.9259259,-0.033333333,335.6551724,,-0.096774194,248.4,-0.096774194,889.9259259,6.10564226090553,9.463303872949528,,40.67712356276975,51.632631047853444,
san_francisco_dons,58.67741935,24.61290323,0.423288085,0.327667296,23.74193548,7.806451613,15.19354839,11.16129032,0.73460722,13.90322581,1.967741935,7.032258065,13.58064516,0.387096774,26.4516129,7.322580645,0.193548387,16.64516129,68.19354839,68.19354839,0.0,12.0,,5.0,3.933333333,621.7931034,-0.064516129,559.6333333,,-0.129032258,442.8064516,-0.129032258,621.7931034,6.82875542573472,11.432808966409834,46.812354468299255,45.44535618203503,67.36608359238676,38.05348182985672
ul_monroe_warhawks,59.03846154,21.57692308,0.367885379,0.248779934,11.46153846,3.038461538,18.80769231,12.42307692,0.6605317,10.26923077,2.884615385,8.615384615,17.92307692,0.961538462,23.0,13.30769231,0.192307692,19.11538462,58.61538462,69.96153846,-11.34615384,5.769230769,,5.0,4.36,799.7894737,-0.043478261,307.0,,0.192307692,215.7391304,-0.043478261,799.7894737,4.050796999011219,9.994323306935408,27.13305387976022,27.12740453971534,55.87469627154014,17.065185946997445
ut_arlington_mavericks,60.18518519,25.74074074,0.42897209,0.272106361,14.33333333,3.962962963,20.88888889,14.51851852,0.69503546,15.55555556,3.555555556,7.925925926,14.11111111,0.407407407,27.07407407,10.74074074,0.074074074,16.40740741,69.96296296,66.03703704,3.92592592,13.33333333,,5.0,4.461538462,978.3703704,-0.074074074,561.2307692,,0.037037037,504.5185185,-0.074074074,978.3703704,7.654678738624914,12.156618960802577,47.88308087545316,50.891522388212344,73.1482621893606,39.19542905210835
southern_illinois_salukis,55.9,23.53333333,0.422273314,0.300987932,14.76666667,4.4,16.6,11.7,0.7,13.86666667,2.233333333,8.0,13.2,0.933333333,23.03333333,12.36666667,0.066666667,14.56666667,63.16666667,56.06666667,7.1,14.53333333,,,4.206896552,1015.814815,0.0,270.3703704,,-0.2,236.5517241,-0.2,1015.814815,7.932207460740919,10.493746997935256,,52.7215561504785,59.864357922100446,
illinois_state_redbirds,53.03225806,23.29032258,0.439297947,0.340952632,15.29032258,5.161290323,17.5483871,13.32258065,0.759191176606766,10.87096774,3.258064516,5.35483871,13.38709677,0.580645161,24.90322581,8.548387097,0.032258065,15.41935484,65.06451613,63.0,2.06451613,10.5483871,,,4.133333333,820.3333333,-0.066666667,267.75,,-0.064516129,314.5666667,-0.066666667,820.3333333,5.945587917959178,10.669773840150718,,39.6217198223716,61.270553812508204,
nc_state_wolfpack,62.6875,29.125,0.464171041,0.367840763,20.0625,7.40625,14.1875,10.71875,0.755506607929515,14.25,3.03125,7.28125,12.28125,0.21875,30.15625,12.0,0.09375,13.1875,76.375,57.03125,19.34375,23.125,,5.0,3.774193548,4313.25,-0.129032258,405.6451613,,0.21875,250.3125,-0.129032258,4313.25,11.41314950367726,13.821279781250002,34.004426867374455,75.67500548896712,86.44645680090011,24.393617602212124
bradley_braves,55.96296296,20.37037037,0.365475243,0.322194257,22.59259259,7.37037037,15.22222222,10.2962963,0.676399027106044,11.59259259,3.666666667,5.111111111,14.44444444,1.037037037,25.18518519,9.62962963,0.0,16.81481481,58.40740741,68.92592593,-10.51851852,5.777777778,,,4.653846154,918.12,0.0,306.9583333,,-0.111111111,233.7692308,-0.111111111,918.12,4.1913982984290445,10.56789578069937,,28.054534254403254,60.456697773735165,
evansville_purple_aces,59.96666667,22.8,0.381026213,0.272489304,20.06666667,5.633333333,20.76666667,14.83333333,0.71428571,11.2,3.233333333,8.033333333,16.1,0.233333333,24.3,10.23333333,0.066666667,19.33333333,66.06666667,75.56666667,-9.5,7.133333333,,6.666666667,4.172413793,750.9230769,-0.037037037,252.4444444,,-0.066666667,202.4827586,-0.066666667,750.9230769,4.6404202192964865,10.445626867052779,23.292053139440895,31.015399958391694,59.479948763581326,12.96869584759558
valparaiso_beacons,50.1,20.83333333,0.414427364,0.327351739,24.33333333,8.033333333,13.83333333,10.36666667,0.74939759,11.86666667,2.8,7.7,15.9,1.7,23.16666667,5.2,0.033333333,16.8,60.06666667,67.23333333,-7.16666666,6.166666667,,5.0,4.172413793,718.5172414,0.0,293.5172414,,-0.1,199.0,-0.1,718.5172414,4.167607220739651,10.199379534841624,25.89778847034804,27.89765508499574,57.51279431019773,15.747755188218186
duke_blue_devils,59.5,24.36666667,0.41085519,0.311235826,21.56666667,6.7,14.5,9.6,0.7,13.76666667,4.1,6.666666667,16.5,0.433333333,26.1,12.83333333,0.033333333,14.7,65.03333333,62.16666667,2.86666666,12.63333333,,,3.931034483,2823.785714,-0.034482759,495.6206897,,0.1,247.4333333,-0.034482759,2823.785714,7.179847521356094,11.738955100093342,,47.76046931249986,69.81174147973911,
winthrop_eagles,51.83333333,19.3,0.374036011,0.272667075,14.7,3.866666667,16.13333333,9.166666667,0.568181818319872,10.56666667,1.466666667,7.0,21.83333333,0.7,25.5,10.23333333,0.0,16.1,51.63333333,68.46666667,-16.83333334,5.733333333,,,3.862068966,573.9583333,0.0,232.7916667,,-0.1,166.4444444,-0.1,573.9583333,3.9141268321792997,11.030928100038503,,26.2261968460035,64.15564582271327,
notre_dame_fighting_irish,63.46666667,28.33333333,0.446443472,0.326254466,17.53333333,5.6,15.1,10.76666667,0.713024282781457,17.06666667,5.333333333,8.833333333,15.13333333,0.7,28.23333333,12.3,0.033333333,13.06666667,73.03333333,62.66666667,10.36666666,18.8,,5.0,4.0,4604.851852,0.1,578.0344828,,0.066666667,434.5666667,0.033333333,4604.851852,9.993272634110854,13.626304597875915,48.08445185611518,66.31228947977088,84.88889149925967,39.41019449589742
boston_college_eagles,60.06666667,27.06666667,0.451715334,0.333440191,18.0,6.033333333,17.33333333,11.96666667,0.69038462,16.03333333,3.566666667,8.3,18.86666667,0.5,24.46666667,12.86666667,0.033333333,17.03333333,72.13333333,66.53333333,5.6,15.03333333,,5.0,3.931034483,1418.321429,0.0,648.862069,,0.1,407.3666667,0.0,1418.321429,8.306792671848925,10.983103602064746,52.715049281062306,55.19158367752742,63.77359833685771,44.34880237131133
harvard_crimson,68.18518519,26.7037037,0.392264831,0.329321707,27.62962963,9.074074074,12.66666667,8.444444444,0.66666666645614,15.25925926,2.62962963,10.77777778,12.40740741,0.37037037,22.7037037,14.14814815,0.0,17.14814815,70.92592593,67.37037037,3.55555556,15.48148148,,5.0,4.692307692,616.04,-0.076923077,451.4230769,,-0.185185185,394.7037037,-0.185185185,616.04,8.528113194061119,10.676014257897709,39.233649505272226,56.65097867218816,61.320405583293855,29.97066905623904
florida_state_seminoles,57.17857143,25.07142857,0.439999907,0.321478625,15.10714286,4.785714286,16.25,11.42857143,0.703296703384615,14.67857143,4.535714286,6.357142857,15.57142857,0.392857143,25.60714286,10.71428571,0.178571429,15.92857143,66.35714286,61.5,4.85714286,15.85714286,,5.0,4.259259259,2193.384615,0.0,578.7777778,,0.142857143,367.1071429,0.0,2193.384615,8.47126335076776,11.295959108187269,47.61495544097923,56.2761088864119,66.27285425410261,38.90946889172865
georgia_tech_yellow_jackets,56.83870968,23.06451613,0.405400555,0.303318742,17.70967742,5.516129032,14.35483871,9.516129032,0.662921348281732,15.32258065,4.35483871,5.935483871,13.96774194,0.548387097,27.64516129,11.29032258,0.064516129,13.32258065,61.03225806,51.87096774,9.16129032,16.41935484,,5.0,3.833333333,2208.793103,0.0,393.1,,0.096774194,291.7419355,0.0,2208.793103,8.837068749427438,12.495390483020529,33.59028274405091,58.68824203379337,75.85454900524837,23.951926122408004
north_florida_ospreys,57.33333333,24.6,0.424582036,0.304539516,22.23333333,6.833333333,12.83333333,9.533333333,0.742857143024119,14.5,4.666666667,7.933333333,17.06666667,0.5,27.76666667,7.933333333,0.0,17.56666667,65.56666667,62.23333333,3.33333334,14.83333333,,5.0,4.034482759,671.0,0.0,515.76,,-0.233333333,294.4814815,-0.233333333,671.0,7.951938235183586,12.420204767602167,42.320324103017015,52.851661543212025,75.25392558493357,33.26265798948916
jackson_state_lady_tigers,65.48148148,29.2962963,0.447527342,0.309721054,13.96296296,4.296296296,24.51851852,16.96296296,0.6918429,14.51851852,5.0,8.814814815,15.81481481,0.333333333,30.81481481,16.25925926,0.111111111,16.14814815,79.85185185,63.03703704,16.81481481,23.59259259,,,4.730769231,1241.041667,0.0,342.8846154,,-0.148148148,305.2592593,-0.148148148,1241.041667,11.700284862243825,14.261092034636349,,77.5683857362828,89.95991063259379,
northern_iowa_panthers,60.51899846,25.03295045,0.414463586,0.312641941,19.12723601,6.056740107,16.98850636,12.10855835,0.71275003,13.75916995,3.37954004,8.047462885,15.2213998,0.610565539,25.89170679,11.8515832,0.110127186,16.60040772,68.23119936,65.11308742,3.11811194,13.39769144,,5.840966236,4.176364239,1999.491392,-0.036879688,494.3795112,,0.040472826,391.3404591,-0.036879688,1999.491392,7.463344843205402,11.603986773546286,42.01061365119563,49.629860222891494,68.73354281562075,32.93234672809063
north_carolina_tar_heels,66.22222222,27.25925926,0.40971256,0.321591713,18.85185185,5.962962963,19.51851852,13.81481481,0.70777989,14.14814815,3.925925926,9.814814815,13.77777778,0.444444444,28.74074074,14.81481481,0.148148148,15.88888889,74.2962963,55.85185185,18.44444445,26.81481481,,5.0,4.423076923,2598.576923,0.0,487.5384615,,0.074074074,604.3333333,0.0,2598.576923,12.842445851291851,13.490631147701992,43.71223135019845,85.09983385438964,83.8050599331711,34.74714982973037
virginia_cavaliers,55.59259259,20.51851852,0.369941376,0.274991858,14.77777778,3.851851852,16.03703704,10.14814815,0.63279446,11.44444444,4.0,7.222222222,18.66666667,0.740740741,22.74074074,12.33333333,0.222222222,19.37037037,55.03703704,65.48148148,-10.44444444,5.703703704,,,4.346153846,1798.222222,0.0,540.3076923,,0.074074074,417.5555556,0.0,1798.222222,4.1099107659473555,9.623348999677779,,27.517202714416133,52.91115650824647,
virginia_tech_hokies,56.34375,24.90625,0.441614537,0.362670235,23.65625,8.59375,15.9375,12.09375,0.758823529411765,14.28125,3.5,4.46875,12.875,0.34375,27.375,9.03125,0.03125,14.3125,70.5,57.625,12.875,19.9375,,5.0,3.741935484,2054.142857,0.066666667,462.6774194,,0.03125,341.34375,0.03125,2054.142857,10.021394094295218,11.76179146875,38.905635471290736,66.49772333753245,69.99417051926889,29.620836725157965
clemson_tigers,61.4137931,24.17241379,0.39383918,0.262497928,17.4137931,4.75862069,17.24137931,12.24137931,0.71,10.79310345,3.482758621,9.068965517,16.27586207,0.724137931,22.5862069,13.75862069,0.206896552,17.17241379,65.34482759,71.10344828,-5.75862069,9.586206897,,5.0,4.035714286,1509.884615,0.0,360.5357143,,0.24137931,206.3103448,0.0,1509.884615,5.635014862217805,10.290588657170309,30.58624943931684,37.573790608690764,58.241421213754315,20.74807547954311
davidson_wildcats,57.13333333,23.46666667,0.414557447,0.299418563,20.03333333,6.066666667,12.7,9.6,0.8,11.63333333,2.566666667,6.0,15.1,0.533333333,23.13333333,11.2,0.133333333,17.56666667,62.6,61.2,1.4,10.03333333,,5.0,3.965517241,582.3703704,0.034482759,424.7586207,,-0.033333333,328.5666667,-0.033333333,582.3703704,5.859119149708977,9.616698098034925,36.25945974339971,39.051541845573624,52.858025574123154,26.798647039851645
north_carolina_at_aggies,60.56,25.72,0.426968781,0.284574922,15.56,4.56,17.0,11.88,0.698823529411765,14.96,2.2,8.84,17.56,0.56,23.6,12.32,0.04,15.56,67.88,67.76,0.12,11.84,,10.0,4.666666667,1330.363636,-0.083333333,344.2083333,,-0.16,296.16,-0.16,1330.363636,6.938781839181259,10.797591,31.435325587915443,46.17087406650126,62.291625159590886,21.653629076516197
miami_hurricanes,60.46185828,25.06696225,0.415295401,0.313018477,19.11006386,6.053273918,16.86130095,11.97988141,0.71049568,13.82454368,3.418860696,8.034187544,15.29262315,0.598616252,25.96678808,11.86161984,0.105439282,16.50646161,68.16595782,64.82003133,3.34592649,13.61062242,,5.765879965,4.167002773,2010.722685,-0.034933205,493.9431264,,0.038940809,386.9114593,-0.034933205,2010.722685,7.552992021479946,11.653738015936838,41.91914454920781,50.2209967426847,69.13098215902863,32.83479343507483
south_carolina_upstate_spartans,60.37857003,25.03772687,0.415404413,0.312777674,19.07168849,6.03730565,16.81536643,11.94663274,0.71045926,13.77842574,3.405381456,8.008820572,15.30442872,0.597541923,25.89725101,11.85094764,0.105793987,16.5075067,68.05832876,64.69324333,3.36508543,13.65515362,,5.769295325,4.168453244,1984.614989,-0.032980772,489.7474095,,0.037993966,383.4568207,-0.032980772,1984.614989,7.56294297793799,11.614537664561057,41.59237837559099,50.28661368548692,68.81782893584185,32.48629196747827
northwest_university_eagles,56.0,10.0,0.178571429,0.214285714,14.0,3.0,16.0,9.0,0.5625,7.0,2.0,8.0,25.0,2.0,23.0,13.0,0.0,13.0,32.0,89.0,-57.0,0.0,True,,,,,,away,0.0,,0.0,89.0,1.2157197233389478,10.69753,,8.432809279246696,61.49228475662061,
western_oregon_wolves,59.0,14.0,0.237288136,0.258064516,31.0,8.0,5.0,2.0,0.4,9.0,4.0,12.0,18.0,1.0,26.0,8.0,0.0,11.0,38.0,61.0,-23.0,0.0,True,,,,,,away,0.0,,0.0,61.0,1.488176657972992,13.570653,,10.229399503646707,84.44431698299385,
tougaloo_bulldogs,57.0,16.0,0.280701754,0.238095238,21.0,5.0,10.0,7.0,0.7,11.0,0.0,6.0,18.0,1.0,23.0,12.0,0.0,20.0,44.0,63.0,-19.0,0.0,True,,,,,,away,0.0,,0.0,63.0,1.8445225565073837,8.886773999999999,,12.579156387874423,47.027004270508904,
lsu_alexandria_generals,63.0,19.0,0.301587302,0.36,25.0,9.0,4.0,1.0,0.25,15.0,0.0,10.0,24.0,1.0,19.0,11.0,0.0,12.0,48.0,95.0,-47.0,0.0,True,,,,,,away,0.0,,0.0,95.0,2.086642790137176,9.317585999999999,,14.175705381765873,50.46855929878591,
randolph_college_wildcats,50.0,12.0,0.24,0.136363636,22.0,3.0,4.0,4.0,1.0,6.0,1.0,6.0,28.0,2.0,18.0,6.0,0.0,17.0,31.0,83.0,-52.0,2.0,True,,,,,,away,0.0,,0.0,83.0,1.4964356654319038,7.223006,,10.283859677632947,33.73594198281411,
spring_hill_badgers,60.0,20.0,0.333333333,0.2,15.0,3.0,19.0,10.0,0.526315789473684,8.0,0.0,6.0,20.0,0.0,23.0,12.0,0.0,21.0,53.0,73.0,-20.0,0.0,True,,,,,,away,0.0,,0.0,73.0,1.4568325893628882,8.731387999999999,,10.0227156571391,45.78569838853753,
ohio_christian_trailblazers,63.0,20.0,0.317460318,0.230769231,26.0,6.0,6.0,5.0,0.833333333333333,9.0,3.0,2.0,22.0,0.0,26.0,9.0,0.0,17.0,51.0,104.0,-53.0,0.0,True,,,,,,away,0.0,,0.0,104.0,1.4742561155783678,10.062648000000001,,10.137606977175983,56.420510201913324,
union_ny_garnet_chargers,54.0,12.0,0.222222222,0.214285714,14.0,3.0,11.0,10.0,0.909090909090909,7.0,3.0,2.0,19.0,1.0,20.0,9.0,0.0,13.0,37.0,88.0,-51.0,1.0,True,,,,,,away,0.0,,0.0,88.0,1.5646918310771776,7.98967,,10.73394313804491,39.86046113316034,
lock_haven_university_bald_eagles,46.0,19.0,0.413043478,0.357142857,14.0,5.0,11.0,5.0,0.454545454545455,13.0,2.0,7.0,28.0,2.0,17.0,12.0,0.0,10.0,48.0,82.0,-34.0,0.0,True,,,,,,away,0.0,,0.0,82.0,1.8109851111409845,8.223148,,12.358009340993226,41.72560737999668,
ursinus_bears,45.0,9.0,0.2,0.24,25.0,6.0,8.0,5.0,0.625,9.0,1.0,5.0,27.0,3.0,18.0,5.0,0.0,4.0,29.0,89.0,-60.0,0.0,True,,,,,,away,0.0,,0.0,89.0,1.0500023349999998,8.997006,,7.340063226360388,47.90759602254236,
immaculata_mighty_macs,61.0,14.0,0.229508197,0.142857143,21.0,3.0,18.0,10.0,0.555555555555556,6.0,0.0,9.0,19.0,0.0,24.0,14.0,0.0,9.0,41.0,78.0,-37.0,0.0,True,,,,,,away,0.0,,0.0,78.0,1.2940096277361879,11.783161,,8.94905555170152,70.16488168266582,
bethesda_university_lion_angels,46.5,8.0,0.172525439,0.198717949,18.5,3.5,8.0,4.0,0.5,6.5,1.0,4.0,36.0,3.0,19.0,9.0,0.0,12.5,23.5,114.0,-90.5,0.0,,,,,,,,0.0,,0.0,114.0,0.702501359994868,7.879293999999998,,5.0486300664657575,38.97871903265917,
colorado_mesa_mavericks,66.0,19.0,0.287878788,0.36,25.0,9.0,6.0,3.0,0.5,15.0,2.0,7.0,16.0,1.0,24.0,20.0,1.0,10.0,50.0,62.0,-12.0,10.0,True,,,,,,away,0.0,,0.0,66.0,6.508899994585743,11.332758,,43.33621867156808,66.56682334306282,
lewis_clark_st_warriors,61.0,16.0,0.262295082,0.133333333,15.0,2.0,17.0,12.0,0.705882352941176,6.0,1.0,3.0,18.0,2.0,35.0,7.0,0.0,8.0,46.0,95.0,-49.0,0.0,True,,,,,,away,0.0,,0.0,95.0,1.2478583690676102,15.517904999999999,,8.644732594096892,100.0,
st_francis_il_fighting_saints,55.0,24.0,0.436363636,0.421052632,19.0,8.0,7.0,5.0,0.714285714285714,11.0,1.0,9.0,13.0,0.0,17.0,1.0,0.0,11.0,61.0,96.0,-35.0,5.0,True,,,,,,away,0.0,,0.0,96.0,3.445178028750187,8.444289,,23.133932605724723,43.492199119568006,
union_ky_bulldogs,60.0,19.0,0.316666667,0.173913044,23.0,4.0,13.0,11.0,0.846153846153846,12.0,3.0,3.0,37.0,0.0,19.0,19.0,0.0,28.0,53.0,120.0,-67.0,0.0,True,,,,,,away,0.0,,0.0,120.0,1.7483223372670273,5.455811,,11.944808894739388,19.618649896716278,
lagrange_panthers,57.0,13.0,0.228070175,0.181818182,22.0,4.0,21.0,15.0,0.714285714285714,5.0,4.0,6.0,15.0,1.0,23.0,8.0,0.0,12.0,45.0,77.0,-32.0,0.0,True,,,,,,away,0.0,,0.0,77.0,1.0375740880405193,10.591897999999999,,7.258110946364935,60.648440247305736,
cal_lutheran_kingsmen,59.0,15.0,0.254237288,0.166666667,12.0,2.0,9.0,4.0,0.444444444444444,6.0,1.0,9.0,32.0,3.0,27.0,17.0,0.0,23.0,36.0,79.0,-43.0,3.0,True,,,,,,away,0.0,,0.0,79.0,2.3214967570378318,11.070526999999998,,15.724340367555513,64.47198286364232,
texas_lutheran_bulldogs,52.0,19.0,0.365384615,0.238095238,21.0,5.0,17.0,7.0,0.411764705882353,13.0,2.0,7.0,15.0,1.0,16.0,9.0,0.0,28.0,50.0,65.0,-15.0,6.0,True,,,,,,away,0.0,,0.0,65.0,4.251564752721216,4.977113,,28.45127388506567,15.794556071738924,
mobile_rams,59.5,19.0,0.318682872,0.138888889,18.0,2.5,18.0,11.0,0.611111111111111,9.5,3.5,8.0,20.0,0.5,22.5,13.0,0.0,15.0,51.5,71.5,-20.0,3.0,,,,,,,,0.0,,0.0,71.5,2.8077006402430316,10.335478,,18.93038518636351,58.60002112167603,
notre_dame_of_maryland_university_gators,42.0,10.0,0.238095238,0.2,10.0,2.0,22.0,13.0,0.590909090909091,8.0,3.0,6.0,36.0,0.0,19.0,9.0,0.0,12.0,35.0,87.0,-52.0,0.0,True,,,,,,away,0.0,,0.0,87.0,0.9038937545137984,8.680041,,6.376618314396411,45.37551128595697,
washington_adventist_shock,41.0,12.0,0.292682927,0.333333333,6.0,2.0,17.0,8.0,0.470588235294118,10.0,4.0,2.0,40.0,0.0,33.0,14.0,0.0,17.0,34.0,73.0,-39.0,0.0,True,,,,,,away,0.0,,0.0,73.0,1.473620135856176,13.321766,,10.133413305418863,82.45607546158132,
faulkner_eagles,48.0,16.0,0.333333333,0.318181818,22.0,7.0,15.0,12.0,0.8,9.0,1.0,3.0,23.0,5.0,27.0,11.0,0.0,12.0,51.0,91.0,-40.0,9.0,True,,,,,,away,0.0,,0.0,91.0,5.005186872605155,11.303664999999999,,33.42068358386333,66.3344130099299,
piedmont_lions,63.0,24.0,0.380952381,0.529411765,17.0,9.0,8.0,7.0,0.875,15.0,5.0,7.0,25.0,1.0,24.0,14.0,0.0,11.0,64.0,86.0,-22.0,3.0,True,,,,,,away,0.0,,0.0,86.0,3.458448419151788,11.557898,,23.22143800800605,68.36536121820626,
bob_jones,44.0,9.0,0.204545455,0.227272727,22.0,5.0,19.0,13.0,0.684210526315789,3.0,0.0,10.0,30.0,3.0,15.0,7.0,0.0,13.0,36.0,86.0,-50.0,0.0,True,,,,,,away,0.0,,0.0,86.0,0.30510889008625747,7.3658519999999985,,2.4282107049731123,34.87707168572223,
grace_christian_university_tigers,53.0,14.0,0.264150943,0.2,20.0,4.0,17.0,13.0,0.764705882352941,4.0,0.0,8.0,29.0,0.0,12.0,9.0,0.0,14.0,45.0,133.0,-88.0,0.0,True,,,,,,away,0.0,,0.0,133.0,0.4914188154065898,5.371169,,3.6567446418640723,18.94248465363247,
bryn_athyn_lions,56.0,9.0,0.160714286,0.142857143,28.0,4.0,10.0,6.0,0.6,4.0,0.0,8.0,19.0,1.0,14.0,14.0,0.0,13.0,28.0,86.0,-58.0,0.0,True,,,,,,away,0.0,,0.0,86.0,0.8812005572467199,6.424728999999999,,6.226978605555174,27.358881401149986,
chowan_hawks,64.0,19.0,0.296875,0.214285714,14.0,3.0,19.0,12.0,0.631578947368421,7.0,5.0,1.0,27.0,0.0,33.0,16.0,0.0,18.0,53.0,81.0,-28.0,0.0,True,,,,,,away,0.0,,0.0,81.0,1.477442920564917,13.035871,,10.158620876835368,80.17219438396683,
bushnell_beacons,44.0,17.0,0.386363636,0.3125,16.0,5.0,8.0,3.0,0.375,8.0,2.0,4.0,28.0,1.0,29.0,4.0,0.0,11.0,42.0,80.0,-38.0,2.0,True,,,,,,away,0.0,,0.0,80.0,1.871717761242768,12.718752,,12.758482485937494,77.63887941360349,
valley_forge_patriots,50.0,6.0,0.12,0.071428571,14.0,1.0,4.0,2.0,0.5,1.0,3.0,4.0,26.0,3.0,16.0,4.0,0.0,15.0,15.0,102.0,-87.0,0.0,True,,,,,,away,0.0,,0.0,102.0,0.02080548854474404,6.374585999999999,,0.5535044778799616,26.958312489924452,
caldwell_cougars,54.0,13.0,0.240740741,0.217391304,23.0,5.0,10.0,6.0,0.6,9.0,2.0,9.0,22.0,0.0,19.0,11.0,0.0,12.0,37.0,85.0,-48.0,0.0,True,,,,,,away,0.0,,0.0,85.0,1.4046991855717639,9.302586,,9.678946232655054,50.348731333399265,
university_of_health_sciences_pharmacy_eutectics,45.0,15.0,0.333333333,0.210526316,19.0,4.0,18.0,11.0,0.611111111111111,9.0,0.0,5.0,20.0,2.0,25.0,6.0,0.0,16.0,45.0,68.0,-23.0,0.0,True,,,,,,away,0.0,,0.0,68.0,1.391277710428628,10.160474,,9.590444572487831,57.20199623804097,
brewton_parker_wildcats,61.0,14.0,0.229508197,0.043478261,23.0,1.0,22.0,11.0,0.5,4.0,3.0,4.0,18.0,0.0,27.0,16.0,0.0,16.0,40.0,80.0,-40.0,2.0,True,,,,,,away,0.0,,0.0,80.0,1.95944640102734,11.159156999999999,,13.336968098163046,65.18000636845693,
stephens,49.0,9.0,0.183673469,0.0,12.0,0.0,21.0,15.0,0.714285714285714,3.0,0.0,7.0,36.0,2.0,24.0,13.0,0.0,16.0,33.0,88.0,-55.0,0.0,True,,,,,,away,0.0,,0.0,88.0,0.5105294284425432,10.203422999999999,,3.7827606693467333,57.54509565706706,
northwest_nazarene_nighthawks,79.0,16.0,0.202531646,0.15625,32.0,5.0,10.0,9.0,0.9,8.0,1.0,9.0,14.0,0.0,27.0,16.0,0.0,20.0,46.0,84.0,-38.0,0.0,True,,,,,,away,0.0,,0.0,84.0,1.761138138750648,11.536684999999999,,12.029316722349833,68.19590050955642,
syracuse_orange,67.34482759,26.37931034,0.391022468,0.309507562,24.48275862,7.620689655,13.20689655,10.62068966,0.80417755,13.44827586,2.0,10.13793103,14.55172414,0.206896552,22.89655172,11.96551724,0.24137931,15.34482759,71.0,74.82758621,-3.82758621,11.93103448,,,4.0,1649.037037,-0.178571429,634.0357143,,0.24137931,501.7241379,-0.178571429,1649.037037,6.830675932603401,10.804482203357752,,45.45802006915832,62.34667575141922,
monmouth_hawks,58.6,22.13333333,0.380732767,0.299193758,21.4,6.2,13.06666667,8.733333333,0.668367346742763,12.83333333,3.6,7.166666667,19.1,0.766666667,26.13333333,11.7,0.033333333,15.96666667,59.2,61.56666667,-2.36666667,8.2,,5.0,4.068965517,497.7241379,0.0,143.4137931,,-0.033333333,106.5666667,-0.033333333,497.7241379,5.258346258777569,11.62235689807843,14.39991781144507,35.09002512227332,68.88029312539317,3.4850881119073716
western_illinois_leathernecks,60.24137931,25.03448276,0.414216871,0.320840551,26.37931034,8.620689655,18.37931034,12.10344828,0.65853659,13.51724138,3.517241379,8.137931034,14.4137931,0.448275862,27.34482759,7.896551724,0.103448276,13.65517241,70.79310345,71.93103448,-1.13793103,13.27586207,,6.666666667,4.071428571,1163.904762,0.0,440.875,,0.0,369.8518519,0.0,1163.904762,7.283737506377062,12.75260238144387,38.103633866661085,48.44552338077834,77.90929423600221,28.765488899112853
george_washington_revolutionaries,56.73333333,19.5,0.345615361,0.268612668,17.13333333,4.6,13.8,8.166666667,0.591787439637681,9.6,1.8,7.366666667,14.66666667,0.666666667,24.53333333,13.4,0.0,15.7,51.76666667,55.2,-3.43333333,8.2,,,3.931034483,617.047619,0.0,452.2222222,,0.166666667,308.3793103,0.0,617.047619,4.995733562865329,10.787674665251714,,33.35834814032026,62.212408211792216,
wofford_terriers,64.82142857,24.28571429,0.374188396,0.320382226,24.89285714,8.035714286,13.71428571,10.17857143,0.7421875,12.42857143,2.357142857,6.857142857,13.07142857,0.571428571,25.89285714,10.96428571,0.107142857,13.53571429,66.78571429,61.35714286,5.42857143,16.59259259,,,4.259259259,702.0434783,0.0,196.7619048,,-0.035714286,156.44,-0.035714286,702.0434783,8.536128293438692,11.669879069432739,,56.70383050805236,69.25992546566937,
dayton_flyers,59.69230769,24.19230769,0.404731717,0.334746947,17.0,5.807692308,17.15384615,11.61538462,0.67713005,13.19230769,4.076923077,6.076923077,12.69230769,0.423076923,29.53846154,12.65384615,0.153846154,15.5,65.80769231,54.11538462,11.69230769,17.15384615,,5.0,4.68,1342.72,0.0,593.8,,0.0,442.6923077,0.0,1342.72,8.977075154579612,13.006964231482714,49.68765188930799,59.61144899561153,79.94127176681155,41.12003354757881
arizona_wildcats,58.11538462,25.38461538,0.436721712,0.343804067,18.57692308,6.423076923,15.96153846,11.30769231,0.70843374,14.38461538,4.0,10.5,12.96153846,0.807692308,22.15384615,10.61538462,0.115384615,17.11538462,68.5,57.38461538,11.11538462,17.92307692,,5.0,4.56,5659.272727,-0.038461538,976.12,,0.192307692,968.3461538,-0.038461538,5659.272727,9.230326088733474,10.520200189876345,81.65105099650125,61.28139420450161,60.07568006665267,75.2095213759415
louisville_cardinals,61.96551724,28.34482759,0.45547993,0.366553704,16.79310345,6.137931034,12.96551724,9.344827586,0.720744680911781,15.86206897,4.413793103,9.586206897,14.44827586,0.275862069,25.93103448,13.03448276,0.413793103,15.93103448,72.17241379,55.03448276,17.13793103,23.51724138,,5.0,4.0,5583.481481,0.035714286,818.75,,0.068965517,613.1724138,0.035714286,5583.481481,11.67388991318781,12.213359482022154,66.71921178088152,77.39433655118401,73.60153560354195,59.28447068002273
bethune_cookman_wildcats,57.88,21.72,0.378496104,0.277863195,13.24,3.68,19.28,12.16,0.63,9.88,2.4,8.52,20.28,1.16,23.88,12.0,0.36,18.04,59.28,71.64,-12.36,5.96,,5.0,4.791666667,715.8181818,0.0,464.952381,,-0.2,401.7826087,-0.2,715.8181818,3.9969436069898325,10.471474440000001,40.32281573060679,26.77229345477871,59.686432902011255,31.132282646116927
lafayette_leopards,55.4,21.76666667,0.396206658,0.266444985,14.33333333,3.9,10.53333333,7.1,0.6740506331247,10.86666667,3.8,5.5,16.4,1.0,25.83333333,10.96666667,0.133333333,14.13333333,54.53333333,58.56666667,-4.03333334,6.666666667,,5.0,3.965517241,361.1333333,0.0,173.1724138,,0.0,115.3333333,0.0,361.1333333,4.4692995729462455,11.382177032365664,16.50629694243615,29.887024639779266,66.96160881637982,5.731575899611968
wake_forest_demon_deacons,60.3,23.93333333,0.39473223,0.323200743,18.33333333,6.033333333,16.1,11.1,0.7,10.73333333,2.933333333,6.633333333,15.13333333,0.533333333,26.0,12.23333333,0.033333333,16.5,65.0,63.3,1.7,12.8,,5.0,3.827586207,1782.785714,0.0,294.4482759,,0.266666667,168.6666667,0.0,1782.785714,6.888409227086883,11.271390499890826,25.451354614560127,45.83871536190523,66.07658716446633,15.27162618072392
holy_cross_crusaders,56.83333333,22.8,0.402442239,0.318073155,18.7,5.833333333,12.76666667,8.666666667,0.67885117478359,13.03333333,2.666666667,6.466666667,15.6,0.266666667,26.63333333,11.56666667,0.133333333,13.1,60.1,55.76666667,4.33333333,12.23333333,,5.0,4.034482759,354.9642857,0.0,246.1111111,,0.1,146.4827586,0.0,354.9642857,6.918986418462304,12.008919365301553,21.971251262090444,46.0403423940396,71.96835938820598,11.560039047027583
usc_trojans,58.03846154,23.15384615,0.398142638,0.324802765,15.34615385,5.076923077,17.57692308,13.34615385,0.75929978,14.07692308,6.5,7.192307692,15.96153846,0.807692308,27.23076923,11.76923077,0.153846154,16.65384615,64.73076923,64.30769231,0.42307692,11.92307692,,5.0,4.44,1534.190476,-0.16,948.4,,0.269230769,656.8846154,-0.16,1534.190476,6.932959558310845,12.34560996170972,76.4965401478394,46.132481749896996,74.65802266369994,69.712151266857
cornell_big_red,55.375,19.70833333,0.354656801,0.261093824,16.58333333,4.416666667,15.95833333,10.0,0.62663185391679,12.83333333,3.25,7.291666667,18.54166667,1.125,23.0,13.75,0.166666667,16.91666667,53.83333333,61.04166667,-7.20833334,7.125,,5.0,4.956521739,306.95,0.0,283.6666667,,-0.125,200.8695652,-0.125,306.95,4.871320711950088,10.053391832886053,25.723713255698968,32.53796560153746,56.34656702374378,15.562101125235138
milwaukee_panthers,54.75862069,21.96551724,0.407080028,0.29097816,17.86206897,5.103448276,12.20689655,9.724137931,0.796610169601216,13.4137931,3.344827586,7.379310345,16.79310345,0.75862069,24.20689655,11.20689655,0.0,16.44827586,58.75862069,59.5862069,-0.82758621,9.931034483,,5.0,4.071428571,804.0344828,0.0,364.25,,-0.103448276,255.4137931,-0.103448276,804.0344828,6.006291982985506,10.706356620255374,31.350877184418156,40.022004476363364,61.56279648638343,21.56356347324631
belmont_bruins,58.37931034,25.51724138,0.435668693,0.329089396,25.72413793,8.448275862,14.4137931,10.0,0.693779904472196,15.48275862,4.379310345,8.931034483,12.82758621,0.448275862,24.03448276,11.03448276,0.0,14.68965517,69.48275862,55.51724138,13.96551724,19.68965517,,,4.142857143,1554.384615,0.0,297.2142857,,-0.103448276,176.7931034,-0.103448276,1554.384615,10.083658634310714,11.403437001073799,,66.90829781628028,67.13144473601179,
charlotte_49ers,57.38709677,22.5483871,0.392766208,0.290091116,17.32258065,5.032258065,18.58064516,13.48387097,0.72569444,11.70967742,4.709677419,6.677419355,14.77419355,0.806451613,27.06451613,10.96774194,0.032258065,15.32258065,63.61290323,58.12903226,5.48387097,13.70967742,,8.333333333,4.1,881.76,-0.064516129,613.0,,-0.032258065,558.7096774,-0.064516129,881.76,7.329307404095707,12.148471580310138,52.294603636305524,48.7460128246539,73.08317658751795,43.90039021585322
unc_greensboro_spartans,55.34615385,21.07692308,0.382561319,0.254208775,15.42307692,4.0,14.42307692,8.615384615,0.597333333434098,9.576923077,3.230769231,6.769230769,17.0,0.807692308,25.03846154,12.73076923,0.0,14.96153846,54.76923077,55.42307692,-0.65384615,10.26923077,,5.0,4.56,339.5217391,0.04,207.4347826,,-0.038461538,162.24,-0.038461538,339.5217391,5.731155236708217,11.147554500899842,19.755762154857592,38.20774348352447,65.08731944441877,9.19718368544347
george_mason_patriots,56.89655172,20.75862069,0.368286924,0.272500994,18.20689655,5.068965517,17.72413793,12.06896552,0.68093385,10.65517241,2.551724138,5.724137931,15.72413793,0.689655172,25.68965517,10.65517241,0.034482759,15.96551724,58.65517241,65.65517241,-7.0,6.827586207,,5.0,4.071428571,674.0357143,0.035714286,313.3214286,,-0.068965517,209.4137931,-0.068965517,674.0357143,4.498785758742691,10.947272999116912,27.329419452471754,30.081457544296416,63.48736445353665,17.274613041356535
columbia_lions,60.25,24.92857143,0.414254574,0.316286121,24.71428571,7.785714286,17.75,11.10714286,0.625754527323944,16.17857143,4.071428571,7.035714286,17.57142857,0.464285714,29.25,13.32142857,0.071428571,16.96428571,68.75,61.64285714,7.10714286,13.89285714,,10.0,4.555555556,580.3333333,0.0,223.4444444,,0.0,167.6071429,0.0,580.3333333,7.990037935122705,12.8879377507013,21.635803267442668,53.102892250755346,78.99042503220016,11.202278275332294
bellarmine_knights,58.42857143,22.10714286,0.377659668,0.319152925,20.78571429,6.75,13.67857143,9.821428571,0.718015665690024,11.82142857,2.75,6.75,18.25,0.607142857,23.32142857,10.21428571,0.178571429,18.03571429,60.78571429,73.60714286,-12.82142857,6.071428571,,,4.074074074,823.8,0.0,414.2608696,,-0.142857143,524.5333333,-0.142857143,823.8,4.24467726634699,9.832437891535077,,28.405857567410763,54.58146960799382,
boston_university_terriers,56.67741935,23.96774194,0.424536631,0.343146321,18.22580645,6.193548387,12.58064516,8.35483871,0.66410256,12.12903226,4.35483871,5.935483871,16.09677419,0.870967742,27.0,10.77419355,0.064516129,15.03225806,62.48387097,59.64516129,2.83870968,11.35483871,,,4.033333333,460.4516129,0.0,369.7666667,,-0.032258065,208.3870968,-0.032258065,460.4516129,6.449617192493041,11.939997000748036,,42.94530587333872,71.41777094060029,
ucf_knights,55.74074074,22.81481481,0.41313282,0.307365998,11.2962963,3.555555556,16.11111111,11.48148148,0.71264368,13.59259259,3.444444444,11.25925926,15.7037037,1.0,23.66666667,13.74074074,0.037037037,13.66666667,60.66666667,47.48148148,13.18518519,16.44444444,,,4.653846154,1899.291667,-0.269230769,917.9230769,,0.074074074,694.5185185,-0.269230769,1899.291667,8.635912096154753,11.860754223333386,,57.36180827159846,70.78473755465461,
east_tennessee_state_bucs,58.18518519,20.40740741,0.354065961,0.292986895,22.44444444,6.481481481,12.03703704,8.111111111,0.673846153671053,10.81481481,3.0,7.555555556,14.7037037,0.481481482,24.37037037,9.481481481,0.0,16.81481481,55.40740741,68.11111111,-12.7037037,5.814814815,,,4.384615385,765.12,0.0,183.8076923,,-0.111111111,170.5925926,-0.111111111,765.12,4.084495125736037,10.726344371061536,,27.34961112489813,61.72246925383394,
ut_martin_skyhawks,48.43333333,19.16666667,0.394711539,0.330404744,17.1,5.733333333,15.16666667,11.56666667,0.76263736,10.56666667,1.7,9.133333333,14.86666667,1.2,21.6,6.433333333,0.0,15.6,55.63333333,58.06666667,-2.43333334,8.266666667,,,3.793103448,1144.925926,-0.1,536.3103448,,0.066666667,443.7333333,-0.1,1144.925926,4.8577162879083655,9.908972299917995,,32.44825757015708,55.192867103900234,
morgan_state_lady_bears,63.5,23.68181818,0.371103699,0.268218083,15.86363636,4.136363636,16.59090909,11.0,0.663013698666467,10.59090909,2.772727273,11.63636364,17.0,0.590909091,21.77272727,17.22727273,0.454545455,18.72727273,62.5,57.40909091,5.09090909,14.95454545,,5.0,5.80952381,668.5294118,0.0,323.0,,-0.181818182,564.95,-0.181818182,668.5294118,7.760755062538681,10.224853544716645,32.67150413882443,51.590993248954945,57.71629422843528,22.97203371563392
long_island_university_sharks,59.51851852,21.03703704,0.353606565,0.314740872,18.96296296,6.037037037,12.25925926,7.444444444,0.607250755214063,10.62962963,3.777777778,8.481481481,17.51851852,0.481481482,22.7037037,13.7037037,0.037037037,18.66666667,55.55555556,62.85185185,-7.29629629,6.0,,5.0,4.538461538,385.96,0.0,231.4615385,,-0.259259259,187.3333333,-0.259259259,385.96,4.198314310563706,10.006489738467977,21.664263842528726,28.10013867188543,55.97188818731106,11.232631944062287
coppin_state_eagles,59.19230769,20.88461538,0.353867096,0.253851863,20.73076923,5.230769231,21.0,14.65384615,0.697802197619048,10.65384615,3.423076923,7.423076923,15.19230769,0.653846154,28.26923077,10.88461538,0.153846154,16.26923077,61.65384615,63.92307692,-2.26923077,10.61538462,,,4.84,501.1304348,0.0,233.68,,-0.192307692,156.6153846,-0.192307692,501.1304348,6.0074541143069915,12.573094461731348,,40.029667609527706,76.47528965000606,
florida_atlantic_owls,54.4137931,20.5862069,0.38048902,0.278444373,19.06896552,5.172413793,16.65517241,12.24137931,0.73498965,11.37931034,2.034482759,5.689655172,15.86206897,0.75862069,25.48275862,10.44827586,0.0,15.24137931,58.5862069,66.17241379,-7.58620689,7.896551724,,5.0,4.107142857,729.1851852,0.0,661.88,,0.034482759,580.5925926,0.0,729.1851852,4.9867921503048285,10.899822310030705,55.4750456870639,33.29938816405796,63.10830315157698,47.292383671071846
kennesaw_state_owls,56.92592593,22.48148148,0.396127773,0.315744324,15.48148148,4.703703704,16.66666667,11.03703704,0.66222222,11.0,2.37037037,7.592592593,16.07407407,0.703703704,22.92592593,11.07407407,0.037037037,17.51851852,60.7037037,65.03703704,-4.33333334,9.777777778,,5.0,4.346153846,701.12,0.0,328.52,,0.074074074,218.1923077,0.0,701.12,5.647918169492573,9.90344211276923,28.656237720433104,37.658875452442,55.148689032283976,18.689686420893903
radford_highlanders,60.34255099,25.01573043,0.415251811,0.312850478,19.07703367,6.038306707,16.78198738,11.91841293,0.71019079,13.76857026,3.400844905,7.993425631,15.33538721,0.597968925,25.89571287,11.83621144,0.106287593,16.52214194,67.98712499,64.70931281,3.27781218,13.6206622,,5.769295325,4.166942491,1974.543453,-0.032743437,488.1600507,,0.036690485,381.9029067,-0.032743437,1974.543453,7.547245863023891,11.607244567305449,41.46469789562573,50.1831063798504,68.75956780214142,32.35011864770404
jacksonville_dolphins,56.7037037,21.7037037,0.381835855,0.267578906,15.44444444,4.111111111,17.07407407,11.81481481,0.69197397,10.44444444,3.925925926,10.07407407,16.25925926,0.666666667,22.81481481,10.55555556,0.333333333,18.51851852,59.33333333,58.7037037,0.62962963,10.2962963,,,4.346153846,688.0909091,0.0,395.1428571,,-0.074074074,315.9583333,-0.074074074,688.0909091,5.750006611460264,10.478253552180677,,38.33205008501185,59.7405880499938,
providence_friars,56.13333333,22.16666667,0.396872048,0.293465097,15.96666667,4.666666667,15.66666667,10.9,0.695744680703033,11.23333333,5.8,7.033333333,17.96666667,0.833333333,28.13333333,10.23333333,0.0,15.8,59.9,63.86666667,-3.96666667,9.4,,5.0,3.965517241,865.5714286,0.0,443.8275862,,0.166666667,305.7333333,0.0,865.5714286,5.539071051907753,12.768879265087705,37.36747041274572,36.94113388469784,78.03932262599395,27.980358537420955
washington_huskies,52.27777778,22.22222222,0.425913424,0.357248679,15.44444444,5.611111111,13.11111111,9.166666667,0.699152542457555,13.05555556,4.111111111,6.555555556,18.22222222,1.555555556,26.11111111,10.11111111,0.0,13.33333333,59.22222222,62.22222222,-3.0,9.333333333,,5.0,6.470588235,1711.6,-0.058823529,527.5882353,,0.055555556,546.3888889,-0.058823529,1711.6,5.700494673164871,11.931387222337698,47.225501908893456,38.00556669250038,71.34899145864424,38.494110331231774
south_florida_bulls,57.70967742,22.0,0.384838887,0.297516446,18.19354839,5.322580645,16.06451613,11.61290323,0.72289157,14.38709677,3.516129032,6.709677419,14.58064516,1.193548387,26.32258065,14.41935484,0.193548387,15.12903226,60.93548387,53.51612903,7.41935484,13.5483871,,5.0,4.033333333,1511.346154,-0.258064516,782.8,,0.032258065,643.516129,-0.258064516,1511.346154,7.698702177658589,11.709939485629405,64.49484631132242,51.18181443131488,69.57994934336196,56.912148532867214
campbell_fighting_camels,55.17241379,23.48275862,0.421658572,0.323834945,22.79310345,7.482758621,14.79310345,10.06896552,0.68065268,15.65517241,3.482758621,8.482758621,15.96551724,0.793103448,23.44827586,11.37931034,0.034482759,14.65517241,64.51724138,53.79310345,10.72413793,19.27586207,,5.0,4.178571429,627.952381,0.0,154.5217391,,0.034482759,119.1538462,0.0,627.952381,9.874086546298875,10.930521137690587,15.375480417278668,65.52637239333264,63.35354168879292,4.525541583887641
east_carolina_pirates,61.57142857,22.60714286,0.368024908,0.246756166,15.42857143,4.0,18.67857143,11.32142857,0.60611855,12.89285714,4.928571429,11.0,17.10714286,0.857142857,22.35714286,14.78571429,0.321428571,18.75,60.53571429,59.21428571,1.32142858,13.28571429,,5.0,4.37037037,890.6296296,0.0,645.2592593,,-0.035714286,521.2142857,-0.035714286,890.6296296,7.305526390907238,10.58076382277575,53.88028490722601,48.58920002090524,60.55949452710333,45.59154522109613
grambling_lady_tigers,59.0,21.61904762,0.366286134,0.25061285,17.42857143,4.523809524,16.66666667,11.28571429,0.67714286,10.85714286,2.80952381,7.80952381,16.61904762,0.571428571,20.66666667,11.23809524,0.190476191,19.47619048,59.04761905,72.04761905,-13.0,4.428571429,,,5.6,1378.647059,-0.095238095,565.65,,-0.666666667,733.3333333,-0.666666667,1378.647059,3.522816271829493,8.683521715345073,,23.645881801450734,45.403317088482986,
ucla_bruins,60.08,24.16,0.405692625,0.337036041,18.52,6.12,14.88,11.52,0.77,13.76,2.88,6.12,13.2,0.64,24.92,11.96,0.2,17.0,65.96,61.36,4.6,13.52,,,4.375,2179.777778,0.28,930.7916667,,0.12,943.0,0.12,2179.777778,7.544014082295323,10.57056732,,50.161795908629884,60.47803944832483,
cal_poly_mustangs,60.56,22.12,0.368422724,0.24276447,15.08,3.64,14.12,9.36,0.66,12.24,2.0,5.96,15.88,0.72,26.6,11.52,0.04,18.64,57.24,70.4,-13.16,5.84,,7.5,4.916666667,472.3043478,0.0,185.0,,0.24,132.72,0.0,472.3043478,4.346145119344992,10.934629480000002,18.475592473544797,29.074940015365048,63.386361308796204,7.831861786386423
cal_state_fullerton_titans,55.17241379,22.13793103,0.403973803,0.273231779,15.93103448,4.275862069,17.03448276,11.75862069,0.6902834,12.34482759,2.862068966,7.517241379,16.03448276,0.793103448,24.27586207,10.37931034,0.034482759,17.31034483,60.31034483,64.65517241,-4.34482758,8.0,,5.0,4.285714286,313.0869565,0.0,623.9285714,,0.034482759,335.5517241,0.0,623.9285714,5.12140512005008,10.580372862124985,50.47174771702453,34.1870306307348,60.556371325814844,41.95628456974239
bryant_bulldogs,54.4375,21.0,0.383833881,0.344901317,14.4375,5.0,13.34375,9.46875,0.7096,13.21875,2.71875,6.625,19.25,0.875,24.65625,11.4375,0.15625,15.34375,56.46875,63.25,-6.78125,9.78125,,,4.0,521.0714286,0.0,220.4482759,,-0.09375,202.3548387,-0.09375,521.0714286,5.880124459589517,10.816579406250002,,39.19005156800942,62.44331463204907,
high_point_panthers,58.31034483,22.89655172,0.392847591,0.294189124,25.4137931,7.206896552,15.55172414,10.48275862,0.67405765,13.37931034,1.75862069,8.896551724,12.0,0.413793103,26.62068966,6.655172414,0.103448276,16.0,63.55172414,57.96551724,5.5862069,14.79310345,,5.0,4.071428571,642.08,0.0,196.4166667,,-0.034482759,120.0,-0.034482759,642.08,7.838465790699974,12.046545898720938,18.24619747413453,52.10342041375848,72.26894011781914,7.587208268340412
indiana_hoosiers,59.1,26.53333333,0.452796804,0.338956547,15.0,4.966666667,18.36666667,13.76666667,0.74954628,14.16666667,3.4,6.633333333,13.06666667,0.3,26.86666667,9.433333333,0.033333333,15.46666667,71.8,61.9,9.9,16.6,,5.0,4.0,4616.25,-0.142857143,418.2068966,,0.133333333,297.0333333,-0.142857143,4616.25,8.731055110488555,11.875068967574997,35.49173508216395,57.989184519891246,70.89909133315479,25.97985613444883
washington_state_cougars,58.37931034,22.65517241,0.392042684,0.332650835,21.5862069,6.931034483,11.89655172,8.517241379,0.715942029208444,13.34482759,4.172413793,7.896551724,13.89655172,0.413793103,23.89655172,11.17241379,0.172413793,15.55172414,60.75862069,60.34482759,0.4137931,11.44827586,,5.0,4.071428571,1632.76,-0.035714286,975.7142857,,0.0,838.2068966,-0.035714286,1632.76,6.633501263509072,10.923278825364063,80.00027666913184,44.157843645056715,63.29568625207413,73.44894356156351
richmond_spiders,57.13333333,25.33333333,0.443794368,0.341063646,26.9,9.166666667,14.63333333,10.66666667,0.72892939,14.46666667,5.3,6.766666667,16.53333333,0.733333333,27.86666667,9.333333333,0.0,16.0,70.5,67.06666667,3.43333333,13.93333333,,5.0,3.931034483,753.0769231,0.033333333,334.0344828,,0.033333333,223.4333333,0.0,753.0769231,7.674838192448223,12.494686234912296,28.83389987852909,51.02445450725291,75.84892309738592,18.87916601771847
duquesne_dukes,57.75862069,23.17241379,0.401359657,0.333224424,22.96551724,7.379310345,14.65517241,10.10344828,0.68941177,14.79310345,2.827586207,7.517241379,14.48275862,1.068965517,24.93103448,10.27586207,0.034482759,16.10344828,63.82758621,64.55172414,-0.72413793,9.793103448,,5.0,4.071428571,733.7037037,0.0,439.3214286,,0.068965517,280.4482759,0.0,733.7037037,6.141798576793894,11.058154032523626,36.862275723775944,40.915539530278906,64.37314102907638,27.44156014045344
long_beach_state_beach,57.44444444,23.0,0.402674341,0.264420926,18.55555556,5.0,15.74074074,11.03703704,0.70117647,14.0,3.185185185,11.85185185,13.59259259,0.481481482,21.18518519,9.62962963,0.0,15.77777778,62.03703704,56.77777778,5.25925926,12.88888889,,7.5,4.615384615,770.8333333,0.0,508.6,,-0.037037037,490.7692308,-0.037037037,770.8333333,7.171173007999503,10.535416927265915,44.520491710607416,47.70326927859794,60.19723944540035,35.609172721160235
oregon_state_beavers,56.34615385,23.19230769,0.412750238,0.328705844,19.57692308,6.5,15.0,11.07692308,0.738461538666667,14.07692308,4.961538462,5.076923077,15.38461538,0.730769231,30.65384615,9.615384615,0.076923077,13.11538462,63.96153846,62.96153846,1.0,10.0,,5.0,4.44,3631.391304,0.24,1261.92,,0.076923077,1295.923077,0.076923077,3631.391304,6.18694866717577,13.737183151471353,104.89540029000553,41.21326075040423,85.77464826475008,100.0
umbc_retrievers,54.03846154,19.92307692,0.368797403,0.308957179,13.80769231,4.269230769,13.42307692,10.0,0.744985673523206,9.615384615,0.923076923,7.730769231,16.69230769,1.153846154,21.15384615,10.96153846,0.0,14.88461538,54.11538462,65.34615385,-11.23076923,5.269230769,,,4.52,521.84,0.0,312.6666667,,-0.269230769,276.92,-0.269230769,521.84,3.70158292989967,9.384973537499336,,24.824675179453482,51.00688673285007,
mount_st_marys_mountaineers,54.21428571,22.78571429,0.421283621,0.354265567,21.17857143,7.5,14.35714286,10.53571429,0.73383085,11.89285714,2.678571429,7.142857143,16.0,0.392857143,24.64285714,8.892857143,0.071428571,16.25,63.60714286,60.03571429,3.57142857,13.71428571,,,4.592592593,751.8,0.0,239.56,,0.035714286,170.4444444,0.0,751.8,7.22646048485155,10.795391320244685,,48.06783676731886,62.27405294961877,
ualbany_great_danes,52.29032258,21.32258065,0.408693318,0.339426509,17.93548387,6.064516129,12.87096774,8.580645161,0.666666666744361,12.87096774,3.64516129,8.161290323,16.64516129,1.451612903,23.41935484,12.25806452,0.0,13.38709677,57.29032258,48.48387097,8.80645161,14.70967742,,,4.033333333,864.2333333,0.0,296.5714286,,0.064516129,156.3666667,0.0,864.2333333,7.80566222628406,11.055418646458282,,51.88711260263865,64.35128931262591,
presbyterian_blue_hose,53.03333333,21.66666667,0.410696655,0.303473056,17.36666667,5.1,15.9,11.5,0.7,11.53333333,2.4,6.233333333,19.3,0.666666667,25.03333333,10.7,0.0,15.06666667,59.93333333,63.16666667,-3.23333334,7.6,,5.0,3.931034483,526.7307692,0.0,230.8518519,,-0.1,143.5172414,-0.1,526.7307692,4.828140285676164,10.901114297903085,20.801410715352905,32.253232413030595,63.11862423678043,10.312384974148966
colgate_raiders,54.06666667,20.6,0.381133948,0.296498785,16.66666667,4.8,10.5,7.9,0.8,10.7,2.566666667,5.666666667,16.6,1.066666667,22.73333333,9.466666667,0.133333333,15.66666667,53.9,63.1,-9.2,5.533333333,,,3.965517241,318.5666667,0.0,235.7586207,,-0.066666667,188.4,-0.066666667,318.5666667,3.9081358508893556,9.650290698116933,,26.186692113137976,53.126381102114784,
rhode_island_rams,56.5,24.42857143,0.431630364,0.345943176,15.03571429,5.107142857,14.64285714,9.821428571,0.670731707418679,13.85714286,3.035714286,7.857142857,14.35714286,0.785714286,27.53571429,11.75,0.107142857,12.5,63.78571429,52.46428571,11.32142858,18.17857143,,,4.259259259,1084.37037,0.0,382.7037037,,0.035714286,454.5384615,0.0,1084.37037,9.357700508837972,12.892999466213087,,62.121305430493095,79.03086070360973,
fordham_rams,60.21428571,23.35714286,0.390661472,0.301496616,22.60714286,6.857142857,11.85714286,8.535714286,0.719879517922921,13.71428571,2.464285714,7.428571429,13.21428571,0.714285714,22.82142857,12.10714286,0.035714286,15.03571429,62.10714286,57.53571429,4.57142857,13.32142857,,5.0,4.259259259,784.173913,-0.111111111,485.3333333,,0.107142857,462.8928571,-0.111111111,784.173913,7.426084892490934,10.212847605898085,42.022583483852415,49.38416685008323,57.62038441368964,32.94511275035543
vcu_rams,59.50920674,24.32834963,0.409400931,0.310982568,18.9700306,5.953682406,16.26662121,11.48199816,0.70586252,13.39864259,3.372547211,7.890015527,15.45109549,0.637311879,25.62375495,11.67081188,0.103808941,16.31907674,66.09200448,63.67127292,2.42073156,12.97933103,,5.697748728,4.211003187,1716.888427,-0.02738311,476.7169502,,0.026450607,377.2253163,-0.02738311,1716.888427,7.242466407720459,11.488040176440837,40.63482551489884,48.17338036303392,67.80729982731063,31.46504618319519
charleston_southern_buccaneers,52.85714286,18.75,0.358133529,0.264917042,18.71428571,5.0,11.57142857,7.035714286,0.608024691457781,10.42857143,3.428571429,6.464285714,21.57142857,1.142857143,24.53571429,8.107142857,0.0,17.21428571,49.53571429,72.10714286,-22.57142857,3.5,,,4.148148148,445.5185185,0.0,318.1851852,,0.0,213.8571429,0.0,445.5185185,2.94951004669032,10.519557823998383,,19.86548119958619,60.07054850690667,
american_university_eagles,53.61290323,22.61290323,0.425683953,0.27510599,15.09677419,4.129032258,15.0,10.67741935,0.711827956666667,14.22580645,2.387096774,8.419354839,15.64516129,0.935483871,23.4516129,8.419354839,0.0,15.32258065,60.03225806,56.03225806,4.0,10.74193548,,5.0,4.133333333,522.7,0.0,305.6666667,,0.129032258,175.0645161,0.0,522.7,6.328362590251529,10.687328965590469,26.49038047064533,42.145748932924576,61.41079347674506,16.37976424687845
uconn_huskies,60.06666667,29.4,0.491341331,0.337706786,20.5,7.0,12.86666667,8.966666667,0.69689119155521,18.83333333,4.733333333,9.3,14.13333333,0.566666667,27.76666667,10.9,0.033333333,13.56666667,74.76666667,54.16666667,20.6,26.73333333,,,3.896551724,5937.518519,-0.2,925.1724138,,0.066666667,637.8666667,-0.2,5937.518519,13.226230587222572,13.3845406676185,,87.6305233586711,82.95755284148456,
massachusetts_minutewomen,62.21875,27.28125,0.440574561,0.324383077,18.5,6.03125,16.09375,10.9375,0.679611650485437,14.5625,2.6875,7.71875,13.46875,0.375,26.65625,13.875,0.03125,14.625,71.53125,60.78125,10.75,15.75,,5.0,3.774193548,709.6451613,0.032258065,436.7419355,,0.0625,404.1875,0.03125,709.6451613,8.593395963121976,12.0961595,37.73888937996949,57.0814554551485,72.66527991093747,28.376482939582814
furman_paladins,61.18518519,23.0,0.374326917,0.296668522,20.2962963,6.148148148,17.92592593,13.44444444,0.75,13.18518519,2.222222222,6.814814815,15.51851852,0.777777778,26.2962963,15.81481481,0.111111111,14.92592593,65.59259259,60.88888889,4.7037037,15.07407407,,5.0,4.384615385,695.2916667,-0.12,331.2727273,,-0.037037037,392.28,-0.12,695.2916667,8.169577015217634,11.608906001053901,30.604246253114994,54.28677900566423,68.77284021718819,20.767269375751212
unc_asheville_bulldogs,59.90625,23.28125,0.389799305,0.26904596,18.6875,4.90625,15.03125,10.0625,0.669438669438669,10.71875,1.09375,7.4375,15.25,0.53125,24.28125,11.0625,0.15625,17.21875,61.53125,66.40625,-4.875,8.84375,,5.0,3.741935484,512.4074074,0.0,222.7407407,,-0.15625,139.9,-0.15625,512.4074074,5.2901900486201825,10.369010531250002,20.075605948992497,35.30000414745736,58.86789678793951,9.538302322124554
robert_morris_colonials,54.71428571,20.60714286,0.378171026,0.297142948,18.92857143,5.607142857,11.53571429,7.5,0.650154798520066,10.67857143,2.035714286,8.321428571,15.25,1.071428571,21.42857143,9.357142857,0.071428571,17.07142857,54.32142857,58.60714286,-4.28571429,9.607142857,,,4.222222222,492.7407407,0.0,342.2962963,,0.0,240.4285714,0.0,492.7407407,5.469589864187695,9.439952893662815,,36.48297258737126,51.446091025339264,
purdue_fort_wayne_mastodons,57.21428571,21.82142857,0.380529819,0.325388235,25.5,8.285714286,10.03571429,8.214285714,0.818505337700282,12.67857143,2.607142857,6.75,16.07142857,0.714285714,22.64285714,9.285714286,0.071428571,15.96428571,60.14285714,65.75,-5.60714286,9.785714286,,,4.148148148,638.4166667,0.0,278.2083333,,-0.071428571,177.5384615,-0.071428571,638.4166667,5.779657262705372,9.836712749380904,,38.5275674802494,54.61561944252599,
south_carolina_state_lady_bulldogs,56.8,17.93333333,0.318815385,0.238577646,20.6,4.866666667,14.13333333,8.666666667,0.613207547338021,8.733333333,4.8,5.333333333,22.86666667,1.333333333,26.86666667,10.66666667,0.0,16.6,49.4,75.53333333,-26.13333333,2.785714286,,,8.642857143,1020.230769,0.0,327.7142857,,-0.733333333,568.7333333,-0.733333333,1020.230769,2.5615261562408866,11.541987334748283,,17.307102328656033,68.23825837520215,
eastern_kentucky_colonels,60.51612903,23.41935484,0.385529907,0.285793408,16.77419355,4.870967742,20.67741935,15.29032258,0.73946958,12.09677419,3.935483871,9.161290323,17.67741935,0.387096774,25.41935484,13.25806452,0.225806452,17.58064516,67.0,66.64516129,0.35483871,10.87096774,,8.333333333,3.833333333,836.1851852,0.0,416.0434783,,-0.161290323,268.8518519,-0.161290323,836.1851852,6.276519399052068,11.573849613776925,35.432549070998434,41.80389318006677,68.49279117977443,25.91673328570331
liberty_flames,56.26666667,25.6,0.455732937,0.312519212,17.63333333,5.6,15.06666667,10.2,0.676991150292701,16.36666667,3.8,5.8,15.43333333,0.766666667,29.03333333,13.03333333,0.033333333,16.5,67.0,51.8,15.2,21.5,,5.0,4.034482759,712.9259259,0.038461538,445.0833333,,0.133333333,435.4814815,0.033333333,712.9259259,10.980894471897773,12.528713865181045,38.805006027277884,72.82470121763033,76.12075387752148,29.51351377757824
houston_cougars,61.22580645,23.4516129,0.381334114,0.296488926,18.90322581,5.774193548,16.12903226,10.51612903,0.652,12.87096774,4.677419355,10.19354839,15.61290323,0.612903226,23.61290323,13.51612903,0.096774194,17.58064516,63.19354839,61.06451613,2.12903226,11.67741935,,5.0,4.0,780.5,-0.161290323,670.3333333,,0.032258065,503.516129,-0.161290323,780.5,6.700755762100536,11.10663693828516,55.20688204032251,44.60132207910223,64.76044822597223,47.00638275668403
sacred_heart_pioneers,56.12,21.12,0.376801024,0.284742371,16.56,5.0,15.68,10.8,0.688775510204082,10.16,2.44,6.52,16.52,0.64,24.32,10.04,0.04,20.16,58.04,63.92,-5.88,7.28,,5.0,4.875,399.7391304,0.0,130.2916667,,-0.04,90.36,,,4.556785647345093,9.863118439999997,13.8298634289998,30.463910767662984,54.826562121293684,2.8771157912320184
central_connecticut_blue_devils,59.11538462,21.57692308,0.366482026,0.312929012,21.84615385,6.692307692,12.46153846,8.461538462,0.679012345799878,10.23076923,3.923076923,6.192307692,15.84615385,0.615384615,23.0,11.19230769,0.192307692,16.88461538,58.30769231,67.69230769,-9.38461538,6.153846154,,,4.64,428.0909091,0.0,146.2,,-0.153846154,111.6923077,-0.153846154,428.0909091,4.166948093311005,9.864784731412277,,27.893308776480854,54.83987334193866,
pennsylvania_quakers,61.68,23.48,0.377832414,0.301655234,22.6,6.92,15.24,10.92,0.72,13.0,4.04,8.12,14.64,0.28,27.08,13.64,0.0,14.96,64.8,59.92,4.88,15.56,,5.0,4.583333333,366.1363636,-0.217391304,552.6,,-0.04,456.173913,-0.217391304,552.6,8.287487821914407,12.490408919999998,46.852450404318276,55.0642868453787,75.81475363450201,38.09624480128862
blackburn_beavers,54.0,16.0,0.296296296,0.2,30.0,6.0,18.0,14.0,0.777777777777778,5.0,0.0,14.0,34.0,0.0,20.0,7.0,0.0,18.0,52.0,114.0,-62.0,0.0,True,,,,,,away,0.0,,0.0,114.0,0.5621621332348481,9.818429,,4.123228467730294,54.4695591433291,
stanford_cardinal,61.67741935,27.70967742,0.45104649,0.358443544,20.41935484,7.225806452,16.35483871,11.12903226,0.68047337,15.12903226,5.967741935,8.612903226,13.0,0.580645161,28.16129032,13.35483871,0.0,15.96774194,73.77419355,56.87096774,16.90322581,21.48387097,,,3.833333333,3657.2,-0.1,813.6,,0.161290323,955.4193548,-0.1,3657.2,10.881879066994445,13.163347965872983,,72.17179029520047,81.19054808091505,
florida_international_panthers,58.33333333,22.7,0.392899807,0.292950988,21.73333333,6.333333333,17.1,12.26666667,0.717348928070175,11.4,2.5,9.533333333,16.96666667,1.033333333,21.66666667,12.2,0.0,20.0,64.0,62.3,1.7,10.8,,5.0,4.137931034,681.6190476,0.0,656.0416667,,0.066666667,536.3703704,0.0,681.6190476,6.08827207959583,9.446027434748284,54.64296529154316,40.562584000842364,51.49461768526789,46.404956322678856
norfolk_state_spartans,58.96153846,21.96153846,0.373179652,0.253847221,18.61538462,4.846153846,17.84615385,12.19230769,0.68318965,10.84615385,4.269230769,12.30769231,17.15384615,0.538461539,22.84615385,13.61538462,0.692307692,19.42307692,60.96153846,55.84615385,5.11538461,14.69230769,,,4.92,903.1578947,0.0,159.8333333,,-0.076923077,136.08,-0.076923077,903.1578947,7.572814237065328,10.928732118141523,,50.3517051014001,63.33925005061952,
bucknell_bison,56.53125,23.34375,0.415104927,0.327599415,15.8125,5.3125,14.65625,10.4375,0.712153518123667,13.125,3.34375,7.28125,12.0,0.46875,26.5,8.34375,0.0625,13.53125,62.4375,54.46875,7.96875,15.375,,5.0,3.967741935,602.21875,0.0,226.6774194,,-0.03125,159.1875,-0.03125,602.21875,8.101881952834498,12.16305053125,20.69203609559599,53.84039547910416,73.19964098942432,10.195735153632974
saint_josephs_hawks,53.13333333,21.23333333,0.399376305,0.320638513,17.4,5.7,14.03333333,10.1,0.7197149645415,13.73333333,3.0,6.3,15.36666667,0.933333333,22.93333333,10.46666667,0.033333333,14.73333333,58.26666667,59.96666667,-1.7,9.133333333,,,4.0,653.0869565,-0.103448276,378.1034483,,0.0,342.8666667,-0.103448276,653.0869565,5.719452060532224,10.094400232365663,,38.1305723447518,56.6741638953041,
oregon_ducks,55.75,27.5,0.492994506,0.374015087,20.0,7.25,15.0,10.75,0.716666666666667,17.0,3.75,7.0,11.0,0.5,27.0,11.5,0.0,13.5,73.0,51.75,21.25,24.75,,,4.25,5502.0,0.0,486.75,,0.5,138.0,0.0,5502.0,12.330931233237294,12.37230775,,81.72688919556174,74.87129877377646,
saint_louis_billikens,60.0,23.2962963,0.388600895,0.266440539,15.62962963,4.0,12.96296296,9.222222222,0.711428571574041,11.88888889,4.481481481,6.925925926,14.85185185,0.777777778,27.81481481,11.37037037,0.0,12.85185185,59.81481481,64.07407407,-4.25925926,8.296296296,,5.0,4.346153846,596.3461538,0.038461538,804.6153846,,-0.074074074,656.5925926,-0.074074074,804.6153846,5.293527639198481,12.905212775865868,66.38115063417855,35.32201233239886,79.12842710669841,58.923922938929074
central_arkansas_sugar_bears,53.75,20.25,0.378106071,0.235886237,8.357142857,2.071428571,16.35714286,11.32142857,0.69213974,10.25,2.178571429,6.535714286,18.28571429,1.321428571,25.28571429,12.0,0.071428571,17.07142857,53.89285714,62.0,-8.10714286,9.857142857,,5.0,4.185185185,727.2083333,0.0,333.2380952,,-0.071428571,354.84,-0.071428571,727.2083333,5.601523772213719,10.749329037995292,30.251657491409652,37.35294923063349,61.90608297875141,20.391227695695136
lipscomb_bisons,56.13333333,21.83333333,0.388627904,0.323360114,22.73333333,7.2,12.16666667,8.7,0.715068492954776,10.76666667,3.266666667,5.033333333,15.5,0.833333333,26.93333333,8.433333333,0.166666667,17.53333333,59.56666667,65.56666667,-6.0,8.866666667,,5.0,3.896551724,644.8333333,0.0,495.1818182,,-0.133333333,491.3076923,-0.133333333,644.8333333,5.2493258874398725,11.170313832299493,42.771798981522025,35.03054448916875,65.26913306943084,33.744163330144396
utah_utes,60.12903226,26.03225806,0.430464089,0.346592595,26.61290323,9.387096774,18.64516129,14.58064516,0.78200692,15.25806452,2.806451613,6.838709677,14.83870968,0.903225807,25.58064516,13.35483871,0.322580645,16.58064516,76.03225806,67.87096774,8.16129032,17.77419355,,5.0,3.866666667,2560.275862,-0.142857143,677.5666667,,0.161290323,1422.285714,-0.142857143,2560.275862,9.387786833864332,11.096568741470005,64.859203141609,62.31969567335141,64.68001812334072,57.300741050502175
north_alabama_lions,57.86206897,23.79310345,0.40823914,0.331951854,28.55172414,9.75862069,15.34482759,11.51724138,0.7505618,15.31034483,4.379310345,6.827586207,16.03448276,0.896551724,26.17241379,8.793103448,0.206896552,17.03448276,68.86206897,68.37931034,0.48275863,13.27586207,,6.666666667,4.178571429,889.0,0.0,388.7826087,,-0.034482759,428.6923077,-0.034482759,889.0,7.4751731168633455,11.474680239807256,35.11510744076269,49.70785625868311,67.70057355901085,25.578176596101997
warner_university_royals,50.66666667,15.66666667,0.306466598,0.291316527,16.0,4.666666667,15.66666667,10.66666667,0.68085106,7.333333333,2.0,3.333333333,26.0,1.666666667,23.66666667,8.666666667,0.0,12.0,46.66666667,85.33333333,-38.66666666,2.666666667,,,,,,,,0.0,,0.0,85.33333333,2.1606913447597105,10.004223334748286,,14.663984050629574,55.953782950879365,
hendrix_college_warriors,62.5,14.5,0.229155944,0.240740741,27.0,6.5,11.0,6.0,0.545454545454545,8.0,0.5,5.0,16.5,0.0,22.0,11.5,0.0,12.0,41.5,85.5,-44.0,1.5,,,,,,,,0.0,,0.0,85.5,2.0444973946846234,9.492511499999999,,13.897797221435027,51.865957082735456,
loyola_maryland_greyhounds,52.31034483,20.27586207,0.388352488,0.305240371,13.27586207,4.068965517,12.48275862,9.137931034,0.732044198896798,11.20689655,0.862068966,6.586206897,16.27586207,1.379310345,22.34482759,10.13793103,0.034482759,15.82758621,53.75862069,61.5862069,-7.82758621,5.172413793,,5.0,4.142857143,334.0,0.0,221.0,,-0.034482759,148.8275862,-0.034482759,334.0,3.85570329146216,9.483501070339871,20.301626128088095,25.840950046290978,51.79397698583994,9.779356539118325
st_bonaventure_bonnies,54.60714286,21.42857143,0.3946651,0.277754893,16.28571429,4.678571429,15.46428571,10.78571429,0.69745958,9.035714286,3.714285714,5.928571429,14.92857143,0.785714286,25.28571429,8.714285714,0.071428571,15.03571429,58.32142857,62.32142857,-4.0,7.5,,5.0,4.185185185,436.8461538,0.0,380.0,,0.071428571,223.1851852,0.0,436.8461538,4.516416919195444,11.09367128706001,32.20745534393292,30.19771801150306,64.6568717188907,22.477118087537896
alabama_state_lady_hornets,59.0,22.82758621,0.386691456,0.293374494,14.72413793,4.379310345,20.20689655,14.0,0.692832764564235,13.75862069,4.0,7.068965517,20.44827586,1.172413793,25.82758621,14.13793103,0.24137931,20.96551724,64.03448276,68.48275862,-4.44827586,11.17241379,,5.0,4.392857143,1073.038462,0.0,365.5769231,,-0.172413793,289.1428571,-0.172413793,1073.038462,6.564900038578404,10.723392449836245,31.98410489650435,43.70548485206857,61.69888773954006,22.238911183023717
cincinnati_bearcats,57.14285714,21.39285714,0.3742055,0.297122769,16.10714286,4.785714286,16.92857143,12.21428571,0.72151899,14.28571429,4.857142857,8.142857143,17.60714286,0.821428571,24.25,11.10714286,0.107142857,19.60714286,59.78571429,66.21428571,-6.42857142,7.857142857,,10.0,4.333333333,1120.84,0.0,734.0740741,,0.178571429,430.8928571,0.0,1120.84,5.27926431532988,10.593759642436684,59.88492498002256,35.22795949331734,60.663312035670096,51.99559204943332
trinity_baptist_eagles,44.0,8.0,0.181818182,0.2,15.0,3.0,22.0,12.0,0.545454545454545,4.0,1.0,5.0,37.0,3.0,16.0,8.0,0.0,19.0,31.0,126.0,-95.0,0.0,True,,,,,,away,0.0,,0.0,126.0,0.3073817091513432,5.7680419999999994,,2.443197750612628,22.112916927425623,
shorter_hawks,66.5,16.5,0.248412698,0.142857143,16.0,3.0,13.5,11.5,0.9,4.0,2.0,5.0,13.0,0.0,24.0,13.0,0.0,18.0,47.5,74.5,-27.0,5.5,,,,,,,,0.0,,0.0,74.5,3.2819920570145764,9.631633,,22.05787879937473,52.97733350183808,
webber_international_warriors,59.0,17.5,0.29224537,0.156417112,19.5,3.0,19.0,12.5,0.657894736842105,5.0,3.5,9.0,23.0,0.0,21.5,8.5,0.0,18.5,50.5,80.5,-30.0,2.5,,,,,,,,0.0,,0.0,80.5,1.8341387459472331,9.588557999999999,,12.5106851905109,52.63322752790274,
alcorn_state_lady_braves,53.71428571,17.71428571,0.32769089,0.306420857,20.07142857,5.928571429,15.0,9.571428571,0.638095238066667,9.214285714,1.571428571,6.714285714,20.5,0.857142857,19.78571429,9.214285714,0.357142857,22.92857143,50.92857143,78.78571429,-27.85714286,3.357142857,,,,1800.076923,0.0,459.6923077,,-0.714285714,374.2857143,-0.714285714,1800.076923,2.7347768077524766,7.333319858730599,,18.449522973205717,34.61718766585667,
tennessee_tech_golden_eagles,53.4,22.73333333,0.426527011,0.317671043,18.6,5.866666667,20.7,14.56666667,0.703703703864734,14.26666667,3.466666667,6.733333333,15.0,0.8,24.4,12.03333333,0.0,14.63333333,65.9,61.0,4.9,13.6,,5.0,4.0,1031.5,0.071428571,400.6153846,,-0.066666667,328.9642857,-0.066666667,1031.5,7.5931570968970465,10.930245067141115,34.598495210443005,50.48584660585142,63.35133629064317,25.02720120457979
florida_gulf_coast_eagles,63.5862069,27.89655172,0.438371712,0.329568477,36.17241379,11.93103448,15.37931034,10.13793103,0.65919283,17.68965517,3.275862069,10.37931034,11.27586207,0.793103448,25.5862069,9.275862069,0.0,15.20689655,77.86206897,56.89655172,20.96551725,25.24137931,,,4.392857143,1251.730769,0.0,622.7916667,,0.137931035,453.8461538,0.0,1251.730769,12.46947364209831,12.248767793736242,,82.64044251641538,73.88439600024032,
northern_kentucky_norse,59.03448276,24.27586207,0.411716933,0.305077049,20.86206897,6.551724138,15.79310345,11.03448276,0.69868996,12.34482759,3.931034483,8.275862069,14.82758621,0.689655172,26.24137931,11.79310345,0.0,14.13793103,66.13793103,59.13793103,7.0,14.62068966,,5.0,4.035714286,622.5714286,0.0,338.5,,-0.137931035,238.3214286,-0.137931035,622.5714286,7.7763155267938,12.26729165575048,29.353166864983624,51.693599475533176,74.03237444665825,19.432972750070313
life_university_running_eagles,57.5,18.0,0.311363636,0.262443439,15.0,4.0,21.5,13.0,0.604651162790698,6.0,2.0,3.5,18.5,1.5,30.5,11.0,0.0,15.5,53.0,70.5,-17.5,0.5,,,,,,,,0.0,,0.0,70.5,1.525303279644943,12.5701365,,10.47421370024778,76.45165988094215,
morehead_state_eagles,55.5,19.78571429,0.354661515,0.250057283,21.17857143,5.321428571,11.21428571,7.607142857,0.678343949291087,9.75,3.25,6.892857143,17.21428571,0.785714286,21.89285714,9.607142857,0.071428571,17.10714286,52.5,72.92857143,-20.42857143,3.75,,,4.037037037,749.0740741,0.0,330.28,,-0.107142857,257.3703704,-0.107142857,749.0740741,3.0747327146561023,9.431714712608365,,20.691203699337535,51.380280060389815,
tennessee_state_lady_tigers,60.0,24.13333333,0.402725606,0.263690501,15.2,3.8,15.76666667,11.23333333,0.71247357,11.66666667,3.4,12.1,19.33333333,0.733333333,20.3,11.96666667,0.233333333,20.33333333,63.3,69.03333333,-5.73333333,8.366666667,,5.0,3.827586207,639.3571429,0.0,324.4137931,,-0.133333333,190.6666667,-0.133333333,639.3571429,5.105043386611986,9.507951067195952,27.75687462545693,34.079140808115305,51.989296544304885,17.73050097329333
austin_peay_governors,52.76666667,24.06666667,0.460394792,0.376226188,16.86666667,6.266666667,17.53333333,11.66666667,0.66539924,13.63333333,2.133333333,7.233333333,16.2,0.966666667,24.46666667,9.866666667,0.133333333,17.7,66.06666667,59.5,6.56666667,15.56666667,,5.0,3.965517241,694.125,0.071428571,263.68,,-0.066666667,224.2142857,-0.066666667,694.125,8.183275908984411,10.448130934721114,23.940274245337555,54.37710997360067,59.49995258584047,13.660034257050881
freed_hardeman_lions,58.0,29.0,0.5,0.363636364,11.0,4.0,15.0,9.0,0.6,11.0,2.0,10.0,13.0,2.0,22.0,10.0,0.0,11.0,71.0,62.0,9.0,10.0,True,,,,,,away,0.0,,0.0,71.0,5.783172654568095,11.051250999999999,,38.5507480928625,64.31799593958945,
oakwood_ambassadors,50.0,8.0,0.16,0.125,8.0,1.0,29.0,15.0,0.517241379310345,2.0,1.0,11.0,23.0,1.0,17.0,9.0,0.0,24.0,32.0,101.0,-69.0,0.0,True,,,,,,away,0.0,,0.0,101.0,0.4188291144827586,6.916307,,3.1780857035366497,31.285867505739354,
middle_tennessee_blue_raiders,60.3,24.23333333,0.403496324,0.332800293,29.7,9.8,13.06666667,9.766666667,0.747448979426671,12.66666667,3.8,8.966666667,13.03333333,0.8,25.16666667,10.73333333,0.033333333,18.23333333,68.03333333,56.96666667,11.06666666,17.86666667,,5.0,4.206896552,1993.346154,0.066666667,527.4137931,,0.0,449.5,0.0,1993.346154,9.045146564406652,11.301965402108252,44.816653098821334,60.06031416992119,66.32083571944034,35.92503368466074
tulsa_golden_hurricane,60.34615385,25.15384615,0.416649108,0.364872199,23.69230769,8.5,12.88461538,9.653846154,0.749253731623613,15.30769231,3.461538462,8.615384615,12.26923077,0.5,23.42307692,10.0,0.153846154,16.30769231,68.46153846,63.65384615,4.80769231,16.53846154,,5.0,4.68,1113.782609,0.04,647.3043478,,0.115384615,492.8,0.04,1113.782609,8.816082094324734,10.688545190520763,53.94385233528554,58.54985532159236,61.42050932733503,45.65934092260611
murray_state_racers,55.06666667,26.16666667,0.479025254,0.368849804,15.2,5.366666667,19.7,15.76666667,0.80033840964467,15.43333333,2.3,5.133333333,14.66666667,0.9,29.36666667,10.63333333,0.0,11.33333333,73.46666667,62.1,11.36666667,18.73333333,,5.0,3.965517241,811.962963,0.0,261.8846154,,-0.066666667,160.2857143,-0.066666667,811.962963,9.758644801744586,13.145095001932905,23.164812953122578,64.7651456327347,81.04473371216736,12.8329921081957
chattanooga_mocs,56.0,21.55172414,0.387377162,0.288479585,20.48275862,5.896551724,16.06896552,11.55172414,0.71888412,12.0,2.620689655,5.724137931,16.48275862,0.827586207,24.86206897,9.034482759,0.0,16.55172414,60.55172414,68.75862069,-8.20689655,6.379310345,,6.666666667,4.071428571,1121.785714,0.0,185.7857143,,0.0,120.0,0.0,1121.785714,4.405312750368896,10.493664967180504,17.740401810299282,29.46509337167889,59.863702616871045,7.047768921851446
grand_canyon_lopes,60.03333333,23.26666667,0.383885071,0.307740485,18.6,5.7,17.33333333,12.16666667,0.70192308,11.73333333,2.533333333,12.46666667,16.8,0.7,21.86666667,13.73333333,0.066666667,20.4,64.4,60.16666667,4.23333333,13.36666667,,5.0,4.206896552,522.3076923,-0.04,900.5769231,,0.0,602.0,-0.04,900.5769231,7.172786446087708,10.196926935600516,72.45505780667088,47.71390834381696,57.49320164506634,65.40184426178001
tennessee_wesleyan_bulldogs,53.0,15.0,0.287504476,0.185064935,21.5,4.0,9.0,5.0,0.555555555555556,6.0,2.5,5.5,16.0,2.0,19.0,3.5,0.0,11.0,39.0,85.0,-46.0,0.0,,,,,,,,0.0,,0.0,85.0,0.9231944208815279,8.6546635,,6.503887559964499,45.17278233985032,
ut_rio_grande_valley_vaqueros,57.18181818,22.09090909,0.387444021,0.297096855,24.60606061,7.393939394,13.27272727,9.303030303,0.700913242150873,13.66666667,2.727272727,8.03030303,18.21212121,0.606060606,25.03030303,11.21212121,0.060606061,18.15151515,60.87878788,65.42424242,-4.54545454,7.757575758,,5.0,3.78125,637.1034483,-0.15625,845.125,,0.0,675.0606061,-0.15625,845.125,5.174483957574808,10.898240454525354,69.024314422744,34.53703427717357,63.09566644979419,61.742900341692014
spalding_pelicans,52.0,17.0,0.326923077,0.294117647,17.0,5.0,12.0,9.0,0.75,9.0,2.0,4.0,21.0,1.0,12.0,11.0,0.0,7.0,48.0,105.0,-57.0,2.0,True,,,,,,away,0.0,,0.0,105.0,2.123531498890684,5.705817,,14.418950772551426,21.61583058434666,
western_kentucky_lady_toppers,60.17241379,24.93103448,0.4150572,0.306153784,24.27586207,7.517241379,20.62068966,13.48275862,0.65384615,14.13793103,2.551724138,9.689655172,18.62068966,0.896551724,24.31034483,13.79310345,0.0,18.55172414,70.86206897,69.86206897,1.0,11.17241379,,6.25,4.25,874.7307692,-0.037037037,570.0,,0.034482759,414.8214286,-0.037037037,874.7307692,6.622793826299786,10.902743311013506,47.644063787476966,44.087238442644015,63.13163765855442,38.94051341926186
eastern_illinois_panthers,59.17647955,24.09772905,0.407697121,0.309700621,19.12178929,5.979877675,16.12394249,11.37790184,0.70565259,13.29337795,3.337271932,7.881159804,15.55866867,0.665156817,25.45696656,11.58167395,0.101025613,16.40016037,65.5529363,63.60435381,1.94858249,12.81352956,,5.6725619,4.205618471,1596.389738,-0.026368129,473.3986381,,0.016201198,380.0335883,-0.026368129,1596.389738,7.157559049322691,11.394379768715375,40.42354378674812,47.61349837551193,67.05909075430884,31.239710765144217
jarvis_christian_bulldogs,52.66666667,17.0,0.323915415,0.256944444,19.33333333,4.666666667,27.0,17.33333333,0.641975308518519,7.0,2.0,4.0,20.66666667,0.333333333,25.33333333,10.33333333,0.0,23.0,56.0,84.66666667,-28.66666667,2.666666667,,,,,,,,0.0,,0.0,84.66666667,2.327677652367049,9.207467665169709,,15.765097400006995,49.588875564487246,
campbellsville_harrodsburg_pioneers,64.0,20.0,0.3125,0.176470588,17.0,3.0,24.0,20.0,0.833333333333333,3.0,3.0,16.0,23.0,1.0,25.0,14.0,0.0,22.0,63.0,82.0,-19.0,5.0,True,,,,,,away,0.0,,0.0,82.0,2.8253245146912316,12.280883,,19.046597609410174,74.14094932187757,
jacksonville_state_gamecocks,62.48275862,24.68965517,0.395576612,0.292289952,21.24137931,6.344827586,16.82758621,11.65517241,0.69262295,10.48275862,1.0,6.896551724,11.89655172,0.517241379,26.27586207,12.65517241,0.034482759,15.89655172,67.37931034,58.27586207,9.10344827,15.68965517,,,4.392857143,652.8461538,0.04,425.68,,-0.034482759,267.6666667,-0.034482759,652.8461538,8.057179386014944,11.330443966577961,,53.54562524445599,66.54833761527618,
stetson_hatters,56.51612903,23.48387097,0.412543326,0.283934271,16.83870968,4.806451613,17.67741935,12.19354839,0.68978102,12.48387097,1.741935484,9.161290323,16.87096774,0.677419355,27.29032258,10.90322581,0.0,15.51612903,63.96774194,56.5483871,7.41935484,16.4516129,,,4.0,589.24,-0.111111111,532.0740741,,-0.064516129,458.9310345,-0.111111111,589.24,8.43333867986913,12.489176419534052,,56.026032326270084,75.80490776629051,
maine_black_bears,56.22580645,23.0,0.409528936,0.29351229,20.83870968,6.096774194,9.935483871,6.709677419,0.675324675,14.48387097,2.709677419,8.709677419,13.35483871,0.677419355,23.35483871,9.193548387,0.032258065,15.41935484,58.80645161,56.35483871,2.4516129,12.80645161,,6.666666667,4.066666667,984.7333333,0.0,342.2,,0.064516129,289.9677419,0.0,984.7333333,7.223033709608647,10.736420386896407,30.393977625708068,48.04524049568832,61.80296181894703,20.543014446210194
stony_brook_seawolves,59.5,24.92857143,0.419022976,0.304983401,17.39285714,5.357142857,16.96428571,12.85714286,0.75789474,13.14285714,3.178571429,7.357142857,14.89285714,0.607142857,27.0,12.46428571,0.071428571,14.32142857,68.07142857,56.5,11.57142857,16.89285714,,,4.037037037,567.3333333,0.0,239.5925926,,0.0,122.75,0.0,567.3333333,8.781564880836262,12.264099178822338,,58.322247650639845,74.00687124566872,
binghamton_bearcats,55.82142857,22.17857143,0.399470469,0.292373944,17.28571429,5.035714286,12.25,8.964285714,0.731778425632653,12.5,3.035714286,6.857142857,15.89285714,0.392857143,25.42857143,8.714285714,0.071428571,15.78571429,58.35714286,58.21428571,0.14285715,11.07142857,,5.0,4.296296296,872.8461538,0.0,311.3913043,,0.035714286,215.3846154,0.0,872.8461538,6.28037067399856,11.191351249988044,27.3962889413468,41.829288617072756,65.43719113333805,17.345930444723116
siena_saints,58.51724138,21.75862069,0.375482501,0.292496901,16.31034483,4.586206897,15.24137931,9.862068966,0.647058823575725,10.31034483,2.896551724,8.965517241,18.24137931,0.75862069,23.86206897,13.44827586,0.103448276,18.82758621,57.96551724,60.20689655,-2.24137931,7.655172414,,,4.321428571,498.4074074,0.0,154.25,,-0.068965517,135.137931,-0.068965517,498.4074074,4.7960027812215635,10.51672593245146,,32.04131662378009,60.047925853422434,
delaware_state_hornets,49.27272727,16.72727273,0.34304317,0.233655159,13.04545455,2.954545455,15.36363636,10.04545455,0.65384615,7.772727273,1.5,4.363636364,22.22727273,1.818181818,24.59090909,9.318181818,0.227272727,12.54545455,46.45454545,76.45454545,-30.0,2.136363636,,5.0,5.714285714,493.0,0.0,246.7619048,,-0.136363636,157.5454545,-0.136363636,493.0,2.1377146677773204,10.522524135347808,23.185985517191938,14.512475066976052,60.09424497715367,12.855572993999402
gettysburg_bullets,50.0,12.0,0.24,0.111111111,18.0,2.0,13.0,7.0,0.538461538461538,6.0,3.0,5.0,22.0,0.0,24.0,8.0,0.0,26.0,33.0,79.0,-46.0,0.0,True,,,,,,away,0.0,,0.0,79.0,1.01127518836915,8.504054,,7.084695114150859,43.969633676323575,
wagner_seahawks,56.86206897,22.79310345,0.404823862,0.301512151,12.96551724,3.931034483,16.24137931,11.06896552,0.68152866,13.20689655,3.344827586,9.034482759,16.34482759,0.482758621,22.82758621,11.5862069,0.206896552,18.31034483,60.5862069,58.20689655,2.37931035,11.75862069,,,4.321428571,418.5517241,0.0,138.1428571,,-0.034482759,77.89655172,-0.034482759,418.5517241,6.6821768178726995,10.197754759699379,,44.478811893688025,57.499814743563995,
longwood_lancers,62.0625,25.96875,0.420367583,0.301264404,21.4375,6.65625,17.25,12.9375,0.75,14.21875,4.875,10.34375,17.125,0.625,24.40625,12.15625,0.03125,18.0,71.53125,67.21875,4.3125,15.5625,,,3.774193548,1103.826087,0.0,335.4193548,,-0.09375,336.0625,-0.09375,1103.826087,8.29700609827886,11.4597591875,,55.12705068103766,67.58137626971708,
marquette_golden_eagles,60.67741935,26.22580645,0.431443759,0.311304487,9.935483871,3.35483871,14.03225806,9.709677419,0.691954023185916,17.5483871,3.0,7.096774194,15.32258065,0.548387097,27.19354839,13.38709677,0.0,13.22580645,65.51612903,59.03225806,6.48387097,15.25806452,,5.0,3.9,1344.740741,0.096774194,646.2333333,,0.096774194,525.2258065,0.0,1344.740741,8.702878445128977,12.439010098439722,53.70534233800231,57.803386637340736,75.40415255377937,45.40496611027585
njit_highlanders,52.06666667,20.86666667,0.403414148,0.290486207,16.2,4.566666667,15.4,10.4,0.7,9.6,4.8,5.033333333,17.8,1.4,25.93333333,9.966666667,0.066666667,16.66666667,56.7,60.0,-3.3,7.6,,5.0,4.103448276,540.2333333,0.0,293.2758621,,-0.133333333,204.7666667,-0.133333333,540.2333333,4.617415921644996,11.036408397891751,25.89397552444412,30.86370884311372,64.19942535214446,15.74368861906057
canisius_golden_griffins,56.03333333,20.56666667,0.368451407,0.321225536,25.33333333,8.1,12.66666667,8.166666667,0.644736841961911,10.13333333,3.4,6.433333333,17.96666667,1.166666667,22.16666667,10.73333333,0.066666667,15.3,57.4,68.8,-11.4,4.733333333,,5.0,4.172413793,561.28,0.0,206.137931,,-0.066666667,212.2666667,-0.066666667,561.28,3.5339980378143885,9.739920834736953,19.91602221853447,23.719614743821882,53.842394229348436,9.368103664002824
dartmouth_big_green,55.11538462,17.61538462,0.320408355,0.256138765,20.76923077,5.346153846,10.11538462,6.423076923,0.634980988295826,9.153846154,2.192307692,6.384615385,18.34615385,0.961538462,24.15384615,11.26923077,0.038461538,15.73076923,47.0,65.03846154,-18.03846154,3.730769231,,5.0,4.6,306.125,0.0,416.76,,-0.153846154,354.0769231,-0.153846154,416.76,3.0553396961949466,10.414875921543965,36.35055399407293,20.563325480947835,59.234293881312205,26.895800547810687
st_johns_red_storm,61.48387097,26.48387097,0.430087932,0.331884789,23.67741935,8.032258065,14.58064516,11.03225806,0.75663717,14.5483871,3.64516129,5.580645161,14.5483871,0.483870968,25.25806452,9.225806452,0.064516129,13.32258065,72.03225806,73.70967742,-1.67741936,10.51612903,,5.0,3.833333333,910.6538462,0.129032258,522.6333333,,0.0,415.7419355,0.0,910.6538462,6.367524836648611,11.254105517007979,43.91307564922306,42.40398610768046,65.93850554242667,34.961353558940594
umass_lowell_river_hawks,53.42307692,20.46153846,0.385335356,0.33234737,15.73076923,5.307692308,14.34615385,9.730769231,0.67828418213987,10.38461538,2.769230769,7.307692308,18.11538462,1.0,22.15384615,11.0,0.423076923,17.07692308,55.96153846,60.96153846,-5.0,7.538461538,,,4.64,588.44,0.0,450.16,,-0.115384615,247.9615385,-0.115384615,588.44,4.654009593340272,9.588185267077058,,31.105008749577625,52.630249939383496,
new_hampshire_wildcats,53.39285714,19.35714286,0.364586934,0.227415708,14.64285714,3.428571429,16.21428571,10.82142857,0.66740088,10.21428571,1.714285714,8.75,17.25,1.071428571,20.42857143,12.07142857,0.071428571,17.64285714,52.96428571,60.75,-7.78571429,6.785714286,,5.0,4.296296296,635.2962963,0.0,270.48,,-0.035714286,174.962963,-0.035714286,635.2962963,4.362292494710228,8.970382286781367,24.12463000377265,29.181416353615962,47.694911663473924,13.856652688094012
florida_am_rattlers,56.30434783,18.95652174,0.338552353,0.270106341,18.52173913,4.826086957,16.17391304,10.73913043,0.66397849,9.608695652,1.260869565,6.260869565,21.0,1.695652174,23.82608696,12.82608696,0.0,17.95652174,53.47826087,73.7826087,-20.30434783,3.173913043,,,5.181818182,802.0,0.0,451.35,,-0.217391304,403.9090909,-0.217391304,802.0,2.895927033621239,9.785107218739634,,19.512153002588335,54.20336705989653,
iona_gaels,53.46153846,22.11538462,0.413786727,0.288097608,18.61538462,5.423076923,10.46153846,6.461538462,0.617647058958478,13.88461538,2.538461538,7.692307692,17.73076923,0.538461539,23.03846154,8.692307692,0.0,15.34615385,56.11538462,58.38461538,-2.26923076,8.846153846,,5.0,4.8,523.7916667,0.0,113.64,,0.076923077,,0.0,523.7916667,5.51198706870375,10.336742423041176,,36.762541185167244,58.610122004370176,
merrimack_warriors,59.61538462,24.30769231,0.410047085,0.325410248,19.53846154,6.5,14.46153846,9.038461538,0.625000000034574,13.46153846,1.923076923,6.615384615,17.19230769,1.038461538,24.46153846,11.42307692,0.076923077,16.0,64.15384615,70.57692308,-6.42307693,8.884615385,,7.5,4.56,704.48,0.0,284.0,,-0.076923077,351.4285714,-0.076923077,704.48,5.6112474105914645,10.535588999202973,27.364450419930467,37.41706723034058,60.198614047408206,17.311974140994113
yale_bulldogs,59.01731568,23.96376599,0.406463911,0.308467738,19.04247733,5.933408901,16.02500493,11.28721697,0.7043503,13.19614475,3.298296473,7.83974104,15.65947946,0.680909813,25.3955067,11.55772186,0.099397399,16.37660502,65.14787931,63.55607898,1.59180033,12.61137664,,5.655144948,4.214280214,1528.446022,-0.023650367,463.1243969,,0.010394105,371.4751202,-0.023650367,1528.446022,7.063922197418169,11.355802696055056,39.6216148706824,46.99605381312186,66.75091661247825,30.38444046264118
fisher_college_eagles,57.36474625,23.46228097,0.410099241,0.307325198,19.06544116,5.952161941,13.64936062,8.929072325,0.654175134908261,13.51409953,2.586611645,7.382477783,16.86085213,0.752610963,24.29850223,10.55770216,0.058773492,15.90758629,61.80570336,64.17253915,-2.36683579,10.11404862,,,,,,,,0.003464702,,0.003464702,64.17253915,6.062539424873548,10.742711371471959,,40.3929020069375,61.853217544411514,
mansfield_mountaineers,51.0,13.0,0.254901961,0.153846154,13.0,2.0,28.0,17.0,0.607142857142857,4.0,1.0,8.0,25.0,2.0,16.0,10.0,0.0,18.0,45.0,104.0,-59.0,0.0,True,,,,,,away,0.0,,0.0,104.0,0.6673119656598097,6.6614819999999995,,4.816590012319808,29.250190087095753,
army_black_knights,61.72413793,23.24137931,0.380304835,0.293969514,23.51724138,6.862068966,14.96551724,10.13793103,0.67741935,11.20689655,2.413793103,6.620689655,17.24137931,0.75862069,26.20689655,14.68965517,0.0,16.13793103,63.48275862,63.93103448,-0.44827586,9.103448276,,7.5,4.071428571,532.48,0.0,168.3846154,,-0.068965517,109.3214286,-0.068965517,532.48,5.563791229524309,11.358576655000487,16.531618666882004,37.10413957038901,66.77307646957806,5.758581932806223
saint_peters_peacocks,57.48387097,20.87096774,0.365334386,0.27185459,17.61290323,4.580645161,17.87096774,12.67741935,0.70938628,11.41935484,2.290322581,8.806451613,19.51612903,0.870967742,25.77419355,13.80645161,0.161290323,18.29032258,59.0,60.83870968,-1.83870968,8.516129032,,5.0,4.0,372.0,0.0,101.7,,-0.032258065,76.25806452,-0.032258065,372.0,5.269120252505165,11.347794968617054,11.13218721937826,35.16106920061453,66.6869466333938,0.0
princeton_tigers,62.11111111,25.7037037,0.416431824,0.357967634,17.92592593,6.296296296,15.0,11.18518519,0.745679012666667,13.77777778,2.666666667,10.25925926,13.2962963,0.666666667,25.92592593,13.74074074,0.0,15.96296296,68.88888889,51.2962963,17.59259259,23.33333333,,5.0,4.692307692,716.8846154,0.0,262.6923077,,0.037037037,164.9259259,0.0,716.8846154,11.395726347936991,12.183946780288531,23.73231560122134,75.56011661185627,73.36657132319098,13.438242962463345
rider_broncs,54.1,21.26666667,0.394019624,0.316801896,19.8,6.266666667,13.1,9.466666667,0.722646310458015,12.5,4.433333333,8.366666667,17.0,1.133333333,24.0,8.433333333,0.066666667,15.2,58.26666667,63.7,-5.43333333,8.1,,5.0,4.034482759,580.0344828,0.0,152.4137931,,-0.066666667,124.7333333,-0.066666667,580.0344828,5.082302754893545,11.17377970003217,15.189317622642474,33.92918831490053,65.29682026134455,4.32699591918653
lehigh_mountain_hawks,62.26666667,25.5,0.408534087,0.317403094,29.23333333,9.433333333,11.53333333,8.566666667,0.742774566717565,15.4,4.366666667,7.033333333,13.76666667,0.533333333,29.13333333,10.0,0.0,12.2,69.0,60.13333333,8.86666667,16.3,,,4.068965517,513.0740741,0.0,172.6428571,,0.033333333,96.20689655,0.0,513.0740741,8.785415473774185,13.611792965126206,,58.3476385904583,84.77296487080395,
pittsburgh_johnstown_mountain_cats,58.0,20.0,0.344827586,0.2,15.0,3.0,17.0,8.0,0.470588235294118,8.0,1.0,9.0,16.0,1.0,19.0,13.0,0.0,21.0,51.0,62.0,-11.0,2.0,True,,,,,,away,0.0,,0.0,62.0,2.2889115281259564,7.788602999999998,,15.509472268119747,38.25423116540044,
st_francis_brooklyn_terriers,58.62962963,23.77777778,0.406998308,0.318017791,20.44444444,6.444444444,14.48148148,10.7037037,0.739130434602469,14.22222222,2.259259259,7.740740741,14.33333333,0.444444444,23.11111111,9.703703704,0.0,14.18518519,64.7037037,61.85185185,2.85185185,11.22222222,,5.0,4.538461538,339.1666667,0.0,176.5416667,,0.0,103.5769231,0.0,339.1666667,6.579773764941756,10.529431702490399,16.98756249586177,43.803562705806044,60.149426291584895,6.244853482221156
vermont_catamounts,55.53333333,23.3,0.419620329,0.321796531,17.6,5.633333333,13.23333333,9.733333333,0.735516372956049,14.16666667,4.266666667,7.233333333,14.1,0.833333333,24.1,9.6,0.0,13.93333333,61.96666667,55.0,6.96666667,15.3,,5.0,4.103448276,597.8333333,0.0,255.6896552,,0.1,163.5333333,0.0,597.8333333,8.15975386340029,11.119705367141117,22.856630958005546,54.222004810977126,64.8648457753462,12.504310970866403
hartford_hawks,55.53333333,20.2,0.365903826,0.301485948,20.26666667,6.066666667,12.03333333,7.6,0.631578947543374,11.06666667,2.533333333,7.0,20.63333333,0.866666667,23.66666667,10.7,0.066666667,16.3,54.06666667,71.56666667,-17.5,3.6,,5.0,3.965517241,366.2068966,0.0,317.9310345,,-0.066666667,259.2,-0.066666667,366.2068966,3.169890376541172,10.297467734780456,28.08082544003598,21.31867653407784,58.2963749386717,18.075999814438028
howard_bison,61.60869565,22.65217391,0.36924172,0.259399388,18.86956522,4.869565217,20.60869565,13.60869565,0.66033755,12.0,3.652173913,9.47826087,17.17391304,0.304347826,26.30434783,14.47826087,0.086956522,17.86956522,63.7826087,60.7826087,3.0,14.43478261,,5.0,5.590909091,575.5882353,0.0,215.5454545,,-0.260869565,278.6086957,-0.260869565,575.5882353,7.6929661805419505,11.976370697097192,22.134253115940314,51.14399107269573,71.70834334240772,11.733883189641478
brown_bears,57.26923077,21.11538462,0.369654067,0.274823411,22.30769231,6.076923077,12.30769231,8.346153846,0.678124999860352,10.76923077,3.307692308,9.692307692,17.03846154,0.884615385,24.88461538,9.076923077,0.0,15.26923077,56.65384615,67.30769231,-10.65384616,7.769230769,,,4.64,305.32,0.0,150.0,,-0.153846154,128.56,-0.153846154,305.32,4.775529648808435,11.758667959306068,,31.9063160975293,69.96921826716675,
marist_red_foxes,56.06896552,19.24137931,0.344051152,0.247284242,18.72413793,4.517241379,14.24137931,9.689655172,0.680387409188387,11.0,3.482758621,8.413793103,15.51724138,0.862068966,23.82758621,9.620689655,0.068965517,13.13793103,52.68965517,60.27586207,-7.5862069,7.206896552,,5.0,4.25,1162.444444,0.0,372.3928571,,0.0,319.5172414,0.0,1162.444444,4.61346818803502,11.318483415817152,32.681013243513405,30.837677354424525,66.45279038443809,22.982175331282065
idaho_state_bengals,62.03333333,25.6,0.41045791,0.309733115,20.83333333,6.4,12.06666667,8.966666667,0.743093922474283,15.8,2.766666667,9.166666667,14.26666667,0.466666667,23.56666667,11.8,0.033333333,17.1,66.56666667,63.73333333,2.83333334,13.23333333,,5.0,4.103448276,1176.923077,-0.148148148,745.04,,-0.1,643.6428571,-0.148148148,1176.923077,7.6231886581936426,10.689374634962133,61.905641781275605,50.68387573482699,61.42713536998908,54.150719561681576
la_salle_explorers,59.60714286,22.85714286,0.38736146,0.317115402,26.78571429,8.464285714,15.07142857,11.17857143,0.74170616,14.07142857,2.928571429,9.285714286,14.42857143,0.464285714,22.67857143,11.21428571,0.178571429,16.32142857,65.35714286,63.53571429,1.82142857,10.5,,5.0,4.222222222,538.48,0.0,197.4814815,,0.107142857,107.6428571,0.0,538.48,6.3242205516132275,10.454573072397329,18.296845117122476,42.118436190319386,59.551415802539246,7.641224807801144
arizona_state_sun_devils,57.92307692,22.38461538,0.389726366,0.308141599,20.42307692,6.269230769,16.46153846,12.23076923,0.74299065,12.84615385,3.730769231,7.230769231,14.73076923,0.923076923,23.5,13.23076923,0.192307692,17.69230769,63.26923077,59.88461538,3.38461539,11.76923077,,5.0,4.52,2747.791667,-0.038461538,768.52,,0.192307692,687.6923077,-0.038461538,2747.791667,6.746601841190854,10.19709111583709,64.27715622165725,44.903632672265765,57.49451320398003,56.67997849246854
northern_colorado_bears,53.80645161,21.67741935,0.402560639,0.357599721,20.19354839,7.096774194,15.06451613,11.35483871,0.75374732,12.35483871,2.677419355,7.225806452,17.35483871,1.032258065,26.4516129,11.0,0.0,15.22580645,61.96774194,60.80645161,1.16129033,10.80645161,,5.0,4.0,976.4642857,0.0,691.6428571,,-0.096774194,586.8666667,-0.096774194,976.4642857,6.233946237571486,11.789527805367431,57.5490988283497,41.52316431610685,70.21574310487864,49.50439526214597
tennessee_southern_firehawks,67.5,17.5,0.258999122,0.122670808,18.5,2.5,7.5,6.5,0.9,8.5,2.5,5.0,18.5,1.5,24.0,18.5,0.0,12.0,44.0,70.5,-26.5,5.5,,,,,,,,0.0,,0.0,70.5,3.8932184753526475,10.6217035,,26.08832643527791,60.88654240879455,
navy_midshipmen,57.96774194,20.64516129,0.359461067,0.282185738,18.51612903,5.290322581,12.80645161,8.516129032,0.664987405672163,10.87096774,2.322580645,7.032258065,14.32258065,0.580645161,24.0,11.16129032,0.129032258,16.03225806,55.09677419,62.74193548,-7.64516129,5.0,,,4.033333333,553.4333333,0.0,226.3333333,,0.096774194,132.1612903,0.0,553.4333333,3.8427454445605744,10.470238613707574,,25.755505566399396,59.676560465331725,
fairleigh_dickinson_knights,55.66666667,22.1,0.398614113,0.320613488,18.16666667,5.733333333,16.16666667,11.63333333,0.71958763,12.76666667,2.766666667,6.033333333,14.56666667,0.5,26.93333333,10.46666667,0.166666667,15.63333333,61.56666667,56.6,4.96666667,13.46666667,,8.333333333,4.137931034,229.7692308,0.0,126.9655172,,0.066666667,72.06666667,0.0,229.7692308,7.348619142487356,11.653810732299494,13.42361343127686,48.87335507952148,69.1315630559478,2.443843525469397
california_golden_bears,60.16666667,24.125,0.3971317,0.332962488,17.45833333,5.75,18.41666667,14.45833333,0.78506787,13.41666667,4.375,8.5,15.16666667,0.625,24.83333333,12.625,0.333333333,18.33333333,68.45833333,66.41666667,2.04166666,13.625,,5.0,4.913043478,2050.809524,0.0,536.0,,0.208333333,330.173913,0.0,2050.809524,7.520698517358313,11.078140707365664,44.66680455735836,50.008052286363636,64.53280520115413,35.76521776479663
weber_state_wildcats,55.38709677,22.09677419,0.40060248,0.289865087,14.29032258,4.129032258,20.80645161,15.70967742,0.75503876,11.25806452,2.903225806,8.032258065,17.35483871,0.548387097,26.48387097,10.5483871,0.193548387,18.77419355,64.03225806,66.90322581,-2.87096775,9.129032258,,5.0,3.966666667,645.6551724,0.032258065,566.5,,0.032258065,354.8064516,0.032258065,645.6551724,5.439987138565289,11.470548645994903,46.44652821090392,36.28777121530765,67.66756819365497,37.663322144181514
montana_state_bobcats,63.17647059,24.14705882,0.383592443,0.313269231,22.97058824,7.058823529,18.76470588,14.64705882,0.78056426,12.64705882,2.088235294,9.205882353,11.70588235,0.352941177,24.58823529,12.79411765,0.0,17.32352941,70.0,67.82352941,2.17647059,12.76470588,,7.5,3.696969697,1090.5,-0.03125,583.2666667,,-0.058823529,471.46875,-0.058823529,1090.5,7.172346370535037,11.04583061607297,48.96612217620685,47.71100647076687,64.27469503441674,40.35051030976309
portland_state_vikings,58.92857143,21.78571429,0.369309931,0.287150719,21.64285714,6.357142857,11.75,9.0,0.765957446808511,11.64285714,2.035714286,7.964285714,15.28571429,0.857142857,23.03571429,10.28571429,0.0,14.96428571,58.92857143,72.25,-13.32142857,6.785714286,,,4.37037037,630.28,0.038461538,850.3333333,,0.035714286,581.6153846,0.0,850.3333333,4.5578882086350445,10.403685288267598,,30.47118109402847,59.14489716018584,
north_dakota_fighting_hawks,61.13793103,24.5862069,0.405182617,0.313317221,15.03448276,4.620689655,16.48275862,13.0,0.788702928903293,12.31034483,3.896551724,6.724137931,14.68965517,0.655172414,27.4137931,11.51724138,0.034482759,16.4137931,66.79310345,68.86206897,-2.06896552,10.24137931,,5.0,4.178571429,1042.76,0.0,627.0833333,,-0.137931035,677.3333333,-0.137931035,1042.76,6.103313167705717,12.053262826536134,54.05057593354817,40.66176544358618,72.32259850406876,45.773163385347694
eastern_washington_eagles,61.63333333,21.86666667,0.354312154,0.296376747,22.76666667,6.8,14.93333333,10.46666667,0.70089286,12.1,2.233333333,8.833333333,14.0,0.3,26.1,11.03333333,0.0,16.53333333,61.0,64.5,-3.5,9.766666667,,,4.0,594.9615385,0.0,536.96,,0.0,430.0,0.0,594.9615385,5.852892018741863,11.772636267064113,,39.01047993376505,70.08080452706949,
northern_arizona_lumberjacks,61.67741935,27.35483871,0.445087184,0.37682645,16.25806452,6.032258065,16.74193548,12.09677419,0.72254335,15.16129032,2.903225806,8.0,15.06451613,0.225806452,26.12903226,10.74193548,0.193548387,18.03225806,72.83870968,71.03225806,1.80645162,11.09677419,,5.0,3.966666667,595.9032258,0.0,500.4666667,,0.032258065,550.9677419,0.0,595.9032258,6.7266491150429815,11.4185455176511,43.79045907962315,44.7720637224956,67.25213958944303,34.83058098237845
utah_tech_trailblazers,58.62068966,24.17241379,0.410046905,0.328411347,30.4137931,10.0,12.37931034,8.620689655,0.696378830341206,14.20689655,2.75862069,5.586206897,16.44827586,0.862068966,29.96551724,7.206896552,0.034482759,15.48275862,66.96551724,72.31034483,-5.34482759,9.034482759,,10.0,4.142857143,931.36,0.0,666.0454545,,-0.034482759,1063.769231,-0.034482759,1063.769231,5.707934266165813,12.932485896176676,61.3497717841531,38.054623619889504,79.34629927447105,53.5578751199027
park_university_gilbert_buccaneers,53.0,19.0,0.364265022,0.344426407,13.66666667,4.666666667,13.66666667,7.666666667,0.560975609643664,10.33333333,1.0,8.0,31.66666667,0.333333333,23.0,9.666666667,0.0,16.0,50.33333333,99.0,-48.66666667,3.0,,,,,,,,0.0,,0.0,99.0,2.5624434760983363,10.115863,,17.313151166762342,56.84561988045002,
uc_davis_aggies,53.88888889,22.14814815,0.410440716,0.330547252,24.14814815,7.962962963,13.7037037,9.62962963,0.702702702919649,14.59259259,3.407407407,5.62962963,16.18518519,0.481481482,29.25925926,9.259259259,0.0,14.2962963,61.88888889,58.55555556,3.33333333,13.7037037,,5.0,4.692307692,922.4761905,0.0,615.7826087,,0.0,406.36,0.0,922.4761905,7.615637411634124,12.886470110912322,50.86933415930645,50.63408256010348,78.97870074621127,42.38031701195662
warner_pacific_knights,57.33333333,20.66666667,0.36013986,0.201674718,22.0,4.666666667,6.333333333,4.666666667,0.736842105,12.66666667,1.0,8.333333333,25.0,1.0,21.33333333,11.33333333,0.0,13.0,50.66666667,82.33333333,-31.66666666,1.333333333,,,,,,,,0.0,,0.0,82.33333333,2.373910014441404,9.915548665087703,,16.069955156207154,55.245402601095286,
sonoma_st_cossacks,54.0,20.0,0.37037037,0.4,20.0,8.0,11.0,5.0,0.454545454545455,12.0,2.0,5.0,16.0,0.0,24.0,8.0,0.0,13.0,53.0,76.0,-23.0,1.0,True,,,,,,away,0.0,,0.0,76.0,2.2933165392708323,10.408563000000001,,15.538519060310547,59.18386291169495,
south_dakota_state_jackrabbits,58.4375,27.90625,0.475326676,0.38670686,20.75,8.125,13.8125,10.1875,0.7376,17.25,4.1875,6.875,12.6875,0.65625,26.84375,10.0625,0.0,13.78125,74.125,58.0625,16.0625,24.21875,,,3.838709677,2398.103448,0.066666667,458.2413793,,0.0,390.9354839,0.0,2398.103448,12.060264371813329,12.278218531250001,,79.94210277433712,74.119664130601,
utep_miners,57.10714286,22.57142857,0.395961773,0.293892678,18.71428571,5.5,20.82142857,14.85714286,0.7135506,11.92857143,1.892857143,7.607142857,16.82142857,0.321428571,22.5,13.46428571,0.071428571,18.07142857,65.5,65.64285714,-0.14285714,10.28571429,,6.25,4.222222222,1015.708333,-0.035714286,770.2592593,,0.071428571,650.9642857,-0.035714286,1015.708333,6.016138524454155,9.573503107360764,64.01558903955876,40.08693290320075,52.51296105096447,56.401012815490866
omaha_mavericks,54.07692308,21.11538462,0.390166385,0.276136619,14.34615385,4.038461538,14.92307692,10.96153846,0.73453608,10.92307692,2.423076923,7.769230769,16.46153846,1.076923077,24.07692308,8.923076923,0.115384615,17.07692308,57.23076923,65.0,-7.76923077,7.230769231,,5.0,4.36,1210.52381,0.0,466.8695652,,-0.115384615,277.68,-0.115384615,1210.52381,4.59008124098546,10.535838231620342,38.939870771236464,30.683463036098452,60.20060504830699,29.65734923238181
hawaii_rainbow_wahine,53.17241379,21.5862069,0.408900499,0.333392358,21.20689655,7.068965517,20.13793103,14.20689655,0.70547945,12.06896552,2.896551724,7.551724138,15.4137931,0.793103448,25.51724138,10.34482759,0.103448276,16.79310345,64.44827586,62.96551724,1.48275862,11.31034483,,,4.392857143,855.6521739,0.0,1808.321429,,0.137931035,2024.827586,0.0,2024.827586,6.397274784409113,11.228353931072638,,42.600158267492496,65.73278819921924,
north_texas_mean_green,58.77777778,24.33333333,0.415183299,0.30590761,17.37037037,5.333333333,19.92592593,13.2962963,0.667286245402599,11.88888889,3.0,6.444444444,14.44444444,0.296296296,26.18518519,12.2962963,0.074074074,15.92592593,67.2962963,61.66666667,5.62962963,14.0,,5.0,4.692307692,1297.826087,-0.153846154,669.12,,0.074074074,488.6538462,-0.153846154,1297.826087,7.510376100175895,11.403603223644614,55.414097889935306,49.939985919005366,67.13277261017595,47.22738184878715
samford_bulldogs,56.5,23.46428571,0.414158062,0.307792495,18.5,5.607142857,15.75,11.03571429,0.700680272380952,13.10714286,2.142857143,7.892857143,18.89285714,0.928571429,25.5,10.75,0.0,15.32142857,63.57142857,67.28571429,-3.71428572,10.03703704,,7.5,4.185185185,932.4166667,0.041666667,390.0869565,,-0.071428571,347.0,-0.071428571,932.4166667,5.9687042030107245,11.44967221455934,34.5124719226123,39.77414938634595,67.50079617342448,24.935455961415066
utah_valley_wolverines,55.90322581,23.58064516,0.422133245,0.303344669,18.25806452,5.451612903,13.70967742,10.77419355,0.78588235,15.12903226,2.580645161,5.774193548,15.16129032,0.64516129,27.87096774,10.64516129,0.096774194,15.32258065,63.38709677,60.19354839,3.19354838,13.22580645,,10.0,4.066666667,774.76,-0.12,637.1851852,,-0.096774194,510.4482759,-0.12,774.76,7.551305466268207,12.040312836944487,53.71070099129389,50.20987554068486,72.2191471104324,45.41068120163854
montana_lady_griz,58.13333333,24.63333333,0.422667656,0.314045982,17.73333333,5.833333333,17.66666667,12.83333333,0.72641509,12.76666667,4.766666667,5.366666667,14.03333333,0.4,30.1,11.1,0.066666667,13.93333333,67.93333333,60.6,7.33333333,14.46666667,,5.0,4.103448276,1551.37931,-0.034482759,510.0,,0.066666667,447.8275862,-0.034482759,1551.37931,7.824270758992156,13.410481667293798,43.506240629871726,52.00981789549052,83.16478332223033,34.52745735804474
southern_utah_thunderbirds,61.06666667,25.53333333,0.415451244,0.318572019,17.86666667,5.733333333,18.93333333,13.83333333,0.7306338,13.7,4.766666667,6.566666667,14.8,0.466666667,28.4,13.1,0.166666667,14.53333333,70.63333333,65.76666667,4.86666666,14.9,,5.0,4.103448276,648.6071429,0.0,560.52,,-0.1,437.9642857,-0.1,648.6071429,8.127913827254288,12.845623867293794,46.941829674032746,54.012050537795254,78.65239926177821,38.19156925401097
multnomah_university_multnomah,59.0,23.0,0.389830509,0.333333333,18.0,6.0,13.0,9.0,0.692307692307692,14.0,2.0,3.0,14.0,0.0,20.0,7.0,0.0,14.0,61.0,102.0,-41.0,0.0,True,,,,,,away,0.0,,0.0,102.0,2.1000858806406346,7.964793,,14.264349574348742,39.661730446832095,
idaho_vandals,63.625,24.4375,0.385591891,0.308244818,27.9375,8.78125,14.375,10.8125,0.752173913043478,14.34375,2.53125,6.03125,12.6875,0.4375,28.375,8.8125,0.03125,14.125,68.46875,70.125,-1.65625,11.40625,,5.0,3.870967742,751.8275862,-0.032258065,733.1666667,,0.0,718.7419355,-0.032258065,751.8275862,6.743155734226702,12.512517125,61.69718405624556,44.88090892661272,75.99136571606877,53.92839598913823
montana_state_billings_yellowjackets,73.0,26.0,0.356164384,0.375,32.0,12.0,22.0,17.0,0.772727272727273,17.0,1.0,9.0,16.0,1.0,34.0,15.0,0.0,24.0,81.0,82.0,-1.0,7.0,True,10.0,,,,,away,0.0,,0.0,82.0,5.598780630905355,14.058750000000003,,37.33486086424497,88.34349501108252,
cal_state_bakersfield_roadrunners,57.32,21.68,0.375259571,0.291911943,19.2,5.6,16.16,12.24,0.76,10.88,2.48,7.2,14.56,0.88,23.56,11.4,0.08,18.4,61.2,65.56,-4.36,8.8,,5.0,5.0,566.9047619,0.0,497.3913043,,0.08,484.2083333,0.0,566.9047619,5.3079013835044995,9.965844319999999,43.5620018995062,35.41679328757221,55.64719100082393,34.58692766394442
tarleton_state_texans,55.53571429,22.60714286,0.405395166,0.30904462,16.71428571,5.178571429,16.17857143,10.92857143,0.67549669,12.75,4.428571429,8.392857143,16.78571429,0.964285714,25.71428571,10.89285714,0.25,15.0,61.32142857,59.21428571,2.10714286,14.85714286,,5.0,4.259259259,755.5833333,0.0,794.0952381,,-0.071428571,962.4615385,-0.071428571,962.4615385,7.828347762163357,11.974380462445703,68.6564047461934,52.03670179203023,71.6924442911457,61.35051865541866
carroll_mt_fighting_saints,56.5,20.0,0.353144654,0.404210526,22.0,9.0,18.0,14.0,0.777777777777778,11.5,4.5,4.5,13.5,1.5,26.0,12.0,0.0,15.0,63.0,69.0,-6.0,8.5,,5.0,,,,,,0.0,,0.0,69.0,5.349030309444616,11.1617285,,35.68799881362474,65.20054887598974,
california_baptist_lancers,63.93333333,28.4,0.447928058,0.316000079,28.76666667,8.966666667,15.4,10.53333333,0.683982683766234,19.23333333,4.366666667,9.566666667,14.76666667,0.3,30.5,8.1,0.166666667,17.9,76.3,69.4,6.9,14.53333333,,5.0,4.206896552,608.6428571,-0.2,852.4482759,,-0.133333333,1081.0,-0.2,1081.0,8.500617291755729,13.957424100109177,73.87343268789806,56.46966976419772,87.53404991608988,66.91456426654221
st_thomas_minnesota_tommies,55.28,21.96,0.397551062,0.302482969,18.96,5.56,12.68,8.32,0.66,11.04,2.28,5.64,16.28,1.16,25.68,9.48,0.0,16.88,57.8,66.96,-9.16,7.76,,7.5,4.5,656.7272727,-0.142857143,712.6363636,,-0.12,914.0,-0.142857143,914.0,4.858047101977872,10.749925519999998,62.959298142373925,32.450438969298816,61.91084799375232,55.27446130067751
evergreen_state_geoducks,57.0,16.5,0.289473684,0.205555556,14.0,2.5,14.0,8.0,0.571428571428571,10.0,5.0,5.5,19.5,1.0,22.5,8.5,0.0,10.5,43.5,99.0,-55.5,0.0,,,,,,,,0.0,,0.0,99.0,1.555926647159033,10.592933500000001,,10.676145219399315,60.656712371182955,
sacramento_state_hornets,55.23333333,23.96666667,0.435489685,0.334795802,20.73333333,6.866666667,13.96666667,10.0,0.71599045328974,13.06666667,2.733333333,5.633333333,13.13333333,0.766666667,24.93333333,9.333333333,0.0,15.06666667,64.8,65.56666667,-0.76666667,8.966666667,,5.0,4.068965517,532.9230769,-0.034482759,537.3333333,,-0.066666667,446.8275862,-0.066666667,537.3333333,5.62879108663544,10.747097797864582,45.38323883877094,37.5327508224025,61.88825864774126,36.5293066413936
new_mexico_state_aggies,62.42857143,24.5,0.395156774,0.265726054,14.67857143,3.928571429,17.14285714,11.53571429,0.67291667,11.28571429,2.107142857,8.535714286,15.92857143,0.714285714,23.60714286,14.21428571,0.107142857,20.28571429,64.46428571,64.53571429,-0.07142858,12.32142857,,8.333333333,4.407407407,759.4230769,0.043478261,944.7083333,,0.035714286,735.8846154,0.035714286,944.7083333,6.782721687628758,9.978620536390098,77.50024314636407,45.14180815898747,55.74925420184828,70.78261692780725
seattle_u_redhawks,59.43333333,22.9,0.386275821,0.285521958,21.36666667,6.2,15.8,10.63333333,0.672995780379747,13.26666667,3.266666667,8.9,15.5,0.466666667,25.93333333,11.13333333,0.266666667,17.33333333,62.63333333,65.96666667,-3.33333334,9.6,,5.0,4.103448276,474.1851852,-0.153846154,1124.192308,,-0.1,1076.285714,-0.153846154,1124.192308,5.903574365900278,11.700173732381499,92.78712834029962,39.34468104182919,69.50193532055098,87.08632996547874
abilene_christian_wildcats,59.1,25.53333333,0.435069189,0.353174519,27.03333333,9.566666667,17.46666667,13.23333333,0.75763359,16.1,1.933333333,7.666666667,14.33333333,0.6,22.6,11.43333333,0.266666667,15.96666667,73.86666667,66.6,7.26666667,16.9,,,4.137931034,622.4347826,-0.086956522,811.4090909,,0.033333333,525.7692308,-0.086956522,811.4090909,9.047694576193358,9.95814373284755,,60.07711584565685,55.585674621439885,
simpson_university_ca_red_hawks,65.5,21.0,0.320979021,0.2375,22.0,5.5,7.5,5.5,0.7,15.0,1.5,8.0,17.0,0.0,23.0,13.0,0.0,9.0,53.0,87.0,-34.0,0.0,,,,,,,,0.0,,0.0,87.0,2.387675174832148,11.261319499999999,,16.160723088499008,65.99613466937785,
kansas_wesleyan_coyotes,58.0,21.0,0.362068966,0.266666667,15.0,4.0,8.0,8.0,1.0,7.0,2.0,9.0,16.0,0.0,22.0,5.0,0.0,10.0,54.0,82.0,-28.0,0.0,True,,,,,,away,0.0,,0.0,82.0,1.185229112824896,10.960619,,8.231753164234934,63.59397939566123,
gardner_webb_runnin_bulldogs,62.03225806,25.35483871,0.406546821,0.276774979,20.16129032,5.903225806,19.5483871,13.70967742,0.701320131930475,12.0,4.419354839,8.677419355,15.87096774,0.548387097,24.09677419,11.93548387,0.225806452,19.22580645,70.32258065,69.5483871,0.77419355,12.03225806,,,3.866666667,453.5555556,0.0,197.4333333,,-0.096774194,130.6774194,-0.096774194,453.5555556,6.687421221230821,10.661111289039722,,44.513393666468616,61.20135275419563,
hampton_lady_pirates,57.03571429,21.17857143,0.372667868,0.2708642,12.07142857,3.25,20.0,12.96428571,0.6482142855,10.39285714,1.928571429,8.714285714,15.42857143,0.785714286,23.21428571,11.28571429,0.107142857,17.67857143,58.57142857,64.14285714,-5.57142857,8.5,,,4.222222222,802.5,0.0,223.4074074,,-0.071428571,211.5357143,-0.071428571,802.5,5.101174274500413,10.23061217640886,,34.05362775224064,57.76229723637456,
uc_riverside_highlanders,58.08,21.44,0.369972208,0.297242524,18.2,5.44,16.6,12.36,0.744578313253012,9.44,2.0,8.12,13.8,0.56,26.52,9.72,0.04,16.12,60.68,57.56,3.12,12.12,,,5.083333333,433.2941176,0.0,708.5,,-0.28,547.7391304,-0.28,708.5,6.412618190305111,11.821674119999999,,42.701333203923376,70.4725449366853,
westcliff_warriors,65.66666667,18.66666667,0.281073744,0.237037037,14.33333333,3.0,10.33333333,6.333333333,0.612903225971904,7.666666667,2.666666667,6.0,15.0,0.666666667,23.0,11.33333333,0.0,10.33333333,46.66666667,94.66666667,-48.0,0.666666667,,,,,,,,0.0,,0.0,94.66666667,1.7468375212705487,10.696862667223122,,11.93501796793516,61.48695374802801,
uc_irvine_anteaters,60.96875,23.5625,0.385321503,0.309544162,22.125,6.78125,17.28125,13.125,0.759493670886076,12.25,3.15625,9.40625,13.8125,0.53125,24.6875,13.28125,0.0,17.21875,67.03125,60.8125,6.21875,13.8125,,5.0,3.967741935,377.3076923,0.0,443.7333333,,0.125,268.7096774,0.0,443.7333333,7.5003605135463625,11.27934971875,36.989237269208594,49.8739428026706,66.1401696312638,27.576966704792284
biola_eagles,56.0,25.0,0.446428571,0.25,16.0,4.0,7.0,7.0,1.0,9.0,1.0,8.0,21.0,2.0,25.0,5.0,0.0,10.0,61.0,80.0,-19.0,0.0,True,,,,,,away,0.0,,0.0,80.0,1.384593499857548,11.946353,,9.546368662340917,71.46854603782441,
uc_san_diego_tritons,59.66666667,22.40740741,0.375130507,0.312691184,24.85185185,8.0,11.14814815,8.037037037,0.720930232435061,14.03703704,3.925925926,5.740740741,14.85185185,0.444444444,28.66666667,10.40740741,0.0,16.33333333,60.85185185,59.96296296,0.88888889,12.2962963,,5.0,4.384615385,498.8666667,-0.230769231,493.0416667,,0.037037037,752.6153846,-0.230769231,752.6153846,7.059331748189038,12.391046335420585,45.53490064698269,46.965784235943595,75.02099254478799,36.69105643989668
cs_dominguez_hills_toros,53.0,18.0,0.339622642,0.333333333,27.0,9.0,32.0,22.0,0.6875,8.0,2.0,4.0,15.0,0.0,28.0,16.0,0.0,17.0,67.0,72.0,-5.0,0.0,True,,,,,,away,0.0,,0.0,72.0,1.804956469875008,11.337349,,12.318256276974445,66.60349868900218,
cal_state_northridge_matadors,54.57142857,20.67857143,0.378927537,0.339475299,16.21428571,5.357142857,15.42857143,10.53571429,0.68287037,10.75,2.035714286,10.35714286,16.46428571,1.357142857,23.0,9.571428571,0.0,18.39285714,57.25,63.71428571,-6.46428571,8.357142857,,5.0,4.407407407,706.6521739,0.0,773.7391304,,-0.178571429,396.2307692,-0.178571429,773.7391304,5.007483100841071,10.443580394037014,61.637207144814,33.43582499036553,59.46360045040148,53.8644296323258
denver_pioneers,57.03448276,22.0,0.387031171,0.295840892,24.55172414,7.275862069,16.86206897,12.86206897,0.76278119,12.31034483,5.24137931,6.137931034,15.31034483,0.965517241,25.55172414,8.965517241,0.137931035,16.10344828,64.13793103,72.06896552,-7.93103449,7.793103448,,8.333333333,4.142857143,890.16,0.0,363.3333333,,0.0,532.5925926,0.0,890.16,5.020323364537982,11.272860207006538,34.59262000836644,33.520494122636194,66.08832796535899,25.020935205491064
stanislaus_state_warriors,68.0,23.5,0.345588235,0.277777778,18.0,5.0,17.5,11.0,0.628571428571429,8.0,1.5,5.0,11.0,1.0,28.0,13.5,0.0,13.0,63.0,86.0,-23.0,2.5,,,,,,,,0.0,,0.0,86.0,2.7587994806817147,12.1471565,,18.607929289442804,73.072671027659,
manhattan_jaspers,61.59375,24.71875,0.402634704,0.276176392,16.34375,4.5,17.1875,12.25,0.712727272727273,12.0625,3.1875,7.90625,17.875,0.5625,28.8125,14.8125,0.0625,15.5,66.1875,61.28125,4.90625,12.65625,,5.0,3.967741935,303.4074074,0.0,187.7096774,,-0.03125,176.0,-0.03125,303.4074074,7.066959940751004,13.031361,18.133325462047992,47.01608479520473,80.13616610904057,7.4668284217138705
fairfield_stags,57.67741935,24.48387097,0.424086533,0.339850417,17.35483871,5.967741935,13.48387097,10.12903226,0.75119617,14.32258065,2.451612903,7.870967742,11.32258065,0.387096774,24.5483871,9.0,0.032258065,12.48387097,65.06451613,56.5483871,8.51612903,15.4516129,,5.0,4.1,671.8571429,0.0,270.3333333,,-0.064516129,239.0645161,-0.064516129,671.8571429,8.285741399683882,11.492414097845327,24.632495375871038,55.05277087823604,67.84224103415471,14.39829941229046
quinnipiac_bobcats,61.19354839,25.32258065,0.413758155,0.311719247,18.70967742,5.870967742,15.38709677,11.16129032,0.72536688,13.58064516,3.741935484,8.483870968,15.80645161,0.516129032,26.51612903,12.74193548,0.0,16.16129032,67.67741935,59.51612903,8.16129032,15.12903226,,5.0,4.066666667,548.4814815,0.0,150.7333333,,-0.032258065,106.6774194,-0.032258065,548.4814815,8.136184437121008,12.10560777365887,14.911929606918457,54.06658721845025,72.74075773820138,4.031157064437522
uc_santa_barbara_gauchos,53.73076923,21.34615385,0.393737469,0.284600276,19.03846154,5.423076923,17.88461538,12.92307692,0.72258065,13.15384615,2.538461538,6.923076923,15.92307692,0.692307692,26.65384615,10.42307692,0.0,14.80769231,61.03846154,56.92307692,4.11538462,13.73076923,,5.0,4.8,411.4,0.0,801.4782609,,-0.115384615,419.76,-0.115384615,801.4782609,7.456091923253276,11.854789420918845,64.06608837806226,49.58203422388785,70.73708754550344,56.4548711857938
emory_henry_wasps,57.0,16.5,0.289716749,0.213636364,21.0,4.5,9.5,6.0,0.631578947368421,8.0,2.0,9.0,21.0,1.5,23.0,8.5,0.0,15.5,43.5,57.0,-13.5,6.5,,,,,,,,0.0,,0.0,57.0,3.792650172703129,10.555083,,25.425175652687958,60.354342477591764,
cleveland_state_vikings,58.81481481,24.03703704,0.406174476,0.304203224,19.33333333,6.0,22.77777778,16.11111111,0.70731707,11.81481481,4.185185185,9.666666667,16.03703704,0.925925926,27.44444444,13.44444444,0.185185185,15.0,70.18518519,59.96296296,10.22222223,17.14814815,,5.0,4.576923077,405.8695652,0.04,200.2272727,,0.111111111,156.16,0.04,405.8695652,8.734496771581412,13.038842664737635,19.205746166092815,58.01187894931889,80.19593361992162,8.610582639305605
xavier_musketeers,59.23333333,23.36666667,0.392046295,0.261186776,10.36666667,2.7,17.3,12.9,0.7,12.86666667,2.966666667,7.5,16.36666667,0.533333333,24.46666667,11.83333333,0.066666667,16.6,62.33333333,72.83333333,-10.5,6.266666667,,5.0,3.965517241,1240.785714,0.0,533.3448276,,-0.033333333,395.1,-0.033333333,1240.785714,4.561482717701737,10.783184434857459,44.523998340965335,30.494883408155328,62.17653786697482,35.61291259977902
youngstown_state_penguins,56.4137931,22.75862069,0.405877503,0.318350618,26.51724138,8.379310345,16.27586207,11.68965517,0.71822034,14.82758621,2.344827586,6.586206897,14.37931034,1.24137931,26.5862069,10.4137931,0.068965517,14.96551724,65.5862069,56.86206897,8.72413793,16.03448276,,6.666666667,4.071428571,1080.038462,0.0,251.44,,0.103448276,184.6666667,0.0,1080.038462,8.576375752013245,11.692302415650598,22.988362872429896,56.96922360854037,69.43905506263246,12.644805211742216
detroit_mercy_titans,56.07407407,20.96296296,0.376353542,0.262655733,12.55555556,3.444444444,15.40740741,9.962962963,0.646634615278211,10.96296296,2.37037037,9.037037037,19.77777778,0.555555556,24.03703704,11.48148148,0.074074074,17.85185185,55.33333333,68.81481481,-13.48148148,2.555555556,,5.0,4.307692308,364.6923077,0.0,201.7692308,,0.037037037,161.2592593,0.0,364.6923077,2.811153719465767,10.704732446013452,19.187254732101444,18.95315490732502,61.54982172006056,8.590861222573178
niagara_purple_eagles,66.83333333,25.33333333,0.380401481,0.267415298,21.53333333,5.766666667,20.16666667,13.43333333,0.6661157,12.9,1.366666667,13.16666667,20.26666667,0.8,20.56666667,15.16666667,0.066666667,19.83333333,69.86666667,73.16666667,-3.3,9.0,,5.0,4.206896552,614.8214286,0.0,258.3448276,,-0.066666667,241.3,-0.066666667,614.8214286,5.58471182176129,9.738618002862141,23.883562060899912,37.24209066182334,53.83198651649513,13.599549784963813
converse,56.0,21.0,0.375,0.411764706,17.0,7.0,13.0,9.0,0.692307692307692,15.0,5.0,9.0,30.0,0.0,18.0,10.0,0.0,25.0,58.0,101.0,-43.0,2.0,True,,,,,,away,0.0,,0.0,101.0,2.7113238484236146,7.180008000000002,,18.29487336768153,33.39245112576777,
montevallo_falcons,62.0,21.0,0.338709677,0.12,25.0,3.0,12.0,5.0,0.416666666666667,9.0,0.0,11.0,23.0,3.0,24.0,17.0,0.0,11.0,50.0,75.0,-25.0,8.0,True,,,,,,away,0.0,,0.0,75.0,4.770396962118674,11.964425,,31.872470988231132,71.61291477052225,
western_carolina_catamounts,54.28571429,20.21428571,0.372101348,0.255805733,15.42857143,3.892857143,12.32142857,8.035714286,0.652173913142281,10.25,2.607142857,7.357142857,19.10714286,1.285714286,23.67857143,11.89285714,0.035714286,17.42857143,52.35714286,60.92857143,-8.57142857,7.642857143,,5.0,4.222222222,466.4090909,0.0,187.1,,0.107142857,116.7083333,0.0,466.4090909,4.7025588277021635,10.224891393215357,17.661221082059477,31.425144039853258,57.716596582341516,6.963321380383171
mercer_bears,58.625,25.8125,0.439699676,0.415473849,9.8125,4.25,14.5,10.25,0.706896551724138,10.8125,4.4375,6.6875,12.9375,0.375,26.5,8.9375,0.0625,15.75,66.125,55.25,10.875,18.0625,,5.0,7.2,801.3571429,0.0,282.6666667,,-0.8125,342.75,-0.8125,801.3571429,8.875420873433526,11.798552625000001,28.4795057189998,58.94113723415546,70.28783815651548,18.501198851360446
southern_wesleyan_warriors,66.0,21.0,0.318181818,0.333333333,27.0,9.0,8.0,4.0,0.5,10.0,1.0,8.0,23.0,0.0,21.0,7.0,0.0,14.0,55.0,106.0,-51.0,0.0,True,,,,,,away,0.0,,0.0,106.0,1.4165159847672957,9.528461,,9.756866605454176,52.15314077884663,
lenoir_rhyne_bears,47.5,16.0,0.337121212,0.221925134,14.0,3.5,14.5,10.0,0.689655172413793,6.0,3.5,8.5,24.5,1.5,22.0,8.0,0.0,14.5,45.5,71.5,-26.0,2.5,,,,,,,,0.0,,0.0,71.5,1.9285743712679768,10.311636499999999,,13.133396891772001,58.40956255922496,
colorado_buffaloes,57.6,23.73333333,0.410336524,0.302580502,19.13333333,5.8,17.73333333,12.1,0.682330827195927,14.03333333,3.6,10.76666667,14.33333333,0.633333333,24.23333333,12.13333333,0.1,17.3,65.36666667,56.83333333,8.53333334,15.76666667,,6.25,3.931034483,1908.461538,-0.068965517,398.2758621,,0.166666667,479.2333333,-0.068965517,1908.461538,8.406186491536541,11.44530846598977,36.06941431237303,55.84698987981916,67.46593623258775,26.595960479949383
erskine_flying_fleet,43.66666667,8.0,0.184110167,0.095061728,22.66666667,2.333333333,16.33333333,7.333333333,0.448979591907955,3.0,2.666666667,8.666666667,23.66666667,5.333333333,18.66666667,7.666666667,0.0,12.33333333,25.66666667,69.66666667,-44.0,0.0,,,,,,,,0.0,,0.0,69.66666667,0.5036924166068708,9.096095002135419,,3.7376771825029325,48.69917159041443,
tulane_green_wave,61.64285714,24.82142857,0.404026629,0.301981942,20.78571429,6.25,20.42857143,15.25,0.746503496451293,15.28571429,3.892857143,6.535714286,15.07142857,0.892857143,28.82142857,14.14285714,0.214285714,14.60714286,71.14285714,66.0,5.14285714,12.03571429,,6.666666667,4.407407407,1019.692308,-0.035714286,670.8148148,,0.071428571,502.4642857,-0.035714286,1019.692308,7.249297875434628,12.913246284725279,55.74091662819275,48.21842729175338,79.19260304146766,47.57593937743249
maryland_eastern_shore_hawks,61.68,23.48,0.384546586,0.26692523,16.24,4.24,19.44,12.4,0.637860082304527,12.48,2.64,7.64,16.4,0.48,26.36,16.28,0.12,20.16,63.6,62.44,1.16,12.58333333,,,5.083333333,483.2352941,0.0,176.9473684,,-0.08,113.6363636,-0.08,483.2352941,7.126939771868425,11.075177960000001,,47.41159382635295,64.50913720190198,
alabama_am_bulldogs,57.83333333,21.25,0.36997483,0.264358905,12.54166667,3.291666667,18.25,12.75,0.7,11.0,4.625,6.083333333,16.29166667,0.833333333,26.33333333,13.20833333,0.041666667,16.79166667,58.54166667,63.16666667,-4.625,8.583333333,,10.0,5.217391304,816.1304348,0.041666667,542.173913,,-0.25,416.125,-0.25,816.1304348,5.304243969614178,11.435574747891751,46.85659743880222,35.39267617691485,67.38817812356558,38.10066768138
arkansas_pine_bluff_golden_lions,62.44,24.72,0.394472029,0.282151108,19.56,5.6,20.96,14.56,0.69,13.92,3.12,8.16,15.8,0.32,27.84,13.48,0.16,17.48,69.6,68.4,1.2,12.48,,,5.0,908.8636364,0.041666667,317.9090909,,-0.12,343.625,,,7.197433055363764,12.33827492,,47.8764289173874,74.59942645542648,
montreat_cavaliers,45.0,9.0,0.2,0.066666667,15.0,1.0,10.0,4.0,0.4,4.0,1.0,3.0,26.0,4.0,15.0,9.0,0.0,13.0,23.0,79.0,-56.0,0.0,True,,,,,,away,0.0,,0.0,79.0,0.563632333354088,5.759235,,4.1329230169466165,22.042561934681615,
talladega_tornadoes,69.0,29.0,0.418412698,0.322222222,16.5,5.5,16.0,12.0,0.75,19.0,2.5,8.0,16.5,0.0,19.5,10.0,0.0,22.5,75.5,94.5,-19.0,5.0,,,,,,,,0.0,,0.0,94.5,4.665546454293431,7.707313000000001,,31.181083200156564,37.60484347831506,
brevard_tornados,57.0,15.0,0.263157895,0.095238095,21.0,2.0,6.0,5.0,0.833333333333333,6.0,2.0,8.0,31.0,2.0,15.0,11.0,0.0,15.0,37.0,101.0,-64.0,0.0,True,,,,,,away,0.0,,0.0,101.0,0.7975649311503399,6.7940619999999985,,5.675482463758842,30.309309530493245,
uab_blazers,56.32142857,23.53571429,0.420462015,0.303572455,18.89285714,5.571428571,18.71428571,14.10714286,0.75381679,12.82142857,3.714285714,5.214285714,16.32142857,0.821428571,28.21428571,12.14285714,0.071428571,17.14285714,66.75,64.03571429,2.71428571,11.14285714,,5.0,4.444444444,683.4545455,0.0,614.4230769,,0.035714286,583.7407407,0.0,683.4545455,6.512304731035,11.905706998430578,52.39897462692551,43.35866961864935,71.14384419321331,44.011703584072976
mars_hill_mountain_lions,50.66666667,16.0,0.321302261,0.272195641,18.66666667,5.0,11.33333333,6.0,0.529411764861592,7.666666667,1.0,7.333333333,23.66666667,1.333333333,17.33333333,7.666666667,0.0,13.33333333,43.0,81.0,-38.0,0.333333333,,,,,,,,0.0,,0.0,81.0,1.2200378286527536,7.821387332272324,,8.461283011453707,38.51612982091729,
southern_miss_lady_eagles,59.23333333,25.56666667,0.431896482,0.298129156,10.76666667,3.366666667,18.13333333,12.2,0.672794117770734,14.5,3.166666667,8.533333333,16.66666667,0.566666667,26.06666667,13.56666667,0.0,18.73333333,66.7,64.03333333,2.66666667,12.4,,5.0,4.172413793,1115.269231,0.071428571,472.5769231,,0.0,417.8571429,0.0,1115.269231,7.2045057391332605,11.449820501971407,40.63936143164041,47.923066432918496,67.50198077201648,31.469883812573514
oakland_golden_grizzlies,59.16666667,22.6,0.383484582,0.297578411,21.0,6.266666667,16.13333333,11.13333333,0.69008264,11.13333333,1.566666667,7.433333333,15.23333333,0.7,23.13333333,12.56666667,0.2,17.2,62.6,63.96666667,-1.36666667,9.275862069,,,4.068965517,618.16,-0.2,430.7241379,,0.1,483.6333333,-0.2,618.16,5.54233282090685,9.908523165126208,,36.96264209958655,55.18927917668129,
houston_christian_huskies,55.32,19.28,0.350130178,0.322515941,18.0,5.72,16.84,13.2,0.783847980997625,11.16,3.92,8.08,16.2,0.76,24.72,10.56,0.04,15.4,57.48,56.28,1.2,10.12,,5.0,5.125,657.1818182,0.0,380.2,,-0.12,358.3913043,-0.12,657.1818182,5.793380371086604,11.337132,34.169026825172,38.61805812017097,66.60176517776958,24.569166148819157
se_louisiana_lady_lions,57.16,23.32,0.409976181,0.26301141,14.12,3.84,16.84,10.68,0.63,12.8,2.6,9.48,15.12,0.44,25.44,11.88,0.24,16.32,61.16,54.44,6.72,14.44,,5.0,5.166666667,718.2173913,0.0,296.0,,-0.08,287.6521739,-0.08,718.2173913,7.739618635282467,11.70267304,27.5930208795008,51.45161893411777,69.52190111700435,17.55574827381757
mcneese_cowgirls,62.03571429,24.17857143,0.394202368,0.30844608,26.89285714,8.25,19.28571429,13.78571429,0.71481481,14.25,1.964285714,9.607142857,18.92857143,0.428571429,26.25,14.28571429,0.178571429,20.03571429,70.39285714,71.60714286,-1.21428572,13.03571429,,,4.518518519,1321.636364,0.0,566.047619,,-0.214285714,440.64,-0.214285714,1321.636364,7.387608417903263,11.449000749251342,,49.13045167778845,67.49543215197878,
texas_am_texarkana_eagles,55.0,21.0,0.381818182,0.230769231,13.0,3.0,13.0,11.0,0.846153846153846,13.0,4.0,8.0,25.0,1.0,27.0,7.0,2.0,21.0,56.0,71.0,-15.0,3.0,True,,,,,,away,0.0,,0.0,71.0,2.996188012662216,11.41381,,20.173277282929135,67.21430975976409,
southwestern_assemblies_of_god_lions,58.5,19.0,0.324926686,0.194047619,20.5,4.0,12.5,9.0,0.72,11.5,2.5,9.5,23.5,2.0,23.5,11.5,0.0,15.5,51.0,81.0,-30.0,0.0,,,,,,,,0.0,,0.0,81.0,1.7845963522555839,10.96039,,12.18400097408842,63.59215002205634,
new_orleans_privateers,55.91304348,19.08695652,0.340386715,0.258805772,18.56521739,5.0,16.65217391,11.26086957,0.67624021,10.26086957,2.173913043,9.217391304,19.08695652,0.826086957,22.47826087,10.7826087,0.0,20.69565217,54.43478261,68.60869565,-14.17391304,6.0,,5.0,5.545454545,1015.380952,0.0,252.45,,-0.173913044,295.3181818,-0.173913044,1015.380952,4.005002422458977,9.58701582674943,24.859052327180425,26.825433556026475,52.62090782904344,14.639926105627783
louisiana_christian_university_wildcats,52.0,13.0,0.25,0.136363636,22.0,3.0,10.0,7.0,0.7,10.0,4.0,9.0,31.0,0.0,28.0,11.0,0.0,21.0,36.0,78.0,-42.0,6.0,True,,,,,,away,0.0,,0.0,78.0,3.7688534454319034,12.176912999999999,,25.268259229747127,73.31038175112755,
mississippi_valley_state_devilettes,67.04545455,22.40909091,0.334443819,0.29189736,24.04545455,6.954545455,20.59090909,12.90909091,0.62693157,12.68181818,1.954545455,9.636363636,19.18181818,0.772727273,23.81818182,15.36363636,0.090909091,21.31818182,64.68181818,79.09090909,-14.40909091,5.227272727,,5.0,5.285714286,1024.0,0.0,264.952381,,-0.227272727,199.2727273,-0.227272727,1024.0,4.177318512822435,10.166669500493956,24.603366930203755,27.961691672817068,57.25148918595716,14.367233448664255
texas_wesleyan_rams,61.0,14.0,0.229508197,0.181818182,22.0,4.0,17.0,11.0,0.647058823529412,6.0,0.0,10.0,23.0,2.0,24.0,15.0,0.0,18.0,43.0,69.0,-26.0,4.0,True,,,,,,away,0.0,,0.0,69.0,2.7830006155155425,10.630704999999999,,18.767512389503157,60.95845117082306,
wichita_state_shockers,61.86666667,23.93333333,0.385873147,0.292750443,15.0,4.4,15.66666667,11.8,0.753191489201449,12.73333333,3.833333333,8.666666667,17.56666667,0.466666667,27.13333333,14.93333333,0.133333333,16.53333333,64.06666667,62.93333333,1.13333334,12.26666667,,5.0,4.068965517,1330.862069,0.0,831.1034483,,0.033333333,485.0,0.0,1330.862069,6.978196441208068,12.375971032409167,66.33566593715793,46.43077528279841,74.90056301895828,58.87541276576942
schreiner_mountaineers,60.0,17.5,0.291144528,0.142140468,18.0,2.5,16.0,8.0,0.5,9.0,2.0,10.5,24.0,0.5,19.5,17.0,0.0,17.0,45.5,78.0,-32.5,4.0,,,,,,,,0.0,,0.0,78.0,3.130858181472416,9.119226500000002,,21.061296922171135,48.88395827877833,
st_edwards_hilltoppers,51.5,13.0,0.252659575,0.162679426,15.0,2.0,14.5,12.5,0.9,5.5,2.5,5.0,24.5,0.5,20.5,10.5,0.0,20.5,40.5,88.0,-47.5,1.0,,,,,,,,0.0,,0.0,88.0,1.3356633825955637,7.729118,,9.223721817364476,37.779033397332114,
louisiana_tech_lady_techsters,56.78125,24.59375,0.433288876,0.318721609,12.21875,3.875,19.0625,14.5,0.760655737704918,11.6875,2.8125,8.375,14.1875,0.53125,24.84375,10.15625,0.0625,14.84375,67.5625,60.125,7.4375,16.125,,10.0,3.967741935,1150.291667,-0.033333333,530.6551724,,-0.0625,402.0666667,-0.0625,1150.291667,8.219156730793417,11.42302409375,45.11407333111643,54.61370932385058,67.28791683356039,36.24223722595904
incarnate_word_cardinals,55.79310345,21.0,0.378267455,0.264729623,15.96551724,4.172413793,17.17241379,11.79310345,0.68674699,10.55172414,2.793103448,8.344827586,17.0,1.034482759,23.34482759,12.17241379,0.034482759,16.48275862,57.96551724,59.79310345,-1.82758621,8.482758621,,5.0,4.357142857,397.5217391,0.0,248.0,,-0.034482759,268.8888889,-0.034482759,397.5217391,5.11552520236704,10.486487656887352,23.532821178443417,34.14825825504242,59.80636645091257,13.225478898344026
green_bay_phoenix,57.15384615,22.34615385,0.393313245,0.326934367,22.30769231,7.038461538,12.84615385,10.07692308,0.78443114,14.26923077,2.5,7.115384615,13.61538462,0.807692308,24.96153846,10.34615385,0.0,14.84615385,61.80769231,55.15384615,6.65384616,15.19230769,,10.0,4.72,1527.636364,-0.115384615,516.72,,-0.115384615,482.1538462,-0.115384615,1527.636364,8.174668551100458,11.13168815246299,45.40917536051848,54.320352765152315,64.96057062766519,36.556968365963556
rice_owls,57.69230769,23.11538462,0.403374941,0.297274962,20.96153846,6.192307692,21.26923077,15.07692308,0.70886076,12.61538462,2.884615385,7.384615385,17.5,0.615384615,26.61538462,12.84615385,0.153846154,17.0,67.5,66.11538462,1.38461538,12.23076923,,12.5,4.84,714.7826087,-0.04,489.375,,0.192307692,350.0,-0.04,714.7826087,6.872972630087976,11.64516296374499,42.61851512229788,45.73692592019589,69.06248008854641,33.58068358771205
lamar_cardinals,54.10714286,22.0,0.407102983,0.358617992,16.71428571,6.0,18.25,12.39285714,0.679060665205479,13.17857143,2.464285714,7.178571429,15.96428571,0.714285714,24.25,10.85714286,0.107142857,16.35714286,62.39285714,60.96428571,1.42857143,10.85714286,,6.666666667,4.407407407,1019.192308,-0.083333333,548.7391304,,0.035714286,516.4230769,-0.083333333,1019.192308,6.3410425391108145,10.585135963919045,47.33005605708648,42.22936094374413,60.59442151227562,38.60561903999826
xavier_la_gold_rush,50.0,13.5,0.266760337,0.244444444,12.0,3.0,15.5,12.5,0.8,8.0,1.5,8.0,25.5,0.5,23.0,12.0,0.5,22.5,42.5,69.5,-27.0,4.0,,,,,,,,0.0,,0.0,69.5,2.860154123755972,9.146609,,19.276265227338254,49.10270422959166,
north_dakota_state_bison,54.37931034,22.0,0.404911923,0.325841355,20.75862069,6.862068966,18.06896552,13.34482759,0.73854962,10.24137931,1.75862069,6.517241379,14.93103448,0.586206897,24.34482759,10.03448276,0.103448276,17.27586207,64.20689655,65.89655172,-1.68965517,10.79310345,,,4.107142857,1161.115385,0.0,535.8333333,,-0.068965517,426.2222222,-0.068965517,1161.115385,5.963595088148374,10.24088155322562,,39.740459710473445,57.84433447169064,
creighton_bluejays,61.06896552,27.96551724,0.459455098,0.360803044,27.89655172,10.27586207,11.86206897,8.620689655,0.726744185757335,20.89655172,2.862068966,7.517241379,12.79310345,0.448275862,25.24137931,10.65517241,0.034482759,15.72413793,74.82758621,63.44827586,11.37931035,18.06896552,,10.0,4.107142857,1347.333333,0.034482759,755.9285714,,0.068965517,594.1724138,0.034482759,1347.333333,10.116264154232177,11.260448448248267,62.91078238471282,67.12329971531824,65.9891762454341,55.222718451779436
oral_roberts_golden_eagles,58.67741935,22.96774194,0.391052144,0.283863535,17.41935484,4.967741935,20.38709677,14.93548387,0.73259494,11.96774194,3.258064516,8.483870968,14.83870968,0.35483871,26.19354839,11.03225806,0.0,14.4516129,65.83870968,65.0,0.83870968,11.58064516,,5.0,3.933333333,1321.142857,0.0,428.962963,,-0.032258065,408.4827586,-0.032258065,1321.142857,6.529018175277582,12.1705094857246,37.33187404661866,43.46887863418647,73.25922707866451,27.942394430857917
smu_mustangs,60.0,23.28571429,0.386353983,0.284778404,12.10714286,3.535714286,15.75,10.53571429,0.668934240634921,14.60714286,4.107142857,7.428571429,14.42857143,0.571428571,26.96428571,11.71428571,0.071428571,15.03571429,60.64285714,60.92857143,-0.28571429,10.85714286,,5.0,4.444444444,827.24,-0.214285714,615.7777778,,0.071428571,392.8928571,-0.214285714,827.24,6.604753779599464,12.261901426084336,50.55496581038512,43.96828176571798,73.98931442973421,42.045038027132875
missouri_science_technology_miners,54.5,23.5,0.442307692,0.335561497,19.5,6.5,7.0,3.5,0.5,12.5,2.5,4.5,15.0,0.5,25.0,4.5,0.0,12.5,57.0,78.0,-21.0,2.5,,,,,,,,0.0,,0.0,78.0,2.859916170177703,10.8700885,,19.274696153410467,62.870773687632145,
chicago_state_cougars,57.58333333,20.33333333,0.357783792,0.247984918,14.54166667,3.75,18.16666667,11.875,0.653669724650703,8.125,3.041666667,8.25,18.75,0.875,22.58333333,13.5,0.041666667,21.95833333,56.29166667,69.29166667,-13.0,3.75,,5.0,5.043478261,532.9130435,0.047619048,1086.478261,,-0.208333333,979.2916667,-0.208333333,1086.478261,3.001548253509169,9.298820582381502,89.78887243920674,20.208622892021452,50.31865117792889,83.88864101807201
butler_bulldogs,53.89285714,20.96428571,0.38991748,0.261623944,21.46428571,5.642857143,11.71428571,8.0,0.682926829518144,11.39285714,1.964285714,4.928571429,19.85714286,0.964285714,24.07142857,9.285714286,0.0,14.39285714,55.57142857,77.89285714,-22.32142857,2.571428571,,15.0,4.222222222,759.1538462,0.0,398.4074074,,0.25,251.1428571,0.0,759.1538462,2.7925597598764913,10.202512107017697,35.22899380314307,18.8305457101106,57.537818960216775,25.69963826390405
missouri_baptist_spartans,55.5,16.0,0.295454546,0.226190476,25.5,5.5,6.0,5.0,0.833333333333333,9.5,2.5,7.0,23.0,1.0,20.0,8.0,0.0,15.0,42.5,97.0,-54.5,0.0,,,,,,,,0.0,,0.0,97.0,1.373995069433512,8.8512335,,9.476482254349937,46.743087883587286,
dickinson_state_nd_blue_hawks,44.0,16.0,0.363636364,0.1,20.0,2.0,10.0,8.0,0.8,8.0,0.0,4.0,29.0,1.0,17.0,6.0,0.0,24.0,42.0,95.0,-53.0,6.0,True,,,,,,away,0.0,,0.0,95.0,3.2631113637572313,5.078671999999999,,21.933378870673696,16.605863294185788,
nicholls_colonels,57.24,21.68,0.379982461,0.248224939,13.4,3.52,17.32,12.6,0.727482678983834,10.36,1.8,8.28,19.92,0.6,24.84,11.2,0.08,17.52,59.48,70.84,-11.36,4.76,,5.0,5.041666667,794.4761905,-0.043478261,532.9,,-0.12,339.5217391,-0.12,794.4761905,3.588216485446916,10.86456868,44.60995350235514,24.07713301778169,62.82667843430544,35.704585184980495
uic_flames,50.61538462,18.34615385,0.366141905,0.266363026,14.53846154,3.846153846,19.61538462,12.73076923,0.64901961,9.961538462,2.923076923,8.538461538,17.96153846,0.961538462,20.23076923,8.461538462,0.115384615,18.15384615,53.26923077,68.03846154,-14.76923077,3.153846154,,5.0,4.32,534.48,0.0,240.12,,0.0,191.8076923,0.0,534.48,2.7909031782993536,8.888240884758215,22.184910590692,18.819622155269155,47.03872252491116,11.787910214839009
briar_cliff_chargers,54.0,12.0,0.222222222,0.285714286,21.0,6.0,10.0,5.0,0.5,6.0,1.0,7.0,25.0,1.0,22.0,10.0,0.0,16.0,35.0,83.0,-48.0,0.0,True,,,,,,away,0.0,,0.0,83.0,0.99053521422964,9.420757999999998,,6.947935024548439,51.29275202177735,
william_carey_crusaders,47.0,10.0,0.207022344,0.245614035,15.5,3.5,15.0,11.5,0.766666666666667,5.0,0.0,6.5,22.5,0.5,25.0,6.0,0.0,15.5,35.0,70.0,-35.0,1.0,,,,,,,,0.0,,0.0,70.0,1.2134708551527118,10.607194,,8.417980166510832,60.77063281787603,
lsu_shreveport_pilots,46.33333333,13.33333333,0.28679078,0.256317878,18.66666667,5.0,12.0,8.666666667,0.72222222225,7.0,2.666666667,5.666666667,26.33333333,0.333333333,19.33333333,7.0,2.0,15.66666667,40.33333333,77.66666667,-37.33333334,1.333333333,,,,,,,,0.0,,0.0,77.66666667,1.4668453566994846,8.071480998105597,,10.088740182961072,40.51401082977669,
st_thomas_tx_celts,54.0,12.0,0.222222222,0.083333333,24.0,2.0,18.0,12.0,0.666666666666667,5.0,1.0,5.0,24.0,1.0,21.0,10.0,0.0,20.0,38.0,79.0,-41.0,2.0,True,,,,,,away,0.0,,0.0,79.0,1.639267666572048,7.858091,,11.225698714780398,38.80933820931964,
northwestern_state_lady_demons,58.875,22.08333333,0.376242036,0.265613882,18.54166667,5.083333333,18.875,13.41666667,0.710816777218543,11.125,2.916666667,8.708333333,18.33333333,0.375,26.04166667,12.5,0.208333333,16.29166667,62.66666667,63.875,-1.20833333,10.875,,5.0,5.086956522,637.952381,0.0,232.0526316,,-0.166666667,265.6190476,-0.166666667,637.952381,6.1260573460723915,11.8250869176135,22.842542496588095,40.811741323519136,70.49980817630544,12.48928539638354
jamestown_jimmies,53.0,14.0,0.264150943,0.210526316,19.0,4.0,6.0,4.0,0.666666666666667,6.0,1.0,8.0,23.0,0.0,23.0,7.0,0.0,18.0,36.0,82.0,-46.0,4.0,True,,,,,,away,0.0,,0.0,82.0,2.4910548141813083,9.805091,,16.84241192018967,54.36300811650728,
central_christian_college_central_christian_college,46.0,19.0,0.413043478,0.407407407,27.0,11.0,5.0,3.0,0.6,11.0,0.0,4.0,24.0,5.0,13.0,2.0,0.0,15.0,52.0,120.0,-68.0,3.0,True,,,,,,away,0.0,,0.0,120.0,2.3973637103549117,4.680798000000001,,16.224609618795363,13.427434500835844,
kansas_city_roos,60.29032258,26.0,0.431988858,0.352748598,20.5483871,7.290322581,16.51612903,12.74193548,0.77148437,14.70967742,2.677419355,6.580645161,14.4516129,0.741935484,26.35483871,12.0,0.0,15.90322581,72.03225806,65.35483871,6.67741935,13.58064516,,5.0,3.933333333,989.4482759,-0.148148148,351.5185185,,0.032258065,461.4827586,-0.148148148,989.4482759,7.685221657085056,11.482084999540701,32.42891306547761,51.092923423586406,67.75972671187989,22.713306368946164
life_pacific,70.5,20.5,0.291975309,0.197994988,20.0,4.0,10.5,4.5,0.4,5.5,0.5,3.5,11.0,0.0,23.0,9.0,0.0,8.0,49.5,100.0,-50.5,0.5,,,,,,,,0.0,,0.0,100.0,1.425688848940724,10.194115499999999,,9.817352781465315,57.47074240454463,
western_new_mexico_mustangs,45.0,14.0,0.311111111,0.315789474,19.0,6.0,11.0,6.0,0.545454545454545,6.0,2.0,3.0,26.0,3.0,21.0,4.0,0.0,18.0,40.0,94.0,-54.0,0.0,True,,,,,,away,0.0,,0.0,94.0,0.7680346430449312,7.792336000000001,,5.480758747127611,38.28405235171969,
colorado_christian_cougars,63.0,19.0,0.300925926,0.301515152,26.5,8.0,8.5,6.0,0.705882352941176,10.0,1.0,4.0,17.5,0.5,27.0,13.5,0.0,14.0,52.0,83.0,-31.0,0.0,,,,,,,,0.0,,0.0,83.0,1.8651274708212982,11.238910999999998,,12.715025888427606,65.81712367188672,
university_of_science_and_arts_drovers,61.33333333,19.33333333,0.316115147,0.225925926,15.33333333,3.333333333,15.0,10.33333333,0.688888888666667,9.333333333,3.666666667,10.33333333,22.33333333,0.666666667,25.33333333,11.0,0.0,21.33333333,52.33333333,84.66666667,-32.33333334,2.333333333,,,,,,,,0.0,,0.0,84.66666667,2.459136533185162,11.217073331572774,,16.631941697824608,65.64267278012522,
college_of_st_mary_flames,55.0,18.0,0.327272727,0.310344828,29.0,9.0,18.0,12.0,0.666666666666667,11.0,4.0,10.0,25.0,2.0,22.0,8.0,0.0,17.0,57.0,87.0,-30.0,5.0,True,,,,,,away,0.0,,0.0,87.0,3.4682508375526684,10.349952999999998,,23.286075485845085,58.71565510827413,
sam_houston_bearkats,60.2,23.9,0.395851802,0.28891946,10.53333333,3.166666667,23.6,16.3,0.7,11.13333333,2.833333333,9.866666667,20.16666667,0.6,23.7,15.66666667,0.1,20.76666667,67.26666667,69.16666667,-1.9,11.8,,5.0,4.103448276,738.6538462,0.0,598.2916667,,-0.066666667,460.0740741,-0.066666667,738.6538462,6.527931236341947,10.357150832858885,49.80866585522457,43.46171132215271,58.77315521938571,41.249096921106144
university_of_the_southwest_mustangs,56.0,15.0,0.267857143,0.222222222,18.0,4.0,15.0,9.0,0.6,5.0,0.0,3.0,18.0,0.0,16.0,5.0,0.0,16.0,43.0,99.0,-56.0,0.0,True,,,,,,away,0.0,,0.0,99.0,0.766178144478092,5.6266549999999995,,5.468516932907408,20.9834424912841,
wiley_wildcats,57.0,20.5,0.359573152,0.323717949,12.5,4.0,20.0,14.0,0.7,10.5,3.0,9.5,34.0,0.5,26.0,12.0,0.0,21.5,59.0,81.0,-22.0,4.0,,,,,,,,0.0,,0.0,81.0,3.0472361752235124,11.208546,,20.50989059010883,65.57455192728904,
antelope_valley,59.66666667,10.33333333,0.170863858,0.184193122,29.0,5.333333333,16.66666667,10.0,0.59999999988,7.333333333,1.333333333,6.666666667,22.0,0.0,26.0,11.66666667,0.0,14.66666667,36.0,83.66666667,-47.66666667,0.0,,,,,,,,0.0,,0.0,83.66666667,1.3159912299925356,11.380784332858886,,9.094002979020438,66.95048319316032,
loyola_new_orleans_wolfpack,54.0,16.0,0.296296296,0.0,13.0,0.0,19.0,12.0,0.631578947368421,7.0,2.0,9.0,20.0,0.0,29.0,12.0,0.0,16.0,44.0,57.0,-13.0,4.0,True,,,,,,away,0.0,,0.0,57.0,2.9462232806032693,13.171912,,19.843808153055672,81.25896213324455,
prairie_view_am_lady_panthers,62.69230769,23.11538462,0.377384059,0.314092118,18.92307692,5.769230769,17.38461538,12.03846154,0.69247788,15.11538462,3.884615385,10.19230769,20.03846154,1.269230769,26.34615385,12.15384615,0.0,20.88461538,64.11538462,71.42307692,-7.3076923,10.0,,,4.84,1707.368421,0.0,1030.5,,-0.115384615,720.0434783,-0.115384615,1707.368421,6.218019893068783,11.732122540382655,,41.4181454628249,69.75715936450482,
arizona_christian_firestorm,45.0,17.0,0.377777778,0.307692308,13.0,4.0,20.0,10.0,0.5,5.0,0.0,9.0,41.0,2.0,25.0,7.0,0.0,12.0,48.0,95.0,-47.0,0.0,True,,,,,,away,0.0,,0.0,95.0,0.511385453939176,11.76609,,3.788405330368679,70.0285094695248,
arlington_baptist_patriots,55.75,14.75,0.253825538,0.1942959,11.5,2.5,8.25,4.5,0.545454545454545,9.75,0.75,3.5,30.0,1.25,17.5,9.0,0.0,12.0,36.5,116.25,-79.75,0.5,,,,,,,,0.0,,0.0,116.25,1.4143776801150711,7.13147025,,9.742766552393915,33.00470580397135,
greenville_panthers,70.0,24.0,0.342857143,0.333333333,18.0,6.0,4.0,2.0,0.5,17.0,2.0,5.0,24.0,0.0,31.0,16.0,0.0,13.0,56.0,105.0,-49.0,0.0,True,,,,,,away,0.0,,0.0,105.0,2.7099227666933956,13.552172,,18.28563458745566,84.29668094110647,
unt_dallas_trailblazers,55.0,17.0,0.309090909,0.285714286,21.0,6.0,12.0,7.0,0.583333333333333,7.0,2.0,1.0,19.0,0.0,19.0,12.0,0.0,13.0,47.0,92.0,-45.0,1.0,True,,,,,,away,0.0,,0.0,92.0,1.6816335733641958,7.179055999999999,,11.505060934328412,33.38484604423121,
memphis_tigers,57.0,21.96296296,0.386439014,0.317482647,16.44444444,5.259259259,18.81481481,13.37037037,0.71062992,10.55555556,3.888888889,6.851851852,15.92592593,0.851851852,25.40740741,13.7037037,0.296296296,15.66666667,62.55555556,61.74074074,0.81481482,10.59259259,,5.0,4.576923077,925.625,-0.111111111,749.1153846,,0.074074074,503.1111111,-0.111111111,925.625,6.043928029198649,11.289947482187186,61.09000424958267,40.270177835585876,66.22483019328558,53.280828796442385
st_francis_pa_red_flash,53.06666667,20.43333333,0.384983643,0.302219063,14.76666667,4.4,12.93333333,8.966666667,0.693298969276623,11.4,1.566666667,4.766666667,18.06666667,1.566666667,24.5,11.53333333,0.1,14.86666667,54.23333333,65.86666667,-11.63333334,5.4,,5.0,4.068965517,539.875,0.0,287.6206897,,-0.266666667,250.8333333,-0.266666667,539.875,4.008109642466822,10.232194632935888,25.93452559804153,26.845922669649706,57.774938739437665,15.786935935646092
old_dominion_monarchs,59.74193548,23.80645161,0.398652883,0.27164475,16.0,4.290322581,18.93548387,11.93548387,0.63032368,11.87096774,3.870967742,10.51612903,14.90322581,0.548387097,23.12903226,14.19354839,0.193548387,18.25806452,63.83870968,55.64516129,8.19354839,14.48387097,,,4.033333333,1237.24,-0.1,711.1428571,,0.0,675.0,-0.1,1237.24,7.696512788178094,10.766993290045505,,51.16737752317252,62.04719440430167,
wright_state_raiders,62.73913043,22.95652174,0.366781681,0.280072361,19.7826087,5.652173913,12.56521739,8.304347826,0.660899654040924,10.0,3.695652174,7.913043478,14.13043478,0.217391304,25.56521739,10.17391304,0.652173913,15.52173913,59.86956522,70.17391304,-10.30434782,5.5,,,5.090909091,829.7142857,0.0,287.0,,-0.260869565,217.0909091,-0.260869565,829.7142857,3.9269507101004764,11.609989782037832,,26.310757929915827,68.78149803520347,
nelson_lions,63.5,18.0,0.282587065,0.284848485,24.0,7.0,10.0,6.5,0.65,7.5,1.0,10.0,21.0,3.0,15.5,7.0,0.0,13.0,49.5,115.0,-65.5,0.0,,,,,,,,0.0,,0.0,115.0,1.0699199054312598,7.705904499999999,,7.471400358148441,37.59359163236524,
iu_indianapolis_jaguars,56.46428571,25.92857143,0.462423619,0.369696999,21.75,7.964285714,14.25,10.60714286,0.74436090245614,14.96428571,2.928571429,5.642857143,15.71428571,1.071428571,28.14285714,10.75,0.0,12.46428571,70.42857143,55.67857143,14.75,19.64285714,,5.0,4.407407407,824.9166667,0.0,226.7777778,,0.071428571,172.9285714,0.0,824.9166667,10.007535419384501,12.617721570896057,21.119219165017594,66.4063387673391,76.83179469615908,10.651332882669653
manchester_spartans,39.0,12.0,0.307692308,0.375,16.0,6.0,8.0,5.0,0.625,7.0,0.0,3.0,34.0,3.0,22.0,5.0,0.0,10.0,35.0,102.0,-67.0,5.0,True,,,,,,away,0.0,,0.0,102.0,2.6860856058715035,9.253492999999999,,18.12845154431681,49.95655037975079,
mcmurry_war_hawks,43.0,12.0,0.279069767,0.3,20.0,6.0,14.0,5.0,0.357142857142857,7.0,1.0,7.0,25.0,2.0,9.0,8.0,0.0,12.0,35.0,93.0,-58.0,2.0,True,,,,,,away,0.0,,0.0,93.0,1.6170154274278816,4.2041710000000005,,11.07896669868722,9.619884923612865,
quincy_hawks,56.5,19.0,0.336879433,0.168896321,18.0,3.5,8.5,7.5,0.9,11.0,0.5,4.0,21.5,1.5,24.5,12.0,0.0,14.0,49.0,81.5,-32.5,2.5,,,,,,,,0.0,,0.0,81.5,2.7708746415067482,10.058438999999998,,18.687553307548463,56.38688647482581,
davis_elkins_senators,53.0,10.0,0.188679245,0.09375,32.0,3.0,8.0,4.0,0.5,5.0,1.0,2.0,15.0,2.0,22.0,7.0,0.0,18.0,27.0,71.0,-44.0,0.0,True,,,,,,away,0.0,,0.0,71.0,0.96079146688706,7.879895999999999,,6.751803750501484,38.983528128336694,
lake_erie_storm,71.0,26.0,0.366197183,0.260869565,23.0,6.0,4.0,2.0,0.5,9.0,1.0,5.0,17.0,0.0,26.0,15.0,0.0,12.0,60.0,91.0,-31.0,2.0,True,,,,,,away,0.0,,0.0,91.0,2.5779738318581638,11.346614,,17.41555885690624,66.67751242895599,
point_park_pioneers,52.0,17.0,0.326923077,0.130434783,23.0,3.0,7.0,4.0,0.571428571428571,8.0,2.0,5.0,27.0,2.0,25.0,8.0,0.0,22.0,41.0,87.0,-46.0,0.0,True,,,,,,away,0.0,,0.0,87.0,1.1836105561894452,9.459176000000001,,8.221080347142596,51.59965540672568,
southeast_missouri_state_redhawks,58.17241379,23.03448276,0.396248133,0.26733065,15.55172414,4.24137931,15.55172414,10.48275862,0.67405765,12.75862069,2.827586207,8.413793103,18.51724138,0.344827586,22.93103448,11.72413793,0.068965517,18.17241379,60.79310345,71.79310345,-11.0,7.24137931,,,3.892857143,562.8076923,0.0,285.08,,0.034482759,225.5185185,0.0,562.8076923,4.848771015045683,10.057887240532557,,32.38927213893189,56.38247872720138,
north_carolina_central_eagles,62.6,20.75,0.326821295,0.246479263,17.0,4.3,21.9,15.15,0.691780821917808,10.45,2.8,10.25,20.9,0.55,24.75,15.25,0.3,21.0,60.95,71.5,-10.55,7.7,,,6.315789474,1084.529412,0.0,432.9411765,,-0.2,277.3157895,-0.2,1084.529412,4.832634179927043,10.87609225,,32.28286530342284,62.91873483077814,
marshall_thundering_herd,59.71428571,22.35714286,0.371863865,0.296813491,22.5,6.678571429,17.32142857,12.25,0.707216494903688,11.42857143,2.142857143,7.678571429,12.67857143,0.5,24.5,12.96428571,0.035714286,18.67857143,63.64285714,60.0,3.64285714,14.17857143,,5.0,4.444444444,924.8333333,-0.115384615,743.9583333,,-0.071428571,547.4615385,-0.115384615,924.8333333,7.5477873425514055,10.424999821318815,61.08515660191792,50.18667691413375,59.31516896876544,53.27565870093692
georgetown_hoyas,57.65517241,22.20689655,0.384265186,0.293318241,18.06896552,5.24137931,15.20689655,10.44827586,0.68707483,12.72413793,3.75862069,8.0,18.10344828,0.724137931,25.55172414,11.93103448,0.0,16.82758621,60.10344828,67.93103448,-7.8275862,8.655172414,,7.5,4.142857143,1063.315789,0.0,409.7307692,,0.137931035,286.4285714,0.0,1063.315789,5.442850873423418,11.45185934531433,35.254474237530204,36.30665477963424,67.51826813531812,25.72681356384598
temple_owls,57.28571429,21.67857143,0.381805969,0.243001797,15.17857143,3.678571429,17.71428571,12.67857143,0.71572581,12.85714286,3.892857143,7.607142857,17.82142857,0.964285714,25.64285714,13.03571429,0.107142857,18.25,59.71428571,61.42857143,-1.71428572,8.964285714,,5.0,4.407407407,1103.153846,-0.035714286,927.4444444,,-0.035714286,689.8571429,-0.035714286,1103.153846,5.621806260693017,11.18697564156025,75.34424897056505,37.48669264434898,65.40223644965596,68.48321388348643
belmont_abbey_crusaders,46.0,14.0,0.304347826,0.235294118,17.0,4.0,14.0,8.0,0.571428571428571,7.0,2.0,8.0,25.0,1.0,20.0,6.0,0.0,15.0,40.0,89.0,-49.0,0.0,True,,,,,,away,0.0,,0.0,89.0,0.958451775294497,9.039497,,6.736375745158344,48.24703669435865,
seton_hall_pirates,61.96774194,26.12903226,0.42053959,0.337344406,20.80645161,7.129032258,12.87096774,9.903225806,0.769423558977858,15.41935484,3.451612903,7.516129032,12.74193548,0.483870968,26.09677419,9.129032258,0.161290323,13.16129032,69.29032258,67.90322581,1.38709677,11.70967742,,7.5,3.9,868.6296296,-0.096774194,557.3,,0.129032258,406.0,-0.096774194,868.6296296,6.975229734739998,12.106338450316539,46.618806928979915,46.41121272019982,72.74659477135097,37.84706021419222
ave_maria_gyrenes,51.66666667,16.33333333,0.312883466,0.248148148,9.333333333,2.333333333,18.33333333,12.66666667,0.69090909,6.0,4.0,5.666666667,30.66666667,1.0,30.66666667,10.0,0.0,15.0,47.66666667,90.0,-42.33333333,1.333333333,,,,,,,,0.0,,0.0,90.0,1.5459290601528168,13.486734334912295,,10.610220793188317,83.77393012329895,
howard_payne_yellow_jackets,53.0,12.5,0.232857143,0.228695652,24.0,5.5,16.5,10.0,0.606060606060606,6.0,1.0,3.5,24.0,0.0,20.0,12.5,0.0,18.5,40.5,97.0,-56.5,0.0,,,,,,,,0.0,,0.0,97.0,1.0752922897599755,7.273055999999999,,7.506826041769431,34.135767960654235,
baker_university_baker,47.0,14.0,0.29787234,0.25,12.0,3.0,16.0,13.0,0.8125,8.0,6.0,4.0,21.0,2.0,22.0,5.0,0.0,12.0,44.0,93.0,-49.0,0.0,True,,,,,,away,0.0,,0.0,93.0,1.16511137884792,9.881792999999998,,8.09909614726944,54.97574442324642,
lee_flames,51.0,14.0,0.274509804,0.318181818,22.0,7.0,6.0,4.0,0.666666666666667,11.0,0.0,7.0,16.0,0.0,14.0,7.0,0.0,15.0,39.0,75.0,-36.0,0.0,True,,,,,,away,0.0,,0.0,75.0,1.5690940374479037,5.867939,,10.762971435460283,22.910947211307665,
villanova_wildcats,58.63333333,23.73333333,0.405204261,0.30443077,23.63333333,7.233333333,14.16666667,10.86666667,0.76705882,15.33333333,3.633333333,7.566666667,12.83333333,0.666666667,25.06666667,10.13333333,0.0,14.6,65.56666667,60.83333333,4.73333334,13.76666667,,5.0,4.034482759,1569.75,0.0,356.7586207,,-0.033333333,275.6666667,-0.033333333,1569.75,7.7659592698016775,11.459082434873793,31.008664019700817,51.62530996732737,67.57597001036586,21.198587537044588
jessup_university_warriors,56.0,12.0,0.214285714,0.285714286,28.0,8.0,2.0,1.0,0.5,8.0,3.0,8.0,25.0,4.0,18.0,5.0,0.0,11.0,33.0,83.0,-50.0,6.0,True,,,,,,away,0.0,,0.0,83.0,3.2834162142085357,8.878376000000001,,22.067269739987466,46.959916586954456,
florida_memorial_lions,57.0,21.0,0.366800887,0.259126984,18.33333333,5.0,18.33333333,11.33333333,0.61818182,7.666666667,1.666666667,9.333333333,22.33333333,2.0,26.33333333,7.333333333,0.666666667,22.0,57.66666667,82.66666667,-25.0,3.0,,,,,,,,0.0,,0.0,82.66666667,2.417926186771796,11.062867665114874,,16.360199282422936,64.41079602927567,
haskell_jayhawks,61.0,17.0,0.278688525,0.05,20.0,1.0,10.0,3.0,0.3,12.0,1.0,10.0,19.0,1.0,26.0,5.0,0.0,17.0,38.0,95.0,-57.0,0.0,True,,,,,,away,0.0,,0.0,95.0,1.7087770214476998,11.799774,,11.684045747281818,70.29759514859705,
dakota_wesleyan_tigers,61.0,21.0,0.344262295,0.083333333,12.0,1.0,0.0,0.0,,12.0,1.0,5.0,17.0,1.0,19.0,11.0,0.0,16.0,43.0,90.0,-47.0,3.0,True,,,,,,away,0.0,,0.0,90.0,,7.581460999999999,,,36.599470871658966,
siu_edwardsville_cougars,61.87096774,24.87096774,0.40348192,0.303951383,16.29032258,5.032258065,20.48387097,14.51612903,0.70866142,15.16129032,2.64516129,10.64516129,19.77419355,0.387096774,21.90322581,13.74193548,0.161290323,18.96774194,69.29032258,74.61290323,-5.32258065,9.35483871,,,3.766666667,580.0967742,0.0,206.3666667,,0.032258065,168.1935484,0.0,580.0967742,5.978626767970502,9.997474936244785,,39.83957911465018,55.89987316005985,
northland_lumberjacks,44.0,8.0,0.181818182,0.083333333,12.0,1.0,4.0,2.0,0.5,3.0,0.0,5.0,26.0,1.0,14.0,3.0,0.0,12.0,19.0,92.0,-73.0,0.0,True,,,,,,away,0.0,,0.0,92.0,0.21046134852452802,5.842060999999999,,1.804101620865221,22.704220005422606,
wesleyan_college_ga_wolves,39.0,13.0,0.333333333,0.3125,16.0,5.0,13.0,8.0,0.615384615384615,7.0,2.0,3.0,44.0,3.0,16.0,4.0,0.0,9.0,39.0,116.0,-77.0,0.0,True,,,,,,away,0.0,,0.0,116.0,0.4212550383507423,6.945375,,3.194082327414886,31.518078125596645,
fort_valley_state_wildcats,67.0,25.0,0.373134328,0.105263158,19.0,2.0,30.0,19.0,0.633333333333333,8.0,2.0,12.0,30.0,2.0,20.0,18.0,0.0,23.0,71.0,99.0,-28.0,3.0,True,,,,,,away,0.0,,0.0,99.0,2.570008578284976,8.780481,,17.36303570595882,46.17787934218601,
carver_college_cougars,49.0,6.0,0.12244898,0.111111111,18.0,2.0,6.0,1.0,0.166666666666667,2.0,1.0,3.0,49.0,4.0,15.0,13.0,0.0,20.0,15.0,133.0,-118.0,0.0,True,,,,,,away,0.0,,0.0,133.0,-0.06313470622045603,4.671533,,0.0,13.35342076088201,
texas_am_kingsville_javelinas,56.0,20.0,0.357142857,0.310344828,29.0,9.0,13.0,9.0,0.692307692307692,10.0,4.0,0.0,12.0,0.0,22.0,11.0,0.0,22.0,58.0,84.0,-26.0,0.0,True,,,,,,away,0.0,,0.0,84.0,1.8365415410923387,7.112842999999998,,12.526529302809715,32.85590143942143,
alabama_huntsville_chargers,58.0,20.0,0.344827586,0.176470588,17.0,3.0,20.0,14.0,0.7,11.0,1.0,4.0,28.0,1.0,18.0,12.0,0.0,16.0,57.0,107.0,-50.0,1.0,True,,,,,,away,0.0,,0.0,107.0,1.9480542163465997,6.886355999999999,,13.261847647808318,31.046603012986303,
central_baptist_college_mustangs,53.5,13.5,0.250175932,0.153409091,15.0,2.5,15.0,12.5,0.833333333333333,5.0,1.5,6.0,27.0,1.0,27.5,15.0,0.0,22.0,42.0,76.5,-34.5,3.5,,,,,,,,0.0,,0.0,76.5,2.45020484132764,10.770157,,16.573045820205895,62.07246779942971,
chestnut_hill_college_griffins,57.0,17.0,0.298245614,0.214285714,14.0,3.0,18.0,11.0,0.611111111111111,10.0,1.0,2.0,24.0,2.0,24.0,9.0,0.0,18.0,48.0,87.0,-39.0,0.0,True,,,,,,away,0.0,,0.0,87.0,1.5029940488427278,8.77807,,10.327105879237541,46.15861899388286,
winston_salem_rams,50.0,16.0,0.32,0.333333333,15.0,5.0,22.0,12.0,0.545454545454545,9.0,2.0,7.0,26.0,2.0,34.0,7.0,0.0,23.0,49.0,81.0,-32.0,5.0,True,,,,,,away,0.0,,0.0,81.0,3.356225553918639,13.837609000000004,,22.547376983885993,86.57690327151118,
mount_olive_trojans,63.0,25.0,0.396825397,0.466666667,15.0,7.0,11.0,8.0,0.727272727272727,10.0,1.0,10.0,21.0,0.0,15.0,13.0,0.0,23.0,65.0,74.0,-9.0,3.0,True,,,,,,away,0.0,,0.0,74.0,2.7778331697757603,5.9275009999999995,,18.733438077855777,23.386760096264986,
uc_merced_bobcats,53.33333333,14.66666667,0.287057387,0.246743453,23.0,5.333333333,11.0,6.0,0.545454545454545,9.0,0.333333333,5.333333333,22.0,2.0,19.33333333,11.33333333,0.0,15.0,40.66666667,82.66666667,-42.0,0.666666667,,,,,,,,0.0,,0.0,82.66666667,1.6935117256689882,7.891542665049199,,11.583385871601115,39.07656787342906,
minnesota_morris_cougars,48.0,17.0,0.354166667,0.210526316,19.0,4.0,26.0,17.0,0.653846153846154,6.0,2.0,4.0,22.0,0.0,24.0,8.0,0.0,18.0,55.0,97.0,-42.0,0.0,True,,,,,,away,0.0,,0.0,97.0,1.0588428452656045,9.385615,,7.398357849483952,51.012011075938496,
millersville_marauders,46.0,11.0,0.240189125,0.176923077,11.5,2.0,21.5,18.5,0.9,6.5,0.0,6.0,28.0,0.5,19.0,8.0,0.5,26.0,42.5,84.5,-42.0,0.0,,,,,,,,0.0,,0.0,84.5,0.8753127213468279,6.141110500000001,,6.18815401687357,25.093186214415688,
bluefield_state_big_blues,48.5,12.0,0.250213129,0.239057239,24.5,6.0,13.0,7.5,0.576923076923077,8.5,2.0,5.0,22.0,1.0,19.5,8.5,0.0,12.0,37.5,92.0,-54.5,0.0,,,,,,,,0.0,,0.0,92.0,1.2666351937588405,8.543057500000002,,8.768547609966639,44.281214346187475,
palm_beach_atlantic_sailfish,60.0,,0.322857143,0.216666667,13.0,2.0,13.0,8.5,0.653846153846154,5.5,2.0,6.0,24.5,1.5,22.0,16.5,0.0,20.0,46.5,84.0,-37.5,3.0,,,,,,,,0.0,,0.0,84.0,2.363874758016957,8.668705,,16.003782336580723,45.28495329824876,
clarion_golden_eagles,53.5,16.0,0.299615653,0.190559441,24.0,4.5,15.0,9.5,0.633333333333333,6.5,2.0,4.5,15.0,1.0,25.0,7.5,0.0,11.5,46.0,85.0,-39.0,2.5,,,,,,,,0.0,,0.0,85.0,2.2090152407037875,10.967720000000002,,14.982633451771314,63.65070595447529,
west_chester_golden_rams,59.0,13.0,0.220338983,0.235294118,17.0,4.0,4.0,1.0,0.25,9.0,3.0,8.0,20.0,0.0,26.0,8.0,0.0,16.0,31.0,64.0,-33.0,0.0,True,,,,,,away,0.0,,0.0,64.0,1.4326481368445558,11.694142000000001,,9.863242560830274,69.45375063928222,
holy_names_university_hawks,35.0,9.0,0.257142857,0.333333333,15.0,5.0,8.0,7.0,0.875,5.0,0.0,6.0,33.0,5.0,18.0,4.0,0.0,5.0,30.0,88.0,-58.0,0.0,True,,,,,,away,0.0,,0.0,88.0,0.44239199159842785,8.972129,,3.3334601106575774,47.70886533621411,
lees_mcrae_bobcats,47.5,15.0,0.314773736,0.107142857,9.0,1.5,14.5,8.5,0.6,7.0,0.0,11.5,28.0,1.5,20.0,7.0,0.0,19.5,40.0,85.0,-45.0,0.0,,,,,,,,0.0,,0.0,85.0,0.9250453554098159,8.970305,,6.516092684726669,47.694294255623085,
pfeiffer_falcons,70.5,16.0,0.223443223,0.18921095,25.0,4.5,11.0,7.0,0.636363636363636,6.0,0.5,7.0,26.5,0.0,21.5,17.5,0.0,19.0,43.5,106.0,-62.5,0.0,,,,,,,,0.0,,0.0,106.0,1.2203345584155056,8.672301999999998,,8.463239657526103,45.313688044348474,
alderson_broaddus_battlers,55.0,21.0,0.381818182,0.36,25.0,9.0,12.0,5.0,0.416666666666667,13.0,2.0,5.0,29.0,4.0,30.0,14.0,0.0,24.0,56.0,88.0,-32.0,7.0,True,,,,,,away,0.0,,0.0,88.0,4.739675071878616,11.393839,,31.669889806898695,67.05477080664832,
bowie_state_bulldogs,41.0,11.0,0.268292683,0.222222222,9.0,2.0,18.0,5.0,0.277777777777778,4.0,3.0,5.0,30.0,2.0,25.0,12.0,0.0,24.0,29.0,70.0,-41.0,0.0,True,,,,,,away,0.0,,0.0,70.0,0.7687132127476121,9.263913,,5.4852332586538015,50.0397908730394,
agnes_scott_college_scotties,50.5,10.0,0.198039216,0.174825175,12.0,2.0,6.5,3.0,0.461538461538462,5.0,2.0,4.5,38.0,1.5,20.5,10.0,0.0,11.5,25.0,109.5,-84.5,0.0,,,,,,,,0.0,,0.0,109.5,0.5471288274701619,8.9468285,,4.024098342033443,47.506751506996444,
mayville_st_comets,67.0,22.0,0.328358209,0.230769231,26.0,6.0,22.0,15.0,0.681818181818182,12.0,9.0,6.0,17.0,2.0,34.0,17.0,0.0,16.0,65.0,72.0,-7.0,6.0,True,,,,,,away,0.0,,0.0,72.0,4.655132352862985,15.487856000000004,,31.112412263771773,99.75995263120646,
kentucky_state_thorobreds,54.66666667,22.33333333,0.406899341,0.299145299,14.33333333,4.333333333,15.66666667,7.0,0.446808510543232,14.33333333,2.0,10.33333333,29.0,0.666666667,26.33333333,8.333333333,0.0,22.66666667,56.0,87.66666667,-31.66666667,1.333333333,,,,,,,,0.0,,0.0,87.66666667,2.4642250503946745,11.266463997165031,,16.665495552078973,66.03723164459274,
claflin_panthers,64.5,20.0,0.30952381,0.388888889,18.0,7.0,13.0,9.5,0.730769230769231,9.0,3.5,10.0,25.0,1.0,27.5,14.5,0.0,18.5,56.5,67.5,-11.0,1.0,,,,,,,,0.0,,0.0,67.5,2.0191803548660525,12.529098,,13.730855806235288,76.12382255044079,
pikeville_bears,50.5,17.0,0.336666667,0.238095238,16.0,4.0,18.0,11.0,0.611111111111111,9.5,0.5,6.0,20.5,1.0,26.0,11.0,0.0,17.5,49.0,67.0,-18.0,7.5,,,,,,,,0.0,,0.0,67.0,4.518254722009628,10.6802545,,30.209836545299137,61.354278888884814,
oakland_city_mighty_oaks,48.5,19.5,0.420394737,0.36,20.0,7.0,21.5,13.5,0.6,9.5,1.5,7.5,28.0,3.0,22.5,8.0,1.0,21.0,59.5,89.5,-30.0,0.0,,,,,,,,0.0,,0.0,89.5,1.345751405841956,9.015135999999998,,9.29024258319608,48.052428090039676,
lindenwood_lions,44.0,11.0,0.25,0.190476191,21.0,4.0,11.0,4.0,0.363636363636364,9.0,1.0,5.0,29.0,0.0,20.0,5.0,0.0,18.0,30.0,86.0,-56.0,0.0,True,,,137.0,0.0,,away,-1.0,214.0,-1.0,214.0,1.042852627738242,7.7197759999999995,,7.2929178153212115,37.70440454048931,
johnson_wales_nc_wildcats,67.0,12.0,0.179104478,0.166666667,30.0,5.0,7.0,5.0,0.714285714285714,6.0,3.0,5.0,29.0,1.0,30.0,8.0,0.0,24.0,34.0,101.0,-67.0,0.0,True,,,,,,away,0.0,,0.0,101.0,0.9389630840161234,11.509348,,6.607866656982246,67.97751803690477,
blue_mountain_college_toppers,56.0,16.0,0.285714286,0.259259259,27.0,7.0,14.0,11.0,0.785714285714286,10.0,1.0,6.0,18.0,0.0,21.0,13.0,0.0,18.0,50.0,75.0,-25.0,0.0,True,,,,,,away,0.0,,0.0,75.0,1.7373604471687725,8.414881,,11.872525821387175,43.25727239916197,
frostburg_state_bobcats,58.0,19.0,0.327586207,0.5,18.0,9.0,19.0,12.0,0.631578947368421,6.0,0.0,3.0,23.0,2.0,18.0,7.0,0.0,17.0,59.0,113.0,-54.0,2.0,True,,,,,,away,0.0,,0.0,113.0,1.6835676715407368,6.369443,,11.517814442994545,26.91722747485889,
university_of_the_ozarks_eagles,56.0,19.0,0.339285714,0.111111111,18.0,2.0,11.0,9.0,0.818181818181818,11.0,2.0,4.0,31.0,0.0,28.0,7.0,0.0,14.0,49.0,95.0,-46.0,0.0,True,,,,,,away,0.0,,0.0,95.0,1.4698148130294268,11.803507,,10.108320878241678,70.32741633491628,
harris_stowe_state_hornets,54.0,13.0,0.240740741,0.333333333,9.0,3.0,41.0,28.0,0.682926829268293,5.0,2.0,10.0,22.0,0.0,21.0,18.0,0.0,23.0,57.0,95.0,-38.0,2.0,True,,,,,,away,0.0,,0.0,95.0,1.9957703659190784,8.737532,,13.576489548859834,45.83477992315992,
arkansas_baptist_buffaloes,53.0,11.0,0.20754717,0.230769231,13.0,3.0,7.0,2.0,0.285714285714286,6.0,0.0,6.0,27.0,0.0,22.0,2.0,0.0,12.0,27.0,96.0,-69.0,0.0,True,,,,,,away,0.0,,0.0,96.0,0.6415682327123726,9.680774999999999,,4.646834968224297,53.369905893506804,
huston_tillotson_rams,58.0,12.0,0.206896552,0.125,16.0,2.0,21.0,14.0,0.666666666666667,6.0,0.0,10.0,29.0,2.0,25.0,17.0,0.0,16.0,40.0,83.0,-43.0,1.0,True,,,,,,away,0.0,,0.0,83.0,1.576899931126176,11.390564,,10.814443761881067,67.02860836753888,
east_stroudsburg_university_warriors,52.0,13.0,0.25,0.266666667,15.0,4.0,9.0,5.0,0.555555555555556,7.0,0.0,4.0,32.0,3.0,27.0,12.0,0.0,14.0,35.0,82.0,-47.0,1.0,True,,,,,,away,0.0,,0.0,82.0,1.4982717333540878,11.123401999999999,,10.295966771492608,64.89437644163027,
huston_tillotson_rams,55.0,18.0,0.327272727,0.214285714,14.0,3.0,11.0,9.0,0.818181818181818,5.0,7.0,6.0,22.0,2.0,19.0,10.0,0.0,19.0,48.0,82.0,-34.0,0.0,True,,,,,,away,0.0,,0.0,82.0,0.9319609037876628,8.054374999999999,,6.561694044180753,40.37735903318323,
texas_am_international_dustdevils,61.0,26.0,0.426229508,0.352941177,17.0,6.0,16.0,10.0,0.625,11.0,1.0,12.0,20.0,1.0,26.0,13.0,0.0,10.0,68.0,55.0,13.0,15.0,True,,,,,,away,0.0,,0.0,68.0,7.695220478149833,13.379512,,51.15885598722121,82.91738117419584,
huston_tillotson_rams,56.33333333,18.0,0.31780456,0.249101307,14.0,3.5,19.66666667,11.66666667,0.59322034,8.833333333,1.5,7.5,26.33333333,1.5,27.33333333,12.33333333,0.0,16.66666667,51.16666667,75.83333333,-24.66666666,3.166666667,,,,,,,,0.0,,0.0,75.83333333,2.7107204602380923,11.893061497985089,,18.29089460561741,71.04282522056806,
centenary_la_gentlemen,56.5,15.5,0.27088648,0.246963563,16.0,4.0,17.5,9.5,0.5,9.0,2.0,9.0,20.5,0.5,19.0,12.0,0.0,15.5,44.5,80.5,-36.0,0.0,,,,,,,,0.0,,0.0,80.5,1.482886354600872,8.758735,,10.194515064624342,46.00416074649946,
cumberland_ky_indians,,22.5,0.361826698,0.20979021,24.0,5.0,23.5,14.0,0.595744680851064,10.5,2.0,7.5,14.0,1.0,21.0,12.5,1.0,26.5,64.0,86.5,-22.5,5.5,,,,,,,,0.0,,0.0,86.5,3.994208432257923,7.5446370000000025,,26.75425762026426,36.30530120516578,
asbury_eagles,73.0,15.0,0.205479452,0.166666667,48.0,8.0,2.0,2.0,1.0,7.0,3.0,6.0,14.0,0.0,25.0,14.0,0.0,16.0,40.0,79.0,-39.0,3.0,True,,,,,,away,0.0,,0.0,79.0,2.6958872374454637,10.753019,,18.193083833792574,61.935560354709956,
salem_university,75.0,14.0,0.186666667,0.238095238,42.0,10.0,14.0,10.0,0.714285714285714,7.0,3.0,9.0,14.0,0.0,18.0,10.0,0.0,19.0,48.0,86.0,-38.0,0.0,True,,,,,,away,0.0,,0.0,86.0,1.2798940934381995,7.881306,,8.855977242037602,38.99479195708306,
champion_christian_tigers,58.25,17.25,0.289640843,0.231587615,23.75,5.75,22.0,14.75,0.670454545454545,9.25,2.5,8.0,20.75,0.25,24.5,10.75,0.25,18.0,55.0,78.5,-23.5,4.0,,,,,,,,0.0,,0.0,78.5,3.0929670640561713,10.64348525,,20.81144161482484,61.06054659446526,
louisiana_christian_wildcats,49.0,17.0,0.346938776,0.3,30.0,9.0,22.0,15.0,0.681818181818182,7.0,0.0,7.0,19.0,0.0,24.0,9.0,0.0,29.0,58.0,71.0,-13.0,3.0,True,,,,,,away,0.0,,0.0,71.0,2.4347288949679973,8.183405,,16.470996907483528,41.40811919143923,
mid_atlantic_christian_mustangs,47.0,14.0,0.29787234,0.238095238,21.0,5.0,7.0,5.0,0.714285714285714,7.0,0.0,4.0,31.0,2.0,22.0,5.0,0.0,16.0,38.0,109.0,-71.0,0.0,True,,,,,,away,0.0,,0.0,109.0,0.8234835246753234,8.567194999999998,,5.846390544405523,44.47403751382215,
king_tn_tornado,51.0,19.0,0.37254902,0.142857143,14.0,2.0,16.0,16.0,1.0,4.0,3.0,10.0,23.0,4.0,27.0,7.0,0.0,16.0,56.0,76.0,-20.0,2.0,True,,,,,,away,0.0,,0.0,76.0,1.5914326808115122,12.635264999999999,,10.91027320389324,76.97194092385445,
st_andrews_knights,50.0,12.0,0.24,0.222222222,18.0,4.0,7.0,5.0,0.714285714285714,5.0,1.0,4.0,32.0,2.0,15.0,7.0,0.0,25.0,33.0,117.0,-84.0,0.0,True,,,,,,away,0.0,,0.0,117.0,0.5092091358591793,4.140621,,3.7740546154824575,9.11221377692474,
edward_waters_tigers,63.0,21.0,0.33468252,0.160628019,20.5,3.0,24.5,16.0,0.653061224489796,9.0,2.0,11.5,20.0,0.5,21.5,17.5,0.0,19.5,61.0,69.5,-8.5,4.0,,,,,,,,0.0,,0.0,69.5,3.2883113474531838,9.8749535,,22.099548413849384,54.921106865295634,
coker_cobras,59.0,16.0,0.271186441,0.227272727,22.0,5.0,23.0,14.0,0.608695652173913,8.0,4.0,8.0,16.0,0.0,28.0,16.0,0.0,18.0,51.0,44.0,7.0,11.0,True,,,,,,away,0.0,,0.0,59.0,5.97414272347721,12.397053,,39.81001117389197,75.06897697114206,
notre_dame_college_oh_blue_falcons,62.0,21.0,0.338709677,0.1,20.0,2.0,7.0,4.0,0.571428571428571,5.0,0.0,5.0,23.0,2.0,19.0,13.0,0.0,18.0,48.0,100.0,-52.0,0.0,True,,,,,,away,0.0,,0.0,100.0,1.008157289261533,7.15518,,7.064135582183233,33.19411187745976,
slippery_rock_the_rock,68.0,20.0,0.294117647,0.210526316,19.0,4.0,15.0,10.0,0.666666666666667,6.0,2.0,6.0,15.0,0.0,29.0,11.0,0.0,17.0,54.0,97.0,-43.0,1.0,True,,,,,,away,0.0,,0.0,97.0,1.7638363869904599,12.278472,,12.047109062328852,74.12168897357444,
midway_university_midway,49.0,17.0,0.346938776,0.272727273,22.0,6.0,16.0,13.0,0.8125,8.0,4.0,10.0,33.0,0.0,31.0,8.0,0.0,15.0,53.0,72.0,-19.0,3.0,True,,,,,,away,0.0,,0.0,72.0,2.31923856430316,14.702508000000002,,15.709449768432494,93.48617576717461,
unc_pembroke_braves,58.0,25.0,0.431034483,0.333333333,18.0,6.0,13.0,9.0,0.692307692307692,17.0,1.0,5.0,12.0,2.0,35.0,7.0,0.0,18.0,65.0,45.0,20.0,20.0,True,,,,,,away,0.0,,0.0,65.0,10.422675587150547,14.456081000000001,,69.14378704761886,91.51758603208546,
csu_pueblo_thunderwolves,60.5,18.0,0.297540984,0.296212121,26.5,7.5,7.0,5.5,0.785714285714286,8.5,6.5,5.5,9.0,0.0,28.5,8.0,0.0,19.5,49.0,65.5,-16.5,8.5,,,,,,,,0.0,,0.0,65.5,4.963206832663165,12.062244999999999,,33.14386578335109,72.39435287546374,
chadron_state_eagles,53.0,21.0,0.396226415,0.266666667,15.0,4.0,6.0,2.0,0.333333333333333,10.0,2.0,5.0,14.0,0.0,18.0,5.0,0.0,11.0,48.0,71.0,-23.0,0.0,True,,,,,,away,0.0,,0.0,71.0,1.5122096389831077,8.024813000000002,,10.387873791717075,40.141202078999235,
john_carroll_blue_streaks,48.0,15.0,0.3125,0.363636364,11.0,4.0,12.0,6.0,0.5,10.0,4.0,4.0,28.0,1.0,23.0,8.0,0.0,15.0,40.0,101.0,-61.0,4.0,True,,,,,,away,0.0,,0.0,101.0,2.909452204568096,9.633703999999998,,19.60133843638579,52.99387774959245,
olivet_comets,36.0,11.0,0.305555556,0.3,10.0,3.0,12.0,4.0,0.333333333333333,8.0,1.0,5.0,41.0,0.0,18.0,5.0,0.0,11.0,29.0,105.0,-76.0,0.0,True,,,,,,away,0.0,,0.0,105.0,0.654150200147728,7.909304000000001,,4.729800886226864,39.21845484874276,
westminster_ut_griffins,67.0,32.0,0.47761194,0.260869565,23.0,6.0,13.0,8.0,0.615384615384615,18.0,1.0,2.0,15.0,1.0,27.0,14.0,0.0,20.0,78.0,83.0,-5.0,2.0,True,,,,,,away,0.0,,0.0,83.0,3.702613798569418,9.814559,,24.831472762261196,54.43864352825934,
mercyhurst_lakers,49.0,15.0,0.306122449,0.272727273,22.0,6.0,16.0,10.0,0.625,10.0,0.0,7.0,27.0,2.0,23.0,4.0,0.0,27.0,46.0,90.0,-44.0,2.0,True,,,,,,away,0.0,,0.0,90.0,2.014458894504284,8.045089999999998,,13.699722337225813,40.30318552260889,
warren_wilson_owls,60.0,13.0,0.216666667,0.210526316,19.0,4.0,11.0,6.0,0.545454545454545,7.0,1.0,6.0,24.0,0.0,15.0,9.0,0.0,19.0,36.0,100.0,-64.0,0.0,True,,,,,,away,0.0,,0.0,100.0,0.9801023379229472,5.564973,,6.879140285995887,20.49069392055214,
william_jewell_cardinals,51.0,9.0,0.176470588,0.190476191,21.0,4.0,8.0,4.0,0.5,3.0,3.0,7.0,23.0,2.0,22.0,6.0,0.0,17.0,26.0,81.0,-55.0,0.0,True,,,,,,away,0.0,,0.0,81.0,0.514645015360568,9.496389999999998,,3.8098989884154815,51.89694060031892,
paul_quinn_tigers,56.0,19.5,0.348214286,0.267857143,11.0,3.0,30.5,16.0,0.524590163934426,12.0,0.5,6.5,27.5,0.5,33.5,11.0,0.0,20.5,58.0,76.5,-18.5,1.0,,,,,,,,0.0,,0.0,76.5,2.2832925990499984,13.705258,,15.472420860112745,85.51961320171856,
graceland_university_graceland,49.0,13.0,0.265306122,0.0,7.0,0.0,12.0,8.0,0.666666666666667,6.0,4.0,2.0,32.0,1.0,30.0,7.0,0.0,13.0,34.0,110.0,-76.0,0.0,True,,,,,,away,0.0,,0.0,110.0,0.8535105712793358,12.596048999999999,,6.044389903345794,76.65866269114758,
academy_of_art_urban_knights,63.0,20.5,0.328093306,0.160774411,24.5,4.0,10.5,5.0,0.476190476190476,10.5,5.5,9.0,14.5,1.5,23.5,12.0,0.0,16.5,50.0,65.5,-15.5,2.5,,,,,,,,0.0,,0.0,65.5,2.8344234500069456,11.028522,,19.106596296037907,64.13642461790457,
simpson_college_ia_storm,72.0,21.0,0.291666667,0.222222222,27.0,6.0,11.0,9.0,0.818181818181818,15.0,5.0,10.0,15.0,0.0,21.0,10.0,0.0,14.0,57.0,101.0,-44.0,0.0,True,,,,,,away,0.0,,0.0,101.0,2.2845550354504947,10.482533,,15.48074540835412,59.77477455167166,
cal_state_la_golden_eagles,68.5,21.0,0.307898116,0.186298077,29.0,5.5,12.5,7.5,0.6,10.0,1.0,5.5,14.5,2.0,21.5,16.5,0.0,13.0,55.0,85.0,-30.0,0.0,,,,,,,,0.0,,0.0,85.0,1.9464750024473356,9.2933455,,13.251434258046501,50.27491331245556,
bethel_tn_wildcats,43.0,13.0,0.302325581,0.157894737,19.0,3.0,23.0,17.0,0.739130434782609,8.0,2.0,4.0,16.0,1.0,22.0,4.0,0.0,24.0,46.0,85.0,-39.0,0.0,True,,,,,,away,0.0,,0.0,85.0,1.2324356835567787,7.5551249999999985,,8.543034885209531,36.3890849185641,
regis_co_rangers,57.0,18.0,0.315789474,0.117647059,17.0,2.0,10.0,8.0,0.8,9.0,1.0,5.0,19.0,2.0,27.0,15.0,0.0,6.0,46.0,60.0,-14.0,5.0,True,,,,,,away,0.0,,0.0,60.0,3.684449408165488,12.728017,,24.71169615875606,77.7128931535573,
upper_iowa_peacocks,61.0,18.0,0.295081967,0.304347826,23.0,7.0,13.0,10.0,0.769230769230769,12.0,0.0,4.0,14.0,0.0,26.0,12.0,0.0,23.0,53.0,83.0,-30.0,0.0,True,,,,,,away,0.0,,0.0,83.0,2.108051540962183,9.275841,,14.316875407408588,50.135078071114854,
columbia_international_columbia_intl,41.0,15.0,0.365853659,0.3,20.0,6.0,6.0,4.0,0.666666666666667,8.0,2.0,6.0,31.0,2.0,20.0,4.0,0.0,10.0,40.0,81.0,-41.0,2.0,True,,,,,,away,0.0,,0.0,81.0,1.666806566007692,9.324391,,11.407291147299203,50.52292125241633,
kings_pa_monarchs,61.0,19.0,0.31147541,0.333333333,36.0,12.0,6.0,5.0,0.833333333333333,14.0,0.0,3.0,18.0,1.0,24.0,9.0,0.0,13.0,55.0,91.0,-36.0,2.0,True,,,,,,away,0.0,,0.0,91.0,2.8927698552249916,9.685509,,19.491334461665513,53.40772359938284,
william_peace,40.0,14.0,0.35,0.222222222,9.0,2.0,23.0,14.0,0.608695652173913,6.0,0.0,8.0,32.0,1.0,26.0,9.0,0.0,21.0,44.0,85.0,-41.0,1.0,True,,,,,,away,0.0,,0.0,85.0,1.2880399400827818,10.570685000000001,,8.909691229794145,60.478979538655956,
colorado_colorado_springs_mountain_lions,58.0,20.0,0.344827586,0.333333333,9.0,3.0,10.0,6.0,0.6,10.0,2.0,14.0,26.0,2.0,25.0,13.0,0.0,14.0,49.0,70.0,-21.0,0.0,True,,,,,,away,0.0,,0.0,70.0,1.64223241830128,12.916426,,11.245248387765105,79.21800429559289,
oregon_tech_hustlin_owls,51.0,18.0,0.352941177,0.076923077,13.0,1.0,14.0,11.0,0.785714285714286,7.0,6.0,4.0,27.0,1.0,30.0,10.0,0.0,14.0,48.0,83.0,-35.0,1.0,True,,,,,,away,0.0,,0.0,83.0,1.6116438789784326,13.163716999999998,,11.04354652688233,81.1934961214883,
connecticut_college_camels,61.0,13.0,0.213114754,0.222222222,27.0,6.0,10.0,4.0,0.4,7.0,2.0,10.0,18.0,1.0,18.0,11.0,0.0,8.0,36.0,79.0,-43.0,4.0,True,,,,,,away,0.0,,0.0,79.0,2.7621990312831595,9.721061,,18.630346040868538,53.691731854411266,
johnson_university_fl_suns,41.0,14.0,0.341463415,0.428571429,14.0,6.0,4.0,2.0,0.5,6.0,1.0,4.0,39.0,0.0,9.0,1.0,0.0,15.0,36.0,127.0,-91.0,0.0,True,,,,,,away,0.0,,0.0,127.0,0.20221041304027593,2.999959000000001,,1.7496946737523753,0.0,
florida_national_conquistadors,49.0,12.0,0.244897959,0.285714286,14.0,4.0,12.0,7.0,0.583333333333333,6.0,2.0,11.0,28.0,0.0,17.0,4.0,0.0,19.0,35.0,91.0,-56.0,0.0,True,,,,,,away,0.0,,0.0,91.0,0.6390576070995959,7.808745999999999,,4.63027981818159,38.41514414585267,
auburn_montgomery_senators,44.0,16.0,0.363636364,0.214285714,14.0,3.0,7.0,4.0,0.571428571428571,9.0,0.0,3.0,24.0,3.0,24.0,3.0,0.0,19.0,39.0,89.0,-50.0,1.0,True,,,,,,away,0.0,,0.0,89.0,1.5718615065965849,8.753193,,10.781220220449102,45.9598883075546,
auburn_montgomery_senators,43.0,20.0,0.465116279,0.25,12.0,3.0,12.0,6.0,0.5,9.0,4.0,2.0,27.0,3.0,29.0,9.0,0.0,14.0,49.0,70.0,-21.0,9.0,True,,,,,,away,0.0,,0.0,70.0,4.906322569744253,11.991576,,32.76876903340202,71.82981137640314,
auburn_montgomery_senators,43.5,18.0,0.414376321,0.232142857,13.0,3.0,9.5,5.0,0.526315789473684,9.0,2.0,2.5,25.5,3.0,26.5,6.0,0.0,16.5,44.0,79.5,-35.5,5.0,,,,,,,,0.0,,0.0,79.5,3.23881264890648,10.3723845,,21.773152324687707,58.894849841978875,
young_harris_college_mountain_lions,54.0,23.0,0.425925926,0.357142857,14.0,5.0,12.0,7.0,0.583333333333333,11.0,1.0,3.0,18.0,0.0,27.0,4.0,0.0,17.0,58.0,91.0,-33.0,0.0,True,,,,,,away,0.0,,0.0,91.0,1.668661559539536,10.526734999999999,,11.419523037267842,60.12788360007304,
thomas_ga_night_hawks,42.0,11.0,0.261904762,0.181818182,11.0,2.0,13.0,7.0,0.538461538461538,4.0,3.0,3.0,43.0,0.0,26.0,5.0,0.0,26.0,31.0,100.0,-69.0,0.0,True,,,,,,away,0.0,,0.0,100.0,0.24726257346955016,8.910192000000002,,2.0467701404643956,47.21407969007057,
molloy_lions,40.0,16.0,0.4,0.5,14.0,7.0,22.0,12.0,0.545454545454545,10.0,8.0,6.0,24.0,2.0,31.0,7.0,0.0,19.0,51.0,52.0,-1.0,5.0,True,,,,,,away,0.0,,0.0,52.0,3.5084359272727266,13.558928000000002,,23.551057324001146,84.35065145671663,
transylvania_pioneers,57.0,17.0,0.298245614,0.21875,32.0,7.0,14.0,10.0,0.714285714285714,8.0,1.0,6.0,22.0,0.0,26.0,10.0,0.0,16.0,51.0,74.0,-23.0,0.0,True,,,,,,away,0.0,,0.0,74.0,1.3819900845748034,10.971088,,9.529201654082108,63.6776113269701,
