team,FGA_2_final_scaled,FGM_2_final_scaled,FGR_2_final_scaled,FGR_3_final_scaled,FGA_3_final_scaled,FGM_3_final_scaled,FTA_final_scaled,FTM_final_scaled,FTR_final_scaled,AST_final_scaled,BLK_final_scaled,STL_final_scaled,TOV_final_scaled,TOV_team_final_scaled,DREB_final_scaled,OREB_final_scaled,F_tech_final_scaled,F_personal_final_scaled,team_score_final_scaled,opponent_team_score_final_scaled,point_diff_final_scaled,largest_lead_final_scaled,OT_length_min_tot_final_scaled,rest_days_final_scaled,attendance_final_scaled,tz_dif_H_E_final_scaled,prev_game_dist_final_scaled,home_away_NS_final_scaled,travel_dist_final_scaled,min_final_scaled,max_final_scaled,offense_rating,defense_rating,extra_rating
missouri_tigers,0.484090909090909,0.692501855857461,0.8704134929648132,0.7032968071648351,0.35158730166666663,0.6666666666666666,0.3813008129268294,0.40833333321428567,0.6776119359999999,0.6248989023310015,0.2074074074444445,0.34791666668750004,0.14333333325000003,0.17499999994843748,0.7025641026923076,0.4122807017368422,0.05000000000000002,0.47866666680000003,0.7546268656716419,0.25767790258426965,0.8286985309816479,0.40094428717849706,0.0,0.03718697502287582,0.341475630059885,0.49019607821716915,0.27195696615151316,0.6518518522004114,0.16279514654516575,0.8928571428571428,0.3481153382214196,57.90478678190827,17.50172736264166,28.059343021601414
lsu_tigers,0.6590909090909091,0.8081450843652561,0.853569373806845,0.6513822128603433,0.09948979595238097,0.28571428574999996,0.47909407658536596,0.46683673464285713,0.5985454599999998,0.6623545434133147,0.4563492063333334,0.515625,0.11696428575,0.1004464286312779,0.8076923076923077,0.6597744363157896,0.053571428500000004,0.42000000000000004,0.8031678343368871,0.18780096303370786,0.89545091787385,0.6098745446914979,0.0,0.11717796674567864,0.6363236379255357,0.6202480982998241,0.2728609652305028,0.7638888890586419,0.17837626049455763,0.9566326526785713,0.6399904800647911,72.90636007383829,66.31557863248557,46.91755327402115
south_carolina_gamecocks,0.603372434090909,0.7391335583073496,0.826351878279187,0.5960922798910598,0.21658986166666666,0.39784946233333335,0.4736428009756099,0.46543778785714285,0.6053156199999998,0.6631072849039391,0.8637992831111112,0.39314516131250005,0.14112903225,0.1330645160708165,0.8449131515384615,0.8251273342105265,0.0,0.387096774,0.768140862498934,0.08626313876404498,0.9396287619968847,0.785068080163883,0.0,0.044825986046570086,1.0,0.13779705411952253,0.28834748681689026,0.689964157819992,0.19745299632598823,0.7200460830357143,1.0,82.69917725057512,99.99999999999999,22.056035729176294
tennessee_lady_volunteers,0.6495601172727273,0.7276384798218263,0.768752170391144,0.5629100554650499,0.20122887857142857,0.3655913978333333,0.4838709678048782,0.4539170507142857,0.5687804919999998,0.685805333608833,0.6630824372222224,0.39314516131250005,0.20483870975000001,0.09677419350604838,0.8697270473076923,0.8064516131578948,0.03225806450000001,0.46064516120000004,0.7496526583539447,0.18194998191011233,0.8722292304926204,0.5307502511765085,0.0,0.03139984522146229,0.8087375471591092,0.07906388252621732,0.27201892898533386,0.7096774197688172,0.1668594224231995,0.6912442392857142,0.8106659903984053,62.07249546791736,73.13151182124247,17.67246360466651
auburn_tigers,0.5657467531818181,0.6108813234743875,0.701215699154078,0.5273409195959217,0.18537414976190475,0.32738095241666665,0.4965156795121952,0.4821428571428571,0.5957894735725202,0.5133696458433351,0.38095238100000006,0.5290178571250002,0.14910714275,0.14732142863420758,0.5631868130769231,0.6071428573684211,0.0714285715,0.5828571428,0.6647578433773988,0.24598715887640454,0.7908353285596161,0.31050182112494346,0.0,0.08734209842445406,0.3029347520447492,0.49019607821716915,0.23247360993965346,0.6765873016503526,0.10220206091510442,0.8928571428571428,0.30996305658022366,33.686764892807034,23.465628409027644,27.807163864262456
florida_gators,0.6136363636363636,0.6885552124721603,0.7534036199883117,0.5711574637938014,0.276497695952381,0.45967741933333334,0.4091266719512196,0.4412442396428571,0.6838461519999999,0.5836641139342109,0.3763440860000001,0.5544354838750001,0.19516129025,0.08467741931779232,0.6910669976923077,0.5976230900000001,0.08064516150000002,0.6206451612,0.7302840635223882,0.23160565426966295,0.8323621873628914,0.38901580927447643,0.5,0.03139984522146229,0.28081176125894736,0.4314629066238639,0.31930533862996513,0.670250896482278,0.24339291478296948,0.8640552991071428,0.28806312542468493,46.44027463258145,27.31907189578684,37.54007044408933
arkansas_razorbacks,0.6429618768181818,0.7115453697995545,0.7572111605488917,0.6101378442165901,0.46159754214285714,0.6827956989166666,0.4933123524390245,0.48617511535714286,0.6076554999999998,0.590149270348038,0.5519713261111112,0.45967741937500006,0.05725806450000001,0.0786290323174143,0.6848635234615384,0.5314091678947369,0.03225806450000001,0.49806451600000007,0.801595708042644,0.24392895977528098,0.8605554554332885,0.5036096133853714,0.0,0.02468677490960436,0.40315366761209653,0.4314629066238639,0.28799591499797117,0.7293906811065312,0.14317087763407535,0.8640552991071428,0.4091714942032343,54.36902022260706,52.845898506931796,29.736166192490508
alabama_crimson_tide,0.5492424243181817,0.6604305863697105,0.7723075673740262,0.6330081312038844,0.4095238095238095,0.6472222222499999,0.47235772365853673,0.4892857142857142,0.6488812390965782,0.5126516465537577,0.33333333333333337,0.5562500000000001,0.15499999999999997,0.1312500000082031,0.6269230769230769,0.5807017542105264,0.05000000000000002,0.516,0.7578109452281452,0.2374531834831461,0.8425822470776716,0.511048158654704,0.25,0.0580206415426748,0.36317057352177917,0.3081232490090153,0.11338595268511655,0.7740740744497943,0.06087108025020471,0.8035714285714285,0.36959153792872634,53.641836008662935,35.38563778140174,19.554850788881545
texas_am_aggies,0.5995297804545455,0.6795177022717148,0.7576026670074036,0.6916647252824084,0.2619047619047619,0.525862069,0.4381833473170733,0.4605911328571428,0.6614203479999998,0.6481802425611467,0.4521072796666667,0.36637931037500004,0.151724138,0.058189655253636854,0.6856763926923077,0.5989110705263159,0.03448275850000001,0.5668965516000001,0.7415925300127932,0.2634637737078651,0.818660502216594,0.46312396225108005,0.3333333333000001,0.07215777264713563,0.45355429545895104,0.3018448753369095,0.38922767194434427,0.7586206896130268,0.3179771405621148,0.8004926107142857,0.45906394729553623,55.292824176830706,27.466434884672303,48.75679288949532
kentucky_wildcats,0.6530303029545454,0.7708982923830734,0.8124344107997608,0.602612165220771,0.27460317452380956,0.49166666666666664,0.3967479675609757,0.4047619046428571,0.6360655719999999,0.7438474871564328,0.625925925888889,0.49791666668750006,0.12416666675,0.08750000006796874,0.5987179488461538,0.6210526315789475,0.033333333500000006,0.47866666680000003,0.7846481876332624,0.24194756550561805,0.853279536569003,0.485080264517991,0.0,0.07190975282439693,0.6003567694884189,0.3081232490090153,0.10217202393982128,0.7333333334962963,0.07193234217233035,0.8035714285714285,0.6043862550176652,61.96370542669645,59.61599201749313,16.36582631895468
alabama_crimson_tide,0.5492424243181817,0.6604305863697105,0.7723075673740262,0.6330081312038844,0.4095238095238095,0.6472222222499999,0.47235772365853673,0.4892857142857142,0.6488812390965782,0.5126516465537577,0.33333333333333337,0.5562500000000001,0.15499999999999997,0.1312500000082031,0.6269230769230769,0.5807017542105264,0.05000000000000002,0.516,0.7578109452281452,0.2374531834831461,0.8425822470776716,0.511048158654704,0.25,0.0580206415426748,0.36317057352177917,0.3081232490090153,0.11338595268511655,0.7740740744497943,0.06087108025020471,0.8035714285714285,0.36959153792872634,53.641836008662935,35.38563778140174,19.554850788881545
purdue_boilermakers,0.5827922077272726,0.697422844365256,0.788454227711344,0.6044841183308421,0.406462585,0.6190476190833333,0.3527874563414635,0.39030612249999996,0.7066666719999999,0.748514483795185,0.44841269844444454,0.4598214285625001,0.15178571425,0.08035714294252232,0.6222527473076924,0.4981203005263159,0.0,0.55,0.7437100213219617,0.26484751202247186,0.8188791345567622,0.39619587199422657,0.0,0.10226003258506636,0.3650413024537115,0.49019607821716915,0.13895984655422958,0.7202380956600529,0.05243735575429939,0.8928571428571428,0.3714434048492824,53.9736977542933,34.57026165645136,24.414740878603446
iowa_hawkeyes,0.6007575756818182,0.8908685968819599,0.9999999999999999,0.6553693720803504,0.3547619047619047,0.6111111110833333,0.4398373982926831,0.5416666667857142,0.8092421439999999,0.9281340269347939,0.3555555555555556,0.43750000000000006,0.14666666675,0.062499999941406245,0.794871795,0.4070175438421053,0.05000000000000002,0.4653333332,0.948400852878465,0.30149812730337083,0.8990275191899139,0.6201133144651592,0.0,0.07190975282439693,0.7214903154270348,0.49019607821716915,0.21000758704290243,0.6722222223716049,0.2546480020711466,0.8928571428571428,0.7242984469254844,91.26013686055474,44.68130088968111,35.01567676083926
northwestern_wildcats,0.6060606061363636,0.6414253897550111,0.7055148126348658,0.5894784582280675,0.3218694885714286,0.50308641975,0.43992773268292695,0.4523809525,0.6427104759999999,0.6794402723770067,0.5473251028888889,0.625,0.11944444449999998,0.062499999941406245,0.5840455842307691,0.6081871347368423,0.018518518500000004,0.4918518520000001,0.7055516069936036,0.21681231797752812,0.8289767110126932,0.37855419165378346,0.0,0.14242370163393936,0.21775923289424753,0.27170868316738456,0.24206170465236787,0.6563786009236396,0.2591620287053053,0.7857142857142857,0.2256463372182826,44.88086644388194,61.10948106388782,33.50526609749135
wisconsin_badgers,0.4357366770454545,0.5554104908685968,0.7250140346395635,0.591801676337888,0.3177339902380953,0.5114942528333333,0.29100084097560985,0.30665024632142857,0.6635838152736602,0.6100519929691617,0.28735632188888893,0.41810344825000006,0.15517241375,0.1293103447580819,0.4588859415384616,0.41016333936842114,0.0,0.456551724,0.5853687228315566,0.26036419988764037,0.742374622760471,0.17729803652626908,0.0,0.06496519718353581,0.3097988833146137,0.49019607821716915,0.20465246701176867,0.674329502149851,0.12156204422169944,0.8928571428571428,0.31675797882686174,28.75858492413107,20.34161711987445,25.954208388639138
vanderbilt_commodores,0.5511363636363636,0.6247216035634744,0.7226799110141773,0.5911189960049339,0.2693452380952381,0.45312499999999994,0.3650914634146343,0.3649553571428571,0.6192039999999999,0.6046902080980292,0.20833333333333337,0.669921875,0.20078125,0.15234375000952147,0.49399038461538464,0.6710526315789475,0.046875000000000014,0.49500000000000005,0.651172707889126,0.20821629213483148,0.8069909994043137,0.39243980171083404,0.0,0.0,0.3459442261394714,0.31950280083452487,0.27103730015334293,0.7065972223792438,0.1993310238221849,0.8091517857142857,0.35253887875680046,44.07825034082563,28.88659933102516,25.35311936190464
rutgers_scarlet_knights,0.43768328454545447,0.5713054097104677,0.7416383583730836,0.5407612579217993,0.19585253452380952,0.3494623655833333,0.3690007868292684,0.36290322571428574,0.6059701479999998,0.557723486268504,0.3978494623333334,0.5282258064375001,0.23709677425000003,0.260080645141255,0.6017369726923077,0.6146010184210527,0.048387097000000004,0.5187096776,0.5925029231897655,0.17977528089887643,0.7949180032773097,0.2834688842403249,0.0,0.02468677490960436,0.18247627042912964,0.3727297368512869,0.3635252607624441,0.7293906811065312,0.2970142651303158,0.8352534562499999,0.19071912251974177,36.4891566863258,36.79793328147702,40.91046310878004
michigan_wolverines,0.5303030302272728,0.7377711786191535,0.88166848058674,0.5955063843358298,0.20811287476190476,0.39197530866666663,0.49141824756097574,0.5410052910714286,0.7022058879999998,0.6440721482968608,0.2839506173333334,0.42361111112500005,0.17129629624999998,0.11111111119444443,0.6937321938461539,0.6237816763157895,0.055555555500000006,0.4814814816000001,0.795009081586354,0.1976695796629214,0.8853714049747166,0.6347707480916367,0.0,0.15016955197828366,0.4515129352592755,0.700280111218605,0.22901298135522238,0.7242798354387288,0.13404003815265148,0.9920634919642857,0.4570431695322854,74.21879889882997,28.968950609408054,44.691594021644256
colorado_state_rams,0.578125,0.6893095768374164,0.7758779106640409,0.6532665533037408,0.37276785714285715,0.6302083333333333,0.3445121951219513,0.39062499999999994,0.7292035398230091,0.6690857887006765,0.34722222222222227,0.29296875000000006,0.014062500000000006,0.0644531250040283,0.8353365384615384,0.31907894736842113,0.015625000000000003,0.30625,0.7394456289978679,0.21032303370786518,0.8498797331114177,0.43626062324182047,0.0,0.03897911831012148,0.11439605865481933,0.18674136226333665,0.27435995086172094,0.6684027779263116,0.2030458496506785,0.74404761875,0.12332534356157462,54.690819541599396,57.731592804549926,21.584689162014705
boise_state_broncos,0.554858934090909,0.6229936256570155,0.7114510898235484,0.49021721494987935,0.21839080452380955,0.33908045974999995,0.4196804036585367,0.39408867,0.5695390839999999,0.6377816291274416,0.42911877400000004,0.3491379310625001,0.17672413799999998,0.09051724144315731,0.705570291923077,0.6261343010526317,0.0,0.5048275864,0.6423057128528785,0.23789228977528085,0.7845202166786008,0.31376379808254296,0.0,0.07215777264713563,0.08697689157348554,0.4227616970963984,0.2760620049029046,0.6111111112469135,0.20472817807474752,0.8597883598214285,0.09618263590340383,38.79981932126395,35.14697337511879,28.51386693051557
fresno_state_bulldogs,0.5815047022727273,0.6868904078396436,0.7780869031409087,0.6834232235092094,0.34811165857142856,0.6235632184166666,0.3717409587804879,0.40394088678571427,0.6904977399999999,0.6031195841808914,0.24904214555555562,0.40086206893750004,0.06637931025000002,0.12284482763267779,0.6631299734615385,0.4609800363157896,0.06896551750000002,0.41793103440000007,0.7415925300127932,0.28244866325842705,0.8071234402236848,0.3438507375734802,0.0,0.08654292337294314,0.10817996695721453,0.49019607821716915,0.17405734801657644,0.5478927203439761,0.14016621718541528,0.8004926107142857,0.11717192689417591,47.144109931226964,30.385398809548917,18.986755345275462
air_force_falcons,0.5953079179545454,0.6172857247216035,0.681030370974047,0.5386712817007382,0.2619047619047619,0.41935483874999996,0.3430369787804879,0.37096774178571423,0.6862385319999998,0.5933918488062513,0.22939068100000004,0.697580645,0.10403225800000002,0.21169354838823085,0.49255583115384616,0.6010186757894738,0.048387097000000004,0.550967742,0.6422449962302773,0.15911562157303372,0.832362187431172,0.35785433618577495,0.5,0.05825212687167798,0.06520962478639751,0.49019607821716915,0.33845097833937954,0.5716845879603742,0.28017036889375785,0.8352534562499999,0.07463484208578795,37.93943964384496,25.173807110011268,38.22517354480734
wyoming_cowgirls,0.5117845118181819,0.5912727871714921,0.7130122253672581,0.5730431283483094,0.3633156966666667,0.5524691358333333,0.3423667570731708,0.3769841271428571,0.7023746679999998,0.6161499456047452,0.2551440328888889,0.3310185185000001,0.09907407400000001,0.16666666669791663,0.7464387465384615,0.5594541910526317,0.018518518500000004,0.2977777776,0.6464187001449895,0.16396171449438207,0.8315056211182962,0.3727835483391724,0.0,0.17340710321270866,0.1880255399518871,0.34453781485064605,0.32369828798159317,0.5432098767318244,0.20765129479809863,0.7936507937499999,0.19621244038478888,44.15366124567561,48.64499353733715,31.247566647828798
nevada_wolf_pack,0.5864190736363636,0.7007507424498887,0.787038995357046,0.615294762102614,0.2938527023809524,0.5055701184166667,0.41049091146341476,0.42936575928571424,0.6571943199999998,0.6592915870348613,0.40301235833333343,0.4796281176875001,0.13507561199999998,0.10751662031921978,0.6614281719230769,0.5744901794736843,0.04808176950000001,0.4775441848,0.7426008441449895,0.22961231449438213,0.8397364639118478,0.4476512656500752,0.07161458329999996,0.070642544721376,0.3656776563727211,0.3975835173939426,0.2512536297820036,0.6885905212085757,0.17062717859200097,0.8474413678571429,0.3720733425982875,55.394371170271754,42.504532891854225,29.875909857428773
texas_am_corpus_christi_islanders,0.4945141065909091,0.598417940311804,0.7374033305621168,0.44556503386357504,0.16420361238095238,0.2701149425,0.5113540790243905,0.5270935960714286,0.6447368439999998,0.694974003766719,0.36015325666666675,0.640086206875,0.22241379300000003,0.07758620681734912,0.6724137930769231,0.6660617057894738,0.0,0.5379310344,0.663010072835821,0.15110422314606747,0.8476208823602613,0.47064569712381443,0.0,0.14408352667895705,0.0659199299216647,0.42016806782359994,0.1464776042021678,0.5689655175153256,0.12925026782930377,0.8312807883928571,0.07533798542261747,51.85841980385858,46.2422874207225,20.34123666242153
southern_jaguars,0.6308777429545455,0.60456186155902,0.6344175708121446,0.45508177930273236,0.2438423645238095,0.3333333333333333,0.39529015975609766,0.3522167487857143,0.5302127660708739,0.4315424611174785,0.2298850574444445,0.7521551725,0.16120689650000003,0.15517241382219826,0.4084880638461539,0.6588021778947369,0.0862068965,0.68,0.6112491728784649,0.2150329329213483,0.782872064965328,0.3502979388484504,0.25,0.12250580048954991,0.2080884544401176,0.49019607821716915,0.15299233653300154,0.42145593853810126,0.2159753116498785,0.6157635464285713,0.2160730663881091,26.3385952341974,5.515117410435542,18.874112655101108
pittsburgh_panthers,0.5932601881818182,0.5996467246325167,0.658146288519345,0.5403268909220406,0.2126436780952381,0.36494252875,0.4516400336585367,0.4162561575,0.5553072639999999,0.5424610053987787,0.5708812260000001,0.42456896550000006,0.23879310350000002,0.15517241382219826,0.7480106099999999,0.7676951000000002,0.06896551750000002,0.5351724136,0.6371296227889127,0.23401782258426976,0.7842847663558127,0.2836768584669597,0.0,0.06496519718353581,0.18172879459931268,0.29511804718282264,0.31075181952376624,0.6954022993212005,0.18225418534702664,0.7971938776785714,0.18997918326957827,32.003315562849465,48.889322401393706,29.344753286284664
tcu_horned_frogs,0.5243506493181819,0.5536111996436526,0.6571142007987408,0.5366954340351693,0.3171768707142857,0.44642857141666664,0.4198606270731708,0.4247448978571428,0.6290456439999998,0.6138895765401504,0.27777777777777785,0.42187500000000006,0.1973214285,0.08705357138044084,0.6442307692307693,0.4285714285789475,0.0357142855,0.5771428572000001,0.6184587267547976,0.33065810595505624,0.7162144187311054,0.1569202752055785,0.5,0.16193176922751532,0.2566593234806119,0.29511804718282264,0.29701525129507794,0.6984126986552027,0.18000399252695132,0.7971938776785714,0.26415420959566216,22.683781715937258,13.178066381003775,39.457828907249954
texas_southern_tigers,0.5890909090909091,0.6457015590200446,0.7216298705752181,0.5666175571296569,0.3028571428571428,0.4833333333333333,0.5121951219512196,0.5214285714285714,0.6342857142857138,0.5387868285349298,0.48444444444444457,0.5875000000000001,0.32,0.14250000000890622,0.6138461538461539,0.5705263157894738,0.12000000000000001,0.5631999999999999,0.7319744136460555,0.36359550561797754,0.7529981378259776,0.2605099150215442,0.0,0.2747486465940594,0.18893923053876394,0.49019607821716915,0.41119742279996885,0.41555555564790114,0.24413297532273892,0.6071428571428571,0.19711691849734628,32.62874639611297,40.69567486651529,41.61529076210686
little_rock_trojans,0.5420875420454546,0.6321867524276169,0.7387654635099032,0.5555105901358275,0.18694885357142854,0.33641975308333333,0.3441734417073172,0.3346560846428571,0.5968503879999998,0.6217343861431683,0.36625514400000003,0.48148148150000003,0.16666666675,0.1041666667565104,0.5982905984615384,0.5789473684210528,0.055555555500000006,0.5466666668000001,0.6262023217398721,0.15189346651685398,0.8287238200567574,0.3774000629285383,1.0,0.16566125286836436,0.16453511324321038,0.4173669465339076,0.13715562416039484,0.5884773664085505,0.1177887835900149,0.8571428571428571,0.17295886076189232,44.28908145228294,26.054534359510775,28.883892705253167
charleston_cougars,0.781818181818182,0.7685226430289531,0.722478050118907,0.5384538139230812,0.45634920642857146,0.6055555555833333,0.39837398365853666,0.44404761892857136,0.7134693879999999,0.6718082036579152,0.4555555555555556,0.7083333331250001,0.10666666674999999,0.050000000065624994,0.594871795,0.7017543857894738,0.033333333500000006,0.444,0.8164889836076761,0.25131086146067416,0.8635216221621204,0.5297450425079249,0.0,0.11357708606538683,0.03323851961120468,0.49019607821716915,0.1717193954207638,0.5703703702934156,0.14448651457384035,0.8333333330357142,0.042986092191060005,56.07389193342472,66.54559791379862,22.66031534134286
drexel_dragons,0.5564516129545454,0.6931532436525613,0.8130477290829874,0.5611498187993612,0.2519201228571428,0.42204301075,0.30448465780487816,0.34331797235714284,0.7240310076034047,0.7895678427638615,0.32616487455555565,0.46169354837500004,0.05241935475000001,0.1330645160708165,0.5794044665384616,0.5704584042105264,0.048387097000000004,0.4,0.6902262878976547,0.13265675966292143,0.8724494904367612,0.4825002285405808,0.25,0.09181747863235948,0.07219413833200856,0.3139965652579817,0.21449787309567409,0.7491039430553563,0.16502579027470868,0.8064516125,0.08154893282897886,62.9535398715753,40.081963948897936,31.813801454051237
elon_phoenix,0.47492162999999993,0.581214960534521,0.7301170526071502,0.5830923440093932,0.31937602619047617,0.49137931033333326,0.3885618165853659,0.4224137932142857,0.6909090879999998,0.5823223573134813,0.38314176244444453,0.45258620687500006,0.19827586200000002,0.2327586206395474,0.5358090184615385,0.5589836663157896,0.0,0.5310344828,0.6460701419530919,0.20534676483146072,0.8061816392056542,0.3535215396417428,0.0,0.1368909512153574,0.14100100793049133,0.49019607821716915,0.08405077696935447,0.6111111112469135,0.0632537956937299,0.8928571428571428,0.14966204293351268,41.06395853420889,25.80338872996836,17.971187804058253
james_madison_dukes,0.5289968652272727,0.577528607572383,0.6900968939053277,0.5439273076978182,0.2980295566666667,0.43390804599999994,0.4634146341463416,0.49753694571428564,0.6798548092631582,0.4107452340490285,0.28352490422222226,0.3706896551875001,0.16810344824999998,0.09051724144315731,0.6936339523076923,0.6279491831578948,0.155172414,0.49793103439999997,0.6625395191812368,0.23130569550561791,0.7986472313345327,0.32880726782801156,0.0,0.09373549883654278,0.17884576443975198,0.49019607821716915,0.08838264405737753,0.632183908418263,0.0515815508867105,0.8928571428571428,0.18712522185789413,32.69574071669733,18.340195470863975,15.601865976475558
utsa_roadrunners,0.5407523511363636,0.4792258658351893,0.5536434526108752,0.43231551342649144,0.1954022988095238,0.275862069,0.4322960470731709,0.41379310357142857,0.5844357979446171,0.43847487010678854,0.34099616855555565,0.5,0.27844827575000003,0.206896551762931,0.6604774534615385,0.7695099821052633,0.10344827600000002,0.6937931036000001,0.5293728402558636,0.24719101123595508,0.7223613519466903,0.1450620299021264,0.0,0.12250580048954991,0.09051827794449487,0.49019607821716915,0.3512872131526482,0.5900383140755641,0.24005033841563855,0.8620689651785713,0.0996883155138678,9.892545106712603,7.237230645626465,38.83007463486124
william_mary_tribe,0.4166666665909091,0.5318815476169264,0.7079793084903916,0.6022341286654255,0.3077601411904762,0.49999999999999994,0.2764227641463416,0.30423280425,0.7019607846299882,0.6459336286438683,0.19753086422222227,0.46990740743750004,0.262037037,0.19444444444965275,0.5455840457692307,0.40545808968421065,0.0,0.4666666668,0.5645423675223882,0.22305451516853936,0.7546267559017574,0.28506977232535613,0.25,0.16566125286836436,0.046748656515532214,0.49019607821716915,0.07339647672969657,0.5884773664085505,0.04812252944013344,0.8597883598214285,0.056360010345768194,35.519622703722334,20.723436287005846,18.898652545816482
delaware_blue_hens,0.7371212120454544,0.7281365997327394,0.7085939701743115,0.56602600057443,0.23888888880952386,0.40277777774999995,0.47967479682926845,0.5023809524999999,0.6583050879999999,0.5511842868217368,0.4037037036666667,0.48750000000000004,0.12333333325,0.043749999940234374,0.7,0.8526315789473685,0.033333333500000006,0.4853333332,0.7746410803582091,0.21498127337078654,0.8646596317710943,0.4861189801837428,0.0,0.12052164170624793,0.08848857134400621,0.5529798131174984,0.23928647657921798,0.5092592591687243,0.15680833859326798,0.74404761875,0.09767907384997976,50.95125513262933,45.06969497465029,25.12211464889763
unc_wilmington_seahawks,0.44191919181818173,0.497566608819599,0.6452527106383037,0.5787869334562294,0.21252204595238094,0.37962962966666663,0.3143631436585367,0.33597883596428574,0.6758620688520807,0.45792412867409166,0.23045267488888893,0.43981481481250007,0.21111111100000005,0.22916666663932292,0.43874643884615394,0.5282651073684211,0.018518518500000004,0.5318518520000001,0.5306799336801706,0.27299209325842694,0.7073361381287193,0.09579267652962586,0.0,0.18889880410278936,0.08140948563408916,0.49019607821716915,0.10555357910017195,0.5884773664085505,0.08562367388393241,0.8597883598214285,0.0906713644858897,13.55242015842083,5.0750705082156,22.747466836130677
hofstra_pride,0.42938311681818175,0.48870505870824044,0.6440343163677866,0.43607421153551434,0.18452380952380953,0.25892857141666664,0.33972125439024403,0.30994897960714285,0.5476923076525443,0.4900346621469743,0.1666666666666667,0.5513392856875001,0.2223214285,0.21428571432589286,0.5233516484615385,0.5206766915789475,0.053571428500000004,0.5314285716000001,0.49418215041364616,0.2010433386516854,0.7327968431450278,0.18585592877013757,0.0,0.16193176922751532,0.05806398829862911,0.49019607821716915,0.12617912581009788,0.5238095238386243,0.11621152957519329,0.7653061223214286,0.06756125295582882,17.53002409096854,12.34460108573913,19.328672492437256
buffalo_bulls,0.7004132231818183,0.7969224538084632,0.8121311244513773,0.6037235232201537,0.27344877333333334,0.47222222225,0.4560236512195123,0.4880952382142857,0.6771474879161835,0.6975473979266997,0.4410774411111112,0.5946969696875,0.12424242424999998,0.08522727281782669,0.7272727273076923,0.688995215263158,0.18181818200000002,0.4,0.8332364153176973,0.24957439561797762,0.872956755675759,0.5212464590232648,0.0,0.03349767978202689,0.11602572317698659,0.21432815429173446,0.1430567704420873,0.6666666668703704,0.1550066401543177,0.7575757571428571,0.12493857665413605,64.70376888389036,63.987108049065135,13.003688553034586
northeastern_huskies,0.5032467531818181,0.6159720014253898,0.7529282692161268,0.5239582123755788,0.27295918357142857,0.40178571425,0.33797909414634153,0.3558673469285714,0.6628865977354875,0.5259346371804371,0.26587301588888895,0.49776785712500005,0.22678571424999996,0.13392857138337053,0.5865384615384616,0.5432330826315791,0.0,0.5700000000000001,0.6325921413731345,0.18900481539325847,0.8093686264621157,0.348340752786072,0.0,0.16193176922751532,0.053718016529721274,0.49019607821716915,0.10562562964278822,0.5892857142420634,0.10538436845643523,0.8609693875,0.06325910034615186,39.72462844056997,17.243619653115182,22.04494032644292
depaul_blue_demons,0.9190340909090908,1.0,0.8632636468346025,0.6548193937473226,0.4538690476190476,0.7213541666666666,0.3673780487804879,0.4107142857142857,0.7161825726141074,0.8842612653485465,0.39583333333333337,0.62109375,0.12109375,0.05273437500329589,0.6213942307692307,0.7500000000000001,0.0,0.44375000000000003,1.0000000000000002,0.38518258426966295,0.8739913097726254,0.5823300283451086,0.25,0.012993039436707127,0.16433414732815455,0.31950280083452487,0.4422300939009245,0.6875000001527777,0.3132722635292662,0.8091517857142857,0.17275992112724053,78.91788177690135,57.43748942505048,41.76701727818996
toledo_rockets,0.5696969697727272,0.7198218262806235,0.8277106150476581,0.5959052628911637,0.365873015952381,0.5611111110833333,0.43577235780487816,0.4726190475,0.6888059679999998,0.6684575391338213,0.3555555555555556,0.38958333331250006,0.09333333325000003,0.08750000006796874,0.7884615384615384,0.568421052631579,0.033333333500000006,0.4746666668000001,0.7828287136204692,0.18089887640449442,0.8894682392392758,0.5338999054825468,0.0,0.10663253062591785,0.21893069410915061,0.24743230654654014,0.15890844160963596,0.6111111112469135,0.11909633397917165,0.7738095241071428,0.22680598693319481,65.19118567235087,39.85510965864865,14.35572470191736
western_michigan_broncos,0.5068181818181817,0.6141054193318486,0.7419281561470016,0.597446575445863,0.38888888880952377,0.59722222225,0.40650406512195136,0.40714285714285714,0.6207999998358399,0.5712882729610999,0.32592592588888897,0.5583333333125,0.15166666675,0.150000000009375,0.6141025642307691,0.39824561405263165,0.033333333500000006,0.4906666668,0.682757640324094,0.21423220977528087,0.8191392509627293,0.38640226629989816,0.0,0.09274341934419582,0.10441190541916684,0.49019607821716915,0.16938099210987934,0.5092592591687243,0.1543077739047472,0.74404761875,0.11344185761592813,42.73768093777821,38.269510288824016,17.576640263807498
bowling_green_falcons,0.5401515152272727,0.7257609503786191,0.855894873163564,0.7111534667160259,0.35079365071428575,0.6555555555833332,0.41544715439024404,0.4321428571428571,0.6524461841198522,0.7103408434232944,0.1925925925555556,0.5708333333125,0.16083333325,0.10625000006914062,0.6294871796153847,0.4315789473684211,0.08333333350000001,0.5146666668000001,0.7873773987206825,0.2816479401123596,0.8305193461648205,0.40094428717849706,0.0,0.07885430826386572,0.14132362243054153,0.11349367245664993,0.11856000022134962,0.6518518522004114,0.13002044849254443,0.7081280785714286,0.14998140460614023,58.88523159093687,23.556131612299154,9.268209821402401
ball_state_cardinals,0.5850439881818182,0.7264889717594654,0.820055335843859,0.6003995264442225,0.5038402457142857,0.7258064515833333,0.36034618414634156,0.3721198157142857,0.6462882039999999,0.7425504558736673,0.3548387096666667,0.48185483868750006,0.1177419355,0.14516129025907257,0.6501240696153846,0.4261460102105264,0.0,0.5006451611999999,0.7765045739530918,0.27002537146067424,0.8321419275553116,0.3749428857330013,0.0,0.08510440832050145,0.1117268403607387,0.3727297368512869,0.11773749578296196,0.6308243731957387,0.11072715240746786,0.8352534562499999,0.1206830382130145,54.16380584028515,36.75232821910787,15.936931175177044
northern_illinois_huskies,0.6105015675000001,0.6721449967037861,0.739776623282377,0.6047538478862479,0.407224959047619,0.6120689655,0.32548359975609764,0.34236453203571426,0.6620155036712619,0.5441941077214961,0.17241379311111116,0.39655172412500006,0.152586207,0.1293103447580819,0.7838196284615384,0.5952813068421053,0.12068965500000002,0.36275862080000004,0.7048893463198296,0.28361100348314605,0.7880519702913734,0.3588942073189489,0.0,0.12250580048954991,0.06911951601582658,0.5529798131174984,0.19881386359880285,0.5900383140755641,0.10003637644337143,0.8620689651785713,0.07850531102821934,43.681835200249836,36.13507699619631,25.182796708536692
georgia_southern_eagles,0.753496503409091,0.7990406029398663,0.7695198498313963,0.5678679581289623,0.3305860804761905,0.5064102564166666,0.5253283302439026,0.5412087910714285,0.6442857159999998,0.6205172646871093,0.4401709402222223,0.65865384625,0.25384615374999997,0.1442307691965144,0.7899408284615385,0.8319838057894738,0.0,0.5984615384,0.860751189151386,0.27484874674157306,0.8713651339935247,0.5261494877769448,0.0,0.16968909509575741,0.04972873358083846,0.41433239877352895,0.23609163740320055,0.6581196583129154,0.15186617593297097,0.8556547616071428,0.05931004016769859,59.72810217901109,53.41507441698201,33.452059520455045
georgia_lady_bulldogs,0.627435065,0.7585109769265034,0.8199316884125474,0.592177229004346,0.11139455785714286,0.27976190474999996,0.3745644600000001,0.40433673464285713,0.6846511599999998,0.7700544690163025,0.6904761904444445,0.5357142856875001,0.1776785715,0.10714285706919642,0.6923076923076923,0.6597744363157896,0.0714285715,0.4385714284,0.7402985074626867,0.16974317820224727,0.8749667464827736,0.5341966814315637,0.0,0.09480106550476021,0.3755049395394091,0.49019607821716915,0.18950372098017293,0.7638888890586419,0.09274658404785169,0.8928571428571428,0.381801540149885,67.25367246747432,77.6512731078763,31.59568927639726
louisiana_ragin_cajuns,0.46545454545454534,0.6856124721603563,0.8699615672550065,0.5101085881610509,0.14380952380952378,0.29333333333333333,0.4575609756097563,0.46,0.6279999999999998,0.41615251308481505,0.2800000000000001,0.45000000000000007,0.137,0.13500000000843748,0.7030769230769232,0.39789473684210536,0.04000000000000001,0.48000000000000004,0.7079573560767591,0.15595505617977534,0.8671632526650267,0.49110481587793503,0.0,0.2411832946319858,0.0538268605409943,0.49019607821716915,0.10244000973457836,0.6600000001466666,0.0747550744102795,0.8928571428571428,0.06336684691516918,53.74885879120272,32.16154026415464,30.55391254639496
texas_state_bobcats,0.5462662338636364,0.6885141583964365,0.8021749012807066,0.5992222311115433,0.2984693878571429,0.4880952380833333,0.4198606270731708,0.42346938785714283,0.6265560159999999,0.7826194603534044,0.25793650788888894,0.5089285714375,0.19910714274999997,0.1004464286312779,0.6552197803846155,0.5451127821052633,0.0714285715,0.5157142856000001,0.7281145294328359,0.23836276078651686,0.8271703467978637,0.44405099151399585,0.5,0.11717796674567864,0.11102634236682349,0.49019607821716915,0.3814916968325493,0.5019841268337741,0.2352020305115412,0.7334183669642856,0.1199896031350059,58.864088381311475,26.021794559502958,37.10781651236487
georgia_state_panthers,0.5751748252272727,0.6236080178173719,0.7001265571800471,0.5473424169181431,0.3333333333333333,0.4743589743333333,0.46060037512195134,0.42857142857142855,0.5625254584348334,0.5354619383262659,0.3162393162222223,0.5769230769375,0.1740384615,0.09375000000585937,0.5931952661538461,0.49190283421052644,0.13461538450000002,0.6476923076000001,0.6781039855351815,0.2631806395505618,0.7870648904465258,0.2696665940416336,0.0,0.16968909509575741,0.07735414351483064,0.4110339783239638,0.06295266294819271,0.634615384474359,0.06948281890880602,0.8540372669642856,0.08665691119230895,30.742587716356454,12.245854377084106,18.709308724753335
south_alabama_jaguars,0.5847902097727272,0.5715264691314031,0.636586313237294,0.5434647055869641,0.43406593404761906,0.5801282051666666,0.39493433390243915,0.34890109889285714,0.5239904988984303,0.5161311826550014,0.2264957264444445,0.5576923076875,0.1740384615,0.16586538469786657,0.550295858076923,0.5000000000000001,0.09615384600000002,0.5307692308,0.6250943087078893,0.2834917891011237,0.748197488465183,0.2409021573467678,0.0,0.16968909509575741,0.05152045158360517,0.5693581781103745,0.11127248068792416,0.5641025641809116,0.131618923384735,0.8241758241071429,0.061083692803124055,22.99145980805774,17.90579318003956,25.580461546775574
byu_cougars,0.6851851852272727,0.8776705436080178,0.9167415337550108,0.621947122765585,0.38447971785714286,0.6111111110833333,0.3441734417073172,0.3783068782142857,0.7007874039999998,0.9865845050058755,0.5267489712222223,0.61574074075,0.08703703699999998,0.1041666667565104,0.6880341880769231,0.6510721247368422,0.03703703700000001,0.4725925924,0.8758745953432836,0.16229712853932582,0.9473297009915371,0.8205854578986003,0.0,0.1811529537584451,0.17835939250105043,0.35014005560930245,0.25091861008150973,0.6790123457620026,0.16740210903143193,0.8241758241071429,0.18664375386486015,100.00000000000001,66.72071889279815,35.15544880875046
app_state_mountaineers,0.5854545454545454,0.671358574610245,0.7521932055698816,0.5388084055895509,0.5142857142857143,0.6499999999999999,0.44390243902439036,0.4157142857142857,0.5674725274725277,0.5890467938833374,0.2933333333333334,0.585,0.266,0.17250000001078125,0.6861538461538461,0.5263157894736843,0.06000000000000001,0.5552,0.7385245202558637,0.2710112359550563,0.8125387958042376,0.4026062323060229,0.16666666670000005,0.22440061875164513,0.06660889039404172,0.4074357021319757,0.16664225191795598,0.6111111112469135,0.09813233337122938,0.8522727276785713,0.07601999930853506,44.91794660015573,32.14239106595203,28.77873603877739
pacific_tigers,0.6246081504545454,0.6721449967037861,0.7246154733785715,0.6076950178846139,0.31855500809523807,0.5114942528333333,0.437342304390244,0.4421182264285714,0.6284615439999999,0.6655112652857216,0.19540229888888894,0.48491379312500005,0.19482758625000002,0.03232758618952049,0.6100795757692308,0.47731397473684223,0.017241379500000004,0.6068965516,0.7265348136119404,0.3703990701123595,0.7461418266960317,0.24606818404096514,0.0,0.06496519718353581,0.07897127044067032,0.49019607821716915,0.23729144602226837,0.5478927203439761,0.18230842209406084,0.8004926107142857,0.0882577331014509,36.265268350344556,5.923412916064782,22.915818660350077
san_diego_toreros,0.5634796238636363,0.6438829583964365,0.7358425536050525,0.5986466658896408,0.25369458119047616,0.4396551724166667,0.47182506317073186,0.4704433496428571,0.6171123039999998,0.6672443676084391,0.25670498088888893,0.8189655175000001,0.225862069,0.1293103447580819,0.4907161803846154,0.6515426494736843,0.03448275850000001,0.7048275864000001,0.7039482391471216,0.24292909730337076,0.81230334554973,0.32128553295527723,0.0,0.08654292337294314,0.05622941742845409,0.49019607821716915,0.2693374963475863,0.5900383140755641,0.16943414042898852,0.8620689651785713,0.0657451795258939,42.283501931861366,16.889419340196476,27.952671936558268
loyola_marymount_lions,0.43260188090909096,0.5590968434743876,0.7388892642499981,0.5098361688278688,0.2545155992857143,0.3994252873333333,0.3767872160975611,0.3866995075,0.6410714319999998,0.559792027620754,0.25287356322222226,0.47198275862500005,0.23362068975000003,0.20043103445002694,0.5689655173076923,0.46279491831578956,0.03448275850000001,0.456551724,0.6004264392324095,0.26036419988764037,0.7499090306315924,0.20631044251292666,0.0,0.09373549883654278,0.07794829203454318,0.49019607821716915,0.4081665110159589,0.4846743294410387,0.23046179241666168,0.7081280785714286,0.08852447138342527,29.534367807570945,26.958098230149226,31.678242073447784
pepperdine_waves,0.5256916995454546,0.6181853395100223,0.7372560891689199,0.46331618263149105,0.22153209119047618,0.32608695649999997,0.3191940614634147,0.3090062111785714,0.5933554818290174,0.5637856980375291,0.42512077300000006,0.48097826087500006,0.18369565225000004,0.05706521737856657,0.5769230769230769,0.5537757436842107,0.08695652200000001,0.511304348,0.6039862798464819,0.26135808505617975,0.7510862818358499,0.23845301146001288,0.0,0.25720312176429583,0.04669879008728208,0.49019607821716915,0.1927412594325276,0.6642512080365002,0.1347805562497138,0.8928571428571428,0.056310646706094696,31.831583505619975,33.235497320408555,39.931457377995336
santa_clara_broncos,0.5469696970454544,0.666369710467706,0.7739452793557048,0.649521645972488,0.3722222221428571,0.60277777775,0.43333333341463426,0.49761904749999997,0.7410881799999999,0.6835355287383436,0.27777777777777785,0.4312500000000001,0.15333333324999998,0.11250000000703123,0.621794871923077,0.5508771931578949,0.033333333500000006,0.5346666668000001,0.7582658138336889,0.2767790261797753,0.8189116491501834,0.39575070822650854,0.0,0.0580206415426748,0.055714937335644914,0.49019607821716915,0.19996233154060553,0.6314814814181069,0.17819336928833535,0.8928571428571428,0.06523588678502962,52.29050345816641,18.43648333135122,25.9780557339896
kansas_state_wildcats,0.5520527859090909,0.6563689920712694,0.7616520508742153,0.5305819412607878,0.31566820285714287,0.45967741933333334,0.4051927617073172,0.4481566821428571,0.7064077669944987,0.8074020240327353,0.5913978494444445,0.47177419356250005,0.11532258075,0.06048387094128023,0.6799007442307693,0.46859083189473694,0.048387097000000004,0.46451612920000007,0.7082742967675907,0.18412468280898878,0.8502032399022409,0.5086356576631341,0.5,0.07839133800864362,0.42495898980984464,0.49019607821716915,0.3126450058772817,0.689964157819992,0.13142572047071444,0.8928571428571428,0.4307569597299614,59.92786936206669,60.757950421215035,36.955644689729276
baylor_bears,0.592975206590909,0.7872038873942093,0.8841893602945727,0.6533827823036762,0.31240981238095233,0.5580808080833333,0.47154471536585374,0.5043290042857143,0.6764890239999999,0.8346200308321567,0.43771043766666673,0.41856060606250006,0.09015151525000001,0.045454545377840896,0.7365967365384616,0.5358851673684212,0.1666666665,0.427878788,0.8460554371002134,0.18522301662921348,0.9184771364158434,0.711048158717027,0.0,0.03979118326232868,0.45082766731911783,0.3798489082828496,0.35306599914959813,0.6851851852078189,0.2468424258487231,0.838744588392857,0.4563648109478674,85.63172966511088,46.91568935356555,35.69836677491083
saint_marys_gaels,0.5438871472727272,0.6586283695322939,0.7745178902593174,0.6249768344305684,0.36371100166666664,0.5804597700833333,0.444911690487805,0.4679802957142857,0.6620037759999999,0.6516464472065816,0.24521072800000004,0.36206896550000006,0.23275862074999995,0.16810344826050647,0.7108753315384615,0.5862068963157896,0.05172413800000002,0.5696551724,0.7373575472579958,0.32274312280898876,0.7805175624885324,0.29657126111038445,0.0,0.057772621719936,0.06689968139246157,0.49019607821716915,0.34256069838673053,0.6111111112469135,0.21629970420286818,0.8928571428571428,0.07630785834656947,44.86265795151452,9.957431068118458,33.4924674920638
portland_pilots,0.5822884013636362,0.7323554259242762,0.8352988385487691,0.5051068953860517,0.32183908047619053,0.43103448274999995,0.4423885617073172,0.4581280789285714,0.6486691959999998,0.8630849220339172,0.5593869732222223,0.7090517243750001,0.18706896549999996,0.135775862070986,0.6087533157692308,0.6098003631578949,0.03448275850000001,0.5972413792000001,0.7655907654413647,0.19759783033707867,0.8706950063460799,0.5168506399579845,0.0,0.09373549883654278,0.08355843393688404,0.4227616970963984,0.26631565283128766,0.6954022993212005,0.3067110404562461,0.8597883598214285,0.09279864557295786,67.41426381423646,55.45802147857535,41.73008579854311
texas_tech_lady_raiders,0.4930069929545454,0.6770601336302895,0.8385912460071572,0.6894709225058495,0.16849816857142857,0.39743589741666663,0.4371482175609757,0.4656593407142857,0.672961372,0.5934542063452591,0.3632478632222223,0.39182692306250005,0.17980769224999998,0.1730769230733173,0.6420118342307692,0.5202429147368421,0.03846153850000001,0.5353846152,0.7206166967675907,0.2739844424719101,0.8017714750279878,0.2948354761613268,0.0,0.21802320182447518,0.45904648670078924,0.49019607821716915,0.2978164878064472,0.7051282053789173,0.15595801560515243,0.8928571428571428,0.4645007623832369,48.097711495154115,23.437898157717427,45.820497778382396
oklahoma_sooners,0.7066761363636364,0.8240534521158129,0.8371310707933033,0.6568821435239544,0.49851190476190477,0.7864583333333333,0.4992378048780489,0.5580357142857142,0.7160305343511447,0.9093912480227504,0.33333333333333337,0.609375,0.2453125,0.04101562500256348,0.7740384615384615,0.5690789473684211,0.03125000000000001,0.60875,0.9321961620469084,0.35990168539325845,0.8554275295113416,0.4800814447728069,0.25,0.058468677364486146,0.28349150514876054,0.4332983190896211,0.23340399419067648,0.7065972223792438,0.18552044940263276,0.8649553571428571,0.29071585024248164,69.87551754747305,36.72300641618351,32.743054583928945
west_virginia_mountaineers,0.6217532468181819,0.6796054724276168,0.7384184529768675,0.6131547095482475,0.22278911571428572,0.3928571428333333,0.4102787456097562,0.4298469389285714,0.6585987279999999,0.696459519971534,0.5396825396666668,0.5803571428750001,0.20089285725000003,0.1004464286312779,0.618131868076923,0.6109022557894738,0.08928571450000002,0.6442857144,0.7081328053219618,0.24438202247191013,0.8135142325143858,0.41288951842529437,0.3333333333000001,0.11717796674567864,0.27857677067164643,0.42517006726547757,0.5583937074775825,0.6547619046455025,0.34164326642654286,0.8609693875,0.28585066959224015,50.238788737706884,35.35104442072305,58.62363226597967
kansas_jayhawks,0.5274294670454546,0.6856616235189309,0.8226762612257563,0.6504133526386593,0.25287356333333333,0.46551724141666667,0.5105130360975612,0.5640394089285714,0.7054365759999999,0.601386481858174,0.6398467433333334,0.515086206875,0.20862068975000003,0.03879310350242457,0.7864721484615385,0.475499092631579,0.05172413800000002,0.5062068963999999,0.7759429454328359,0.23130569550561791,0.8553907404176099,0.4803164988804623,0.0,0.1296983757517576,0.26993623041960507,0.3018448753369095,0.2471968425048998,0.7375478930527883,0.137260418813566,0.8004926107142857,0.2772972493744001,58.666410680494906,68.99583689749663,31.46082221325046
iowa_state_cyclones,0.5852272727272727,0.732739420935412,0.8195996891479929,0.7310575200383014,0.49330357142857145,0.8671875,0.3940548780487806,0.47656249999999994,0.7911039999999999,0.6675151647835387,0.41319444444444453,0.33593750000000006,0.09453125000000001,0.08789062500549316,0.7800480769230769,0.49671052631578955,0.015625000000000003,0.35,0.8443496801705759,0.22191011235955058,0.8953289882338711,0.6534171388287089,0.0,0.058468677364486146,0.7529467558540487,0.6039915964722653,0.28513797631448823,0.7065972223792438,0.22660010703298078,0.9207589285714285,0.7554377212858042,73.85698112591886,57.54864312845753,41.80287583781715
drake_bulldogs,0.5583333334090907,0.7542687454788419,0.8695767310277898,0.6155717544357935,0.4325396826190476,0.6555555555833332,0.4121951219512196,0.4452380953571428,0.6852071008284026,0.8996533797364963,0.47407407411111113,0.45208333331250006,0.21666666675000004,0.10625000006914062,0.8,0.528070175263158,0.0,0.4413333332,0.8142146411257997,0.2685393258426967,0.8519139251474833,0.5266288951990546,0.0,0.09968797498505674,0.17132019475954863,0.3646286102372388,0.1498325305512146,0.6722222223716049,0.16901033729374146,0.8312807883928571,0.17967553029049377,74.08811105039332,61.55139738061391,24.640431104048325
san_francisco_dons,0.5381231670454546,0.663266039376392,0.7880801230989495,0.6189271143228183,0.4224270352380952,0.6505376344166667,0.37057435097560987,0.39861751142857144,0.6815286639999999,0.6485156820932789,0.21863799277777785,0.43951612906250004,0.11451612899999998,0.07258064512953627,0.6712158807692308,0.3327674023684212,0.09677419350000001,0.5058064516,0.725882110226013,0.2718376223595506,0.805710738696639,0.37393767706441755,0.0,0.051539056358428016,0.058091920676642095,0.3727297368512869,0.2683274248866824,0.5322580646738351,0.18985416046589165,0.777649769642857,0.06758890369986327,48.543876644904245,18.350650004765583,18.751883416214532
ul_monroe_warhawks,0.5463286713636364,0.5550796643207127,0.6441187427351449,0.4699176528500458,0.13003663000000001,0.2532051281666666,0.45872420268292696,0.4436813185714285,0.5926380399999999,0.4658712173065937,0.32051282055555563,0.5384615384375,0.22307692299999998,0.18028846163626802,0.5384615384615384,0.6477732794736843,0.09615384600000002,0.6046153848000001,0.5951779564349682,0.2917026793258427,0.7282385523255195,0.17977772935070194,0.0,0.13746635727661244,0.07942091845255768,0.4110339783239638,0.12029615737351672,0.7286324786063627,0.07357401631086233,0.8540372669642856,0.08870284744425838,18.616690494550255,13.633831632168524,25.38802712579679
ut_arlington_mavericks,0.5723905724999999,0.7034562401781737,0.8028497483550654,0.5139786816033453,0.19841269833333336,0.3302469135833333,0.5094850948780489,0.5185185185714285,0.6340425519999999,0.7315617180724219,0.3950617284444445,0.49537037037500004,0.12777777775,0.07638888881727429,0.6951566950000001,0.512670565263158,0.03703703700000001,0.49629629640000006,0.7500276395394457,0.24760715775280903,0.8325171850786007,0.41548630774548123,0.0,0.1579154025240201,0.10081995901791077,0.3553273159756276,0.26926344729496543,0.6337448560852765,0.22145662971295835,0.8267195767857143,0.10988612775717965,54.7768963447045,43.039646091156825,34.86131867715597
nc_state_wolfpack,0.6292613636363636,0.8240534521158129,0.8943126016914698,0.6948103297251054,0.3348214285714286,0.6171875,0.34603658536585374,0.38281249999999994,0.7066079295154178,0.665944540866401,0.3368055555555556,0.45507812500000006,0.08203125,0.04101562500256348,0.8137019230769231,0.5789473684210528,0.046875000000000014,0.36750000000000005,0.8375266524520257,0.14641853932584273,0.9377909683717501,0.7206090651762214,0.0,0.01948955905436467,0.5004328279927148,0.25526339548540466,0.17809758868321346,0.7447916668321759,0.0912788818977168,0.777649769642857,0.5054698173292114,83.77091336369246,59.02111077592203,16.075895386700545
evansville_purple_aces,0.5674242425,0.598663697104677,0.6782645947765888,0.5147020183807212,0.334920635,0.46944444441666666,0.5065040651219513,0.5297619046428571,0.6571428519999998,0.5126516465537577,0.3592592592222223,0.5020833333125001,0.17750000000000005,0.043749999940234374,0.5884615384615385,0.48596491210526327,0.033333333500000006,0.6133333331999999,0.6968585643667379,0.35468164797752816,0.740844196174452,0.22228517468901662,0.16666666670000005,0.09968797498505674,0.07356534248262338,0.4227616970963984,0.08832916418278491,0.5703703702934156,0.0667854885045253,0.8333333330357142,0.08290631153014098,25.399405926378094,18.40776095622826,11.759764290157186
valparaiso_beacons,0.3431818181818182,0.5285820340311803,0.765055947597873,0.6183310622120383,0.4365079364285714,0.6694444444166666,0.33739837390243915,0.37023809535714286,0.6992771079999998,0.5461582902868961,0.31111111111111117,0.48125000000000007,0.17250000000000001,0.3187500000199218,0.544871795,0.22105263157894744,0.016666666500000003,0.512,0.6149822317441366,0.26104868910112355,0.7567763294710358,0.19216241739071283,0.0,0.09968797498505674,0.06968220715721621,0.49019607821716915,0.11239589409843276,0.5500000001222222,0.06500198363942641,0.8035714285714285,0.07906232871979532,30.03906487870171,24.426518046833216,12.545025581728915
notre_dame_fighting_irish,0.6469696970454546,0.7958426130957683,0.8482483299619519,0.616258435435412,0.27460317452380956,0.4666666666666666,0.3682926829268294,0.3845238096428571,0.6556291393377482,0.8075101100986157,0.5925925925555556,0.5520833333125001,0.15333333324999998,0.1312500000082031,0.7397435896153847,0.5947368421052633,0.016666666500000003,0.36266666680000004,0.7919260838208957,0.20973782775280897,0.8764949306665578,0.5858356940675875,0.0,0.06496519718353581,0.5353749745223222,0.672268907425323,0.27910963421988066,0.6518518522004114,0.18563460403251775,0.9226190473214285,0.5400596524394019,73.80738544745638,86.03595130117856,38.12443592428617
boston_college_eagles,0.5696969697727272,0.750705271091314,0.8619470206108796,0.6298314715389826,0.2857142857142857,0.50277777775,0.4227642275609757,0.42738095249999997,0.6284615439999999,0.7555748122368614,0.39629629633333335,0.5187500000000002,0.24666666675,0.09375000000585937,0.594871795,0.6245614036842106,0.016666666500000003,0.5213333332000001,0.7796446339275055,0.2531835205617978,0.8439478584991914,0.46846081199627376,0.0,0.051076086103205826,0.15353853487749453,0.49019607821716915,0.3206112730698637,0.6722222223716049,0.17170560753798916,0.8928571428571428,0.1620731576719547,64.62847516477679,36.43726106850566,33.2153183094945
harvard_crimson,0.7542087543181818,0.7377711786191535,0.7074676261350481,0.6220521128766378,0.5149911816666667,0.7561728395,0.3089430895121952,0.30158730157142855,0.5999999997473678,0.7166698763015604,0.2921810700000001,0.6736111112500001,0.08518518524999998,0.06944444437934028,0.5270655269230768,0.6920077973684212,0.0,0.5259259260000001,0.7631682856119405,0.26258843112359553,0.8299882751095589,0.48242576851225005,0.0,0.2043905049928701,0.05740253622786712,0.35014005560930245,0.20492129710624887,0.49794238705509825,0.165220961683675,0.7275132276785714,0.06690647011237742,53.48670341218214,36.04139325340334,22.678557320464357
florida_state_seminoles,0.5040584415909091,0.6796054724276168,0.8315050230219642,0.6072374024404237,0.21683673476190476,0.3988095238333333,0.3963414634146343,0.4081632653571428,0.6439560440615378,0.6874845260875184,0.5039682540000001,0.3973214285625001,0.16428571425,0.07366071431710378,0.6387362638461538,0.511278195263158,0.08928571450000002,0.47714285720000005,0.7008224185586355,0.1966292134831461,0.838875587524484,0.49413193049558457,0.0,0.11717796674567864,0.24641301845559052,0.49019607821716915,0.2795451701784532,0.6984126986552027,0.15108888820410718,0.8928571428571428,0.25401121506028357,61.31128476212011,41.45445334726739,36.71296314467225
georgia_tech_yellow_jackets,0.4963343109090909,0.608089661648107,0.7416002000767967,0.5729354012372581,0.2788018433333333,0.45967741933333334,0.35011801731707326,0.3398617511428571,0.5955056179380782,0.7198524071687735,0.4838709677777778,0.37096774193750004,0.1241935485,0.1028225806939264,0.717121588076923,0.541595925263158,0.03225806450000001,0.37290322600000003,0.6281587453816632,0.08843783977528089,0.8682645521808896,0.5116512839805001,0.0,0.03139984522146229,0.2482593909727846,0.49019607821716915,0.17074671338842073,0.670250896482278,0.11249470770101822,0.8928571428571428,0.25583897114469056,56.86869217501753,58.80767451992868,21.067110410956168
north_florida_ospreys,0.5075757575000001,0.6628062360801782,0.7914423951887483,0.5752413076804216,0.38650793642857145,0.5694444444166666,0.3130081300000001,0.3404761904642857,0.6914285716289427,0.6785095322035029,0.5185185185555556,0.49583333331250007,0.20166666675,0.09375000000585937,0.7217948719230769,0.3649122806842106,0.0,0.5426666668000001,0.6900355366481878,0.20486891382022476,0.8284709291008215,0.46222851737853343,0.0,0.07190975282439693,0.06398829814980178,0.49019607821716915,0.24261971223613413,0.4685185188263374,0.11389761676831965,0.6845238098214286,0.07342582972761086,54.69915130181219,50.41870252431314,14.082405295262284
northern_iowa_panthers,0.5799772377272727,0.6782343144766148,0.7651500687969266,0.5905458882274744,0.31255323833333337,0.50472834225,0.4143538136585367,0.43244851249999994,0.6553000359999999,0.6412754395614438,0.37550444888888895,0.5029664303125001,0.155534995,0.11448103856965505,0.6496810303846154,0.5711359578947369,0.05506359300000001,0.5040163088,0.7263958974498936,0.2372257013483146,0.8270013850908442,0.4174918012582859,0.08409662359999999,0.1004835636458486,0.22317912826354933,0.4230481868724291,0.23009175000813847,0.6358445049190765,0.1634986593953058,0.85992885,0.23101158537153452,50.65738514294328,37.464516240198144,28.155236612433846
north_carolina_tar_heels,0.7095959595454546,0.7575682587082405,0.7528047465106049,0.6074510131069717,0.3059964726190476,0.49691358024999993,0.4760614273170733,0.49338624321428565,0.6493358679999998,0.6608254704147298,0.43621399177777787,0.6134259259375001,0.11944444449999998,0.08333333325520832,0.7592592592307692,0.7270955163157895,0.07407407400000002,0.47555555560000007,0.8091605465245203,0.13316687471910119,0.9316504587191697,0.8355891300803284,0.0,0.15016955197828366,0.29496651323519785,0.49019607821716915,0.22608321619756247,0.6563786009236396,0.272571343148665,0.8928571428571428,0.3020751591865286,79.09957293781993,61.19762315306898,41.67255767216995
virginia_tech_hokies,0.48508522727272724,0.6737193763919822,0.8357005647266744,0.6850437768416424,0.42038690476190477,0.7161458333333333,0.3887195121951221,0.43191964285714285,0.7105882352941179,0.6675151647835387,0.38888888888888895,0.27929687500000006,0.096875,0.0644531250040283,0.7067307692307692,0.4226973684210527,0.015625000000000003,0.41250000000000003,0.7573560767590619,0.15308988764044945,0.8936219739569714,0.6212818697059854,0.0,0.012993039436707127,0.2297279189690614,0.6115779649628478,0.21151581321202315,0.6302083334733796,0.13789557168236957,0.9207589285714285,0.23749434654028162,70.57558469647687,38.036580472099885,24.647960818139644
clemson_tigers,0.6003134795454546,0.6475693110022271,0.7115584995161133,0.4958294192800948,0.27175697857142855,0.3965517241666666,0.42052144658536594,0.43719211821428566,0.6519999999999998,0.49220104005037113,0.38697318011111115,0.5668103448125001,0.18189655174999997,0.135775862070986,0.5225464192307693,0.6715063521052633,0.10344827600000002,0.5268965516,0.6870083082643924,0.304533126741573,0.7663905477643199,0.29872032824358985,0.0,0.07215777264713563,0.164510393389318,0.49019607821716915,0.15166557146283202,0.7586206896130268,0.06874557801784537,0.8928571428571428,0.1729343901510396,33.08512960890367,30.84346966575651,26.31958755914284
davidson_wildcats,0.5030303029545454,0.6224201931403117,0.7653939622833266,0.5655683964635732,0.3341269840476191,0.5055555555833333,0.30975609756097566,0.3428571428571428,0.76,0.5344309647038678,0.28518518522222225,0.37500000000000006,0.1525,0.09999999994374997,0.5435897434615384,0.536842105263158,0.06666666650000001,0.5426666668000001,0.6495522388059702,0.1932584269662922,0.8152700186472771,0.3126534465527664,0.0,0.0580206415426748,0.05336796263715889,0.5529798131174984,0.189297178161707,0.5907407410757202,0.13135248534060487,0.8630952383928571,0.06291257594436236,40.056320594079,7.373729147731352,21.971475639394804
north_carolina_at_aggies,0.5809090909090909,0.7027171492204899,0.7976442421666994,0.5375304079235943,0.22761904761904764,0.37999999999999995,0.4146341463414635,0.42428571428571427,0.6385882352941178,0.7016291162637704,0.24444444444444452,0.5525,0.21399999999999997,0.1050000000065625,0.5615384615384615,0.5957894736842106,0.020000000000000004,0.46240000000000003,0.7216034115138593,0.26696629213483153,0.8065301055495508,0.3689518413702253,0.5,0.19922660483043797,0.14299870438483056,0.3384687211506171,0.14209849306890426,0.5133333334474074,0.11475717847061753,0.75,0.15163959720017045,50.23409785728883,32.08423719632883,20.307897485583602
miami_hurricanes,0.5786785972727273,0.6794463162583518,0.7673115017711087,0.5912571228937461,0.3121443776190476,0.5044394931666667,0.41125124268292695,0.4278529075,0.6525948159999998,0.6445611209659399,0.3798734106666667,0.5021367215000001,0.15731557875000002,0.11224054725701502,0.6525687723076923,0.5716642021052633,0.052719641,0.5002584644,0.7255056077782518,0.2339329362921349,0.828556915848186,0.42412704426130676,0.07658799649999999,0.09859823824259341,0.224524954715032,0.4265922035405849,0.22983604901166396,0.6349082723077574,0.1612305887082298,0.86166678125,0.2323438422494649,51.34308853726891,38.548550608856914,27.866487731589594
south_carolina_upstate_spartans,0.5767856825,0.6784045209799554,0.7675947644333371,0.5908022727828877,0.31123067833333334,0.5031088041666667,0.4101308885365855,0.42666545499999997,0.6525511119999999,0.6422432348996,0.3783757173333334,0.5005512857500001,0.157610718,0.11203911056950243,0.6498942696153847,0.5711025073684212,0.0528969935,0.500300268,0.7240368956588487,0.23250835202247194,0.8286877341846272,0.4255147020517144,0.0769295325,0.09889035165976387,0.2213965145733609,0.4301470535420785,0.22737755597465897,0.634329646029851,0.15946148396744805,0.863410025,0.22924694525257278,51.345210515036385,38.11951841503581,27.75011069719823
monmouth_hawks,0.5363636363636364,0.5749072010690423,0.6775020888581553,0.5651437647971423,0.36666666666666664,0.5166666666666666,0.3186991870731708,0.3119047618928571,0.6020408160913154,0.594742923121957,0.4000000000000001,0.4479166666875001,0.25250000000000006,0.14375000007148436,0.6589743588461539,0.5631578947368422,0.016666666500000003,0.47866666680000003,0.6031556503198295,0.1973782771910112,0.7895510035192287,0.255524079327352,0.0,0.07885430826386572,0.04322495072242587,0.49019607821716915,0.02444232352364306,0.5907407410757202,0.017667293363202413,0.8630952383928571,0.052871833045123655,31.150695516366213,40.68459564491672,6.698087991670818
western_illinois_leathernecks,0.573667711590909,0.6782889179510022,0.7645089912301294,0.6060321515522044,0.4852216747619048,0.7183908045833333,0.4482758619512196,0.43226601,0.5902439079999998,0.629116118016454,0.39080459766666675,0.5086206896250001,0.1353448275,0.08405172413025322,0.705570291923077,0.3629764065263159,0.05172413800000002,0.38620689640000005,0.7613557826865673,0.31383184808988757,0.7979408806392905,0.4136954186236175,0.16666666670000005,0.07935034790934332,0.1230522248732345,0.49019607821716915,0.19874061946986135,0.6111111112469135,0.1524944412202653,0.8928571428571428,0.13189423219375068,48.29635920666219,58.685490331549474,25.68374363265847
dayton_flyers,0.5611888111363637,0.6482782250334076,0.739862255332369,0.6322997884265001,0.2619047619047619,0.48397435899999997,0.4183864914634147,0.414835165,0.6125560599999998,0.6127849620165238,0.4529914530000001,0.37980769231250006,0.09230769225,0.07932692306745792,0.7899408284615385,0.6133603236842107,0.07692307700000002,0.46,0.6933245858933902,0.11365600696629216,0.8855464833235737,0.5345391151709502,0.0,0.20191183291490258,0.1444793461520206,0.49019607821716915,0.28834748681689026,0.6111111112469135,0.18979570789298827,0.8928571428571428,0.15310531009050388,57.41263932367825,47.63915803395153,40.11054041095803
arizona_wildcats,0.5253496504545454,0.6907658041870823,0.8229867842683962,0.649407681750329,0.2994505495238095,0.5352564102499999,0.3893058160975611,0.4038461539285714,0.6501204879999999,0.6727103052005636,0.44444444444444453,0.65625,0.0990384615,0.15144230775946513,0.5059171596153846,0.5060728747368423,0.05769230750000001,0.5246153848,0.7300639658848616,0.15038893685393262,0.8816072196549226,0.5585094791093064,0.0,0.1777447795505437,0.6617244077149717,0.42016806782359994,0.5123690498321992,0.7286324786063627,0.45898065567469304,0.8585164839285714,0.6651351413392217,64.26788118405695,44.12603624453283,70.9225112168458
louisville_cardinals,0.6128526645454545,0.7962522081069042,0.871729149965212,0.6923792182820115,0.2569786535714286,0.5114942528333333,0.31623212780487814,0.33374384235714283,0.6648936170941371,0.746967071437844,0.4904214558888889,0.5991379310625,0.1362068965,0.051724137940732745,0.6511936338461539,0.6333938294736843,0.20689655150000003,0.4772413792,0.7801779280511727,0.12398295235955062,0.9227295104755657,0.7328318843833665,0.0,0.06496519718353581,0.652642473546071,0.5552220891688607,0.42015762126001055,0.6532567049785014,0.2770977961376119,0.9247448982142856,0.6561447776499819,83.93643769918565,52.465787725557895,46.41421770882193
bethune_cookman_wildcats,0.52,0.5601781737193763,0.6716902230462461,0.5248527013750819,0.17238095238095238,0.30666666666666664,0.47024390243902453,0.4342857142857143,0.5559999999999998,0.4463084922938597,0.2666666666666667,0.5325,0.28200000000000003,0.2175000000135937,0.5723076923076923,0.5789473684210528,0.18,0.5616,0.6042473347547975,0.310561797752809,0.7213159528467199,0.18572237960866073,0.0,0.22440061875164513,0.06935878350476511,0.49019607821716915,0.212848833858162,0.4888888889975308,0.1688460367913993,0.7142857142857142,0.0787421660532133,20.283570353408578,12.993963726351835,28.945932562464556
lafayette_leopards,0.46363636363636357,0.5618411285523385,0.7177102820817687,0.503284971387064,0.19841269833333336,0.32499999999999996,0.2569105690243903,0.25357142857142856,0.6088607597496398,0.49589832493848846,0.4222222222222223,0.34375000000000006,0.18499999999999997,0.18750000001171874,0.6474358973076922,0.5245614036842107,0.06666666650000001,0.4053333332,0.5394740582345416,0.1636704120224719,0.7781709083171374,0.2077431539350636,0.0,0.0580206415426748,0.026857510405448114,0.49019607821716915,0.04187947753701851,0.6111111112469135,0.022156663522764963,0.8928571428571428,0.036669420830395115,27.315242579141128,41.36928148719037,7.567149153043012
wake_forest_demon_deacons,0.575,0.6390497400445434,0.7138790488180534,0.6104902919941722,0.29365079357142854,0.50277777775,0.3926829268292684,0.3964285714285714,0.6399999999999998,0.48919699589030097,0.32592592588888897,0.4145833333125001,0.15333333324999998,0.09999999994374997,0.6538461538461539,0.5912280700000001,0.016666666500000003,0.5,0.6823027718550108,0.21685393258426966,0.8173184357795567,0.3988668555353787,0.0,0.0302424193820148,0.19721166097025544,0.49019607821716915,0.11294143658616863,0.7740740744497943,0.04946842138931366,0.8928571428571428,0.2053059404380378,41.44131302348639,28.499813283247363,21.236500978089374
holy_cross_crusaders,0.49621212113636365,0.598663697104677,0.7339131521749789,0.6008048479995529,0.30238095238095236,0.48611111108333327,0.3113821139024391,0.30952380953571423,0.6146214097403079,0.6047949161916384,0.2962962963333334,0.40416666668750006,0.16499999999999998,0.050000000065624994,0.678205128076923,0.5561403510526317,0.06666666650000001,0.364,0.6154371002132197,0.13220973786516854,0.8352989861401395,0.3812086873479097,0.0,0.07190975282439693,0.02611828408123628,0.49019607821716915,0.08461812833594742,0.6722222223716049,0.038108142780495846,0.8928571428571428,0.035937647908490224,44.83076801063511,42.97993905348399,15.598609720245783
usc_trojans,0.5236013986363636,0.6112729140311803,0.7227408369639927,0.6135163335480465,0.22252747261904765,0.4230769230833333,0.42870544097560986,0.4766483517857143,0.7111597359999998,0.6572457008645919,0.7222222222222223,0.44951923075000005,0.1740384615,0.15144230775946513,0.701183431923077,0.5668016194736843,0.07692307700000002,0.506153846,0.6786288338422177,0.2281763180898876,0.808599532067306,0.3715406405770975,0.0,0.15357772618618504,0.16742292275346715,0.19887955148412295,0.49612643179813254,0.7756410256723646,0.2994826160954989,0.75,0.1758175533354806,45.97512308920916,64.5573950136722,53.820841959732725
cornell_big_red,0.46306818181818177,0.48849294717149216,0.6097448919501263,0.49317722283712373,0.25198412690476185,0.36805555558333336,0.38922764219512207,0.3571428571428571,0.5519582247001478,0.594742923121957,0.36111111111111116,0.4557291666875001,0.23854166675000005,0.21093750001318357,0.5384615384615384,0.6710526315789475,0.08333333350000001,0.5166666668000001,0.5299218194285715,0.19147940078651685,0.7564918270005118,0.22202549575699793,0.0,0.257601129771722,0.020364815113406,0.49019607821716915,0.10662391999063549,0.5347222223410494,0.06595937948931954,0.78125,0.03024218948150951,22.76959198089071,22.86480888472203,23.117254343221084
milwaukee_panthers,0.44905956113636364,0.5689271176837416,0.7459642333311244,0.5496254130279858,0.28243021357142856,0.4252873563333333,0.29772918414634153,0.34729064039285706,0.7559322035214591,0.6239168110483015,0.37164750955555564,0.4612068965625001,0.19482758625000002,0.14224137938389006,0.5848806365384616,0.5372050815789474,0.0,0.49793103439999997,0.5971325637867805,0.17512592022471912,0.8000599327932979,0.3094656637849707,0.0,0.07935034790934332,0.07992959056480378,0.49019607821716915,0.15384196842872294,0.5478927203439761,0.0938912309310794,0.8004926107142857,0.08920639076472488,40.85710097918873,32.95932801185079,14.598868814209403
charlotte_49ers,0.5087976538636363,0.589697535857461,0.7087704311821998,0.5479498854733612,0.26958525357142854,0.41935483874999996,0.45318646731707324,0.4815668203571428,0.670833328,0.5382680160218235,0.5232974910000001,0.41733870968750003,0.14435483875,0.1512096774469506,0.694789081923077,0.5246179968421053,0.016129032500000005,0.45290322600000005,0.6633743724349681,0.1587531714606742,0.8431549228505013,0.4272137439781081,0.3333333333000001,0.08510440832050145,0.08924330511244638,0.3727297368512869,0.29959778502230444,0.5913978492980884,0.24920767612297828,0.8352534562499999,0.09842619785909917,43.217747729650995,54.37561704522664,32.64898896592664
unc_greensboro_spartans,0.46241258749999997,0.5372622923830734,0.6822534970292109,0.4801721302887933,0.22435897428571427,0.3333333333333333,0.3517823639024391,0.3076923076785714,0.5168000001209174,0.43107585664597764,0.3589743590000001,0.42307692306250005,0.2,0.15144230775946513,0.6168639053846154,0.6174089068421054,0.0,0.4384615384,0.5426931277782517,0.1283491788764045,0.8012462398448555,0.32000435828102,0.0,0.1777447795505437,0.02426783038079995,0.5630252099004307,0.0619556164028455,0.5876068380194681,0.046177354553438535,0.8585164839285714,0.03410585179021511,29.29737792802628,38.79244318161872,19.867043997756106
george_mason_patriots,0.49764890272727264,0.5259196682405345,0.6451621389273487,0.51472409949182,0.29064039404761904,0.42241379308333327,0.4322960470731709,0.43103448285714285,0.6171206199999998,0.48526863075950133,0.28352490422222226,0.35775862068750003,0.16810344824999998,0.1293103447580819,0.6419098142307693,0.5081669689473686,0.017241379500000004,0.47862068960000004,0.5957209028230278,0.24331654393258434,0.7579143389434486,0.2127576438502198,0.0,0.07935034790934332,0.06435206255378308,0.5552220891688607,0.12400021762529971,0.5689655175153256,0.07033483980062663,0.8312807883928571,0.07378592640175217,21.90242864641057,22.47024673407369,15.368361370385493
columbia_lions,0.5738636363636364,0.6745147948329622,0.7646069607394862,0.5974293393347615,0.4455782311904761,0.6488095238333333,0.4329268292682928,0.39668367357142853,0.5509054327887326,0.76287447411013,0.4523809523333334,0.43973214287500006,0.21428571424999995,0.08705357138044084,0.7788461538461539,0.6484962405263159,0.0357142855,0.5185714284,0.7334754797441366,0.19823434988764044,0.8542387160165809,0.43292189389328395,0.5,0.17684970358951957,0.05312386799802593,0.49019607821716915,0.07133652626835732,0.6111111112469135,0.04892584406225227,0.8928571428571428,0.06267094243991418,56.10406430700364,45.50467101468627,22.91103815215164
morgan_state_lady_bears,0.6477272727272727,0.6300870620935412,0.6524813990583296,0.5066341564963144,0.23484848476190473,0.34469696966666663,0.4046563192682928,0.39285714285714285,0.5956164383997602,0.48203875852312766,0.30808080811111116,0.7272727275000002,0.2,0.1107954545694247,0.49125874115384616,0.8540669857894738,0.22727272750000002,0.5890909092000001,0.6481876332622603,0.15066394280898882,0.840471756692752,0.46600566559393786,0.0,0.42938901785310213,0.06369225183079993,0.49019607821716915,0.1296714058780285,0.49999999999999994,0.2524033169913653,0.7305194803571429,0.07313276835685117,39.95736669191261,21.663263790796236,46.50724873750264
long_island_university_sharks,0.5572390572727273,0.5358409635634744,0.6070159020652682,0.5945105356697163,0.3086419752380952,0.50308641975,0.29900632341463423,0.26587301585714285,0.5287009062568755,0.48398485152179926,0.4197530864444445,0.5300925925625,0.212962963,0.09027777788064235,0.5270655269230768,0.6686159842105264,0.018518518500000004,0.5866666668000001,0.5534233594541579,0.2118185601123596,0.7558912109545589,0.18696883853220878,0.0,0.17340710321270866,0.029832447017555518,0.49019607821716915,0.0760341668603295,0.45267489737837213,0.059027536596517105,0.6613756616071428,0.03961436202880925,18.504825911158335,26.336327714205353,9.575877873297237
florida_atlantic_owls,0.44122257045454544,0.5197757469933185,0.676868723502688,0.5259504820411387,0.3111658457142857,0.43103448274999995,0.40622371731707324,0.43719211821428566,0.6819875799999999,0.521663778028769,0.22605363988888894,0.35560344825000006,0.17155172424999998,0.14224137938389006,0.6339522546153845,0.4972776768421054,0.0,0.44965517239999997,0.5947797956503199,0.24912824483146062,0.7539116848216608,0.24606818404096514,0.0,0.08654292337294314,0.07096052844657899,0.49019607821716915,0.3282391692035879,0.632183908418263,0.2604138176344072,0.8928571428571428,0.08032776107036482,27.86308905288412,21.563288106730376,39.182905800419626
kennesaw_state_owls,0.49831649840909087,0.5873133712249443,0.7175053030417559,0.5964059450019967,0.22574955904761904,0.39197530866666663,0.40650406512195136,0.39417989428571426,0.5946666639999998,0.5025996534840762,0.2633744855555556,0.47453703706250006,0.17685185175000004,0.13194444450824652,0.5356125357692307,0.5302144247368422,0.018518518500000004,0.5407407408,0.6236752743710022,0.23637120269662926,0.7761224911848579,0.3046899590964502,0.0,0.13467785108820296,0.06759752575330745,0.49019607821716915,0.13290586661208503,0.6563786009236396,0.07483027726719163,0.8928571428571428,0.07699866654731302,34.12571874575302,15.298028496263166,23.75193670663419
radford_highlanders,0.5759670679545454,0.6776206834743875,0.767198235163336,0.5909397914494778,0.3113579445238095,0.5031922255833333,0.40931676536585376,0.4256576046428571,0.6522289479999998,0.6417478988163081,0.3778716561111112,0.49958910193750006,0.15838468025000002,0.11211917344450743,0.6498351103846154,0.5703269178947369,0.05314379650000001,0.5008856776,0.7230652450660982,0.23268890797752811,0.8280918274496614,0.4244398985955933,0.0769295325,0.09858609792333586,0.22018965980108662,0.4305791760912797,0.22644743827367,0.6335330743074518,0.15866573166381576,0.86362193125,0.22805225884315192,51.22001821199517,37.90609991190334,27.596797815921754
providence_friars,0.48030303022727266,0.5760950261024499,0.7194392673569694,0.5543229606920428,0.2373015873809524,0.3888888889166667,0.3821138212195123,0.3892857142857143,0.6348936168436394,0.5143269785645048,0.6444444444444445,0.43958333331250005,0.22416666674999997,0.15624999994726563,0.7358974357692307,0.48596491210526327,0.0,0.47200000000000003,0.6127078891257997,0.22322097382022474,0.7786261121470709,0.29291784703379375,0.0,0.0580206415426748,0.08730345654809703,0.49019607821716915,0.20047069630461084,0.7129629633251028,0.11965963898446509,0.8928571428571428,0.09650590821911587,34.247522716160844,67.02042209573197,27.68337334760846
washington_huskies,0.3926767677272727,0.57807473389755,0.7949019455991525,0.6748030599584428,0.22486772476190475,0.46759259258333324,0.3197831978048781,0.3273809523928571,0.6389830509490658,0.6059118047014028,0.4567901234444445,0.40972222225000005,0.23055555549999998,0.29166666676822917,0.6581196580769231,0.4795321636842106,0.0,0.37333333320000006,0.603458895965885,0.20474406988764046,0.7852265673738431,0.29084041548415984,0.0,0.5625221781552204,0.18868159975033308,0.3830944147267903,0.24955050256784275,0.6450617288100137,0.24289825627642206,0.8403361348214285,0.19686188532462517,43.83617543756698,57.34330787302977,67.2197747827122
south_florida_bulls,0.5161290322727272,0.5701559020044543,0.6881716526000314,0.5619755087989025,0.29032258071428574,0.44354838708333333,0.391817466585366,0.4147465439285714,0.667469884,0.6728350197759796,0.3906810035555556,0.41935483868750006,0.139516129,0.2237903225764869,0.6662531019230769,0.7062818336842107,0.09677419350000001,0.4451612904000001,0.6268381594200427,0.1069227980898877,0.8563705172456973,0.42218770001196004,0.0,0.07167826749539366,0.16468552708461684,0.020330712753640234,0.3990926097764357,0.6308243731957387,0.29263667491157414,0.6624423964285714,0.17310775802463294,47.27131889983592,39.27679645636863,27.189283547302388
campbell_fighting_camels,0.45846394977272725,0.6229936256570155,0.7838459086040698,0.6116882291046176,0.3998357964285714,0.6235632184166666,0.3608074012195123,0.35960591142857146,0.6167832159999999,0.7365684575015394,0.38697318011111115,0.5301724138125001,0.17413793100000002,0.14870689650929417,0.5557029176923076,0.5462794915789475,0.017241379500000004,0.42620689640000003,0.6757150209637528,0.11003487022471908,0.8789357649124436,0.6006642571558263,0.0,0.10092807430014258,0.05882997627861999,0.49019607821716915,0.030951058156436645,0.632183908418263,0.024113130831272353,0.8928571428571428,0.06831951770358329,65.33511577570802,47.07331393981587,11.792913909560205
east_carolina_pirates,0.6038961038636363,0.5917912823162583,0.6444813024166302,0.4660949799632806,0.22448979595238094,0.3333333333333333,0.45557491292682945,0.40433673464285713,0.5273422599999998,0.5977345877499621,0.5476190476666667,0.6875,0.2026785715,0.16071428569754465,0.5137362638461539,0.7255639100000001,0.16071428550000003,0.5900000000000001,0.6213828815692966,0.1709470304494382,0.814733528504492,0.41400242831201145,0.0,0.1395548679865969,0.09030613751567318,0.49019607821716915,0.3185001958041159,0.5892857142420634,0.23000645628657104,0.8609693875,0.0994783140347964,37.44712509049771,42.795754183236745,37.92917406532033
cal_poly_mustangs,0.5809090909090909,0.5744320712694878,0.6455150089740465,0.4585551097452472,0.2161904761904762,0.30333333333333334,0.3443902439024391,0.33428571428571424,0.5919999999999999,0.5649220105161017,0.22222222222222227,0.37250000000000005,0.17200000000000001,0.13500000000843748,0.676923076923077,0.5536842105263159,0.020000000000000004,0.5856000000000001,0.5764093816631132,0.29662921348314614,0.715853507160641,0.18198300283801655,0.25,0.24957463267285226,0.040178941157212045,0.49019607821716915,0.04880988752661444,0.7577777779461727,0.031060296593200143,0.8928571428571428,0.049856535501352724,22.12175540103955,5.942518369689312,34.17236261129151
cal_state_fullerton_titans,0.45846394977272725,0.5750710389309577,0.7378928507037026,0.5161044711577197,0.23645320190476188,0.35632183908333337,0.4154751892682928,0.41995073892857143,0.6283400799999999,0.5701906415570587,0.31800766288888893,0.46982758618750003,0.17586206899999998,0.14870689650929417,0.5875331565384615,0.49364791263157903,0.017241379500000004,0.5324137931999999,0.6183074774243071,0.2320805888764046,0.7760440078577294,0.2492917847096117,0.0,0.12250580048954991,0.021100196016504078,0.49019607821716915,0.3060014145644482,0.632183908418263,0.13492950151849756,0.8928571428571428,0.06784221308557695,33.29501223081954,23.87064338422678,32.90067047257758
high_point_panthers,0.5297805643181818,0.6021042929175947,0.7089819011601851,0.5556905672468386,0.462233169047619,0.6005747126666666,0.3793103448780489,0.3743842364285714,0.6088691799999998,0.6221837087255842,0.19540229888888894,0.5560344827500001,0.07500000000000001,0.07758620681734912,0.677718833076923,0.2976406533684211,0.05172413800000002,0.48000000000000004,0.6625395191812368,0.1569159240449438,0.8438536784247006,0.4609748950555518,0.0,0.07935034790934332,0.06052286447472263,0.49019607821716915,0.05549951798946973,0.5900383140755641,0.024546442350170602,0.8620689651785713,0.06999533700431118,45.65038621702068,31.501938413220856,8.532882414968064
indiana_hoosiers,0.5477272727272727,0.7317000741202673,0.8647571706064779,0.6402512550887494,0.21428571428571427,0.41388888891666664,0.4479674797560977,0.49166666678571425,0.6994555359999999,0.6617562105882335,0.3777777777777778,0.4145833333125001,0.10166666675000001,0.05625000000351561,0.6871794873076923,0.44385964910526327,0.016666666500000003,0.45866666680000007,0.7750959488272922,0.20112359550561798,0.8733085040618656,0.5172804532724443,0.0,0.06496519718353581,0.5367407949204113,0.23009203623113106,0.18545817556355082,0.6925925925427983,0.11520440848805336,0.7653061223214286,0.5414117016708367,65.44683075727939,40.516533580669574,17.005054168850897
washington_state_cougars,0.5313479622727273,0.5935028030289532,0.7068903873849466,0.6283404657620331,0.3711001642857143,0.5775862069166666,0.29015979804878056,0.30418719210714285,0.6591304350501326,0.6204506069054663,0.4636015325555556,0.49353448275000006,0.12241379299999999,0.07758620681734912,0.572944296923077,0.5353901994736843,0.0862068965,0.4620689656,0.624424674660981,0.18364974820224722,0.8085361416141693,0.3567451401234206,0.0,0.07935034790934332,0.17923433865271068,0.42517006726547757,0.5121313203081783,0.6111111112469135,0.39233693297839334,0.8609693875,0.18750987819098247,41.70044723341988,43.98259017281141,51.73306369709261
richmond_spiders,0.5030303029545454,0.6889383814699331,0.8413647552035767,0.6442313309754271,0.4976190476190476,0.7638888889166666,0.35691056902439033,0.38095238107142854,0.6747152679999999,0.6768342001927559,0.588888888888889,0.42291666668750005,0.18833333325000004,0.13749999994609374,0.7256410257692307,0.43859649121052646,0.0,0.48000000000000004,0.7573560767590619,0.25917603000000006,0.8291537347433008,0.4341831915987021,0.0,0.051076086103205826,0.0738234341545605,0.5508870206796443,0.13613709452607603,0.6314814814181069,0.07751418267932894,0.8928571428571428,0.08316180093941508,58.54106888972417,59.25145125344718,18.254529062492814
duquesne_dukes,0.5172413793181818,0.6119345671269487,0.7311001126985857,0.6294239116503201,0.40394088666666667,0.61494252875,0.35744322951219526,0.3608374385714285,0.6272941239999998,0.6932409014440016,0.31417624522222226,0.46982758618750003,0.1370689655,0.20043103445002694,0.6127320953846154,0.4882032668421054,0.017241379500000004,0.4841379312,0.66630394828145,0.23091824876404501,0.8007662835568208,0.3051675295497215,0.0,0.07935034790934332,0.07150197471806476,0.49019607821716915,0.19783029959832996,0.6532567049785014,0.10671127590032706,0.8928571428571428,0.08086374809783181,42.107213380734336,31.602797376260455,24.381563936011965
long_beach_state_beach,0.51010101,0.6057906458797327,0.7345162585341737,0.49946174883363237,0.29894179904761903,0.41666666666666663,0.3839205058536586,0.39417989428571426,0.6414117639999999,0.6533795495292991,0.35390946500000003,0.740740740625,0.11481481475000001,0.09027777788064235,0.4686609688461538,0.45419103315789483,0.0,0.4711111112,0.6418700150447763,0.14357053685393262,0.841621261267586,0.4016367642889983,0.25,0.18889880410278936,0.07595115413573611,0.49019607821716915,0.23842428853036512,0.5884773664085505,0.21441568191238608,0.8597883598214285,0.08526806774380735,43.93723952581506,50.6121856378098,38.66043012581971
oregon_state_beavers,0.48513986022727273,0.6126434811581292,0.7606980129149709,0.6208888160995063,0.32326007333333334,0.5416666666666666,0.36585365853658547,0.3956043957142857,0.6861538464000002,0.6572457008645919,0.5512820513333334,0.31730769231250006,0.15961538449999998,0.13701923082106368,0.8328402365384615,0.4534412955263159,0.03846153850000001,0.3646153848,0.6681318681108743,0.21305099393258428,0.8125387958042376,0.31161473088701463,0.0,0.15357772618618504,0.41872687755136073,0.9271708683167383,0.6798344262440409,0.6581196583129154,0.6267313106357688,0.9615384616071427,0.4245876840323022,45.05999467892721,68.05005417974255,100.0
presbyterian_blue_hose,0.4098484847727272,0.5582776541648107,0.7553618720526158,0.5732268832370963,0.27063492071428574,0.42499999999999993,0.3878048780487806,0.4107142857142857,0.6399999999999998,0.529404968169027,0.2666666666666667,0.38958333331250006,0.2575,0.12500000007031248,0.6166666665384616,0.5105263157894737,0.0,0.4426666668,0.6131627575948829,0.21535580528089887,0.7836333540032163,0.2368271954741311,0.0,0.051076086103205826,0.04670076527663144,0.49019607821716915,0.0756769191487751,0.5500000001222222,0.03658951488772877,0.8035714285714285,0.056312601980188906,33.41436615451427,27.661679933979677,5.450705472200866
fordham_rams,0.5730519479545454,0.6185173402227171,0.7033013716048321,0.5694936076836147,0.39540816333333334,0.5714285714166667,0.2891986063414635,0.3048469387857142,0.6638554215075051,0.6390195592143542,0.27380952377777784,0.46428571431250004,0.10535714275000001,0.13392857138337053,0.5315934065384614,0.5845864663157896,0.017857143000000002,0.4414285716,0.6428266829509597,0.15208667741573034,0.836924714035907,0.4151153378871138,0.0,0.11717796674567864,0.07754973277119452,0.2878929348548569,0.2247911146438558,0.6765873016503526,0.20014031751725855,0.7936507937499999,0.0868505283795421,45.03059130956596,28.601673108921645,28.985976555924772
vcu_rams,0.5570274259090909,0.6531260447216036,0.75199499290396,0.5874115170069937,0.3088102523809524,0.4961402005,0.39674685878048793,0.4100713628571428,0.6470350239999999,0.6231553469406909,0.374727467888889,0.49312597043750006,0.16127738725000001,0.11949597731996849,0.6393751903846153,0.5616216778947369,0.05190447050000001,0.49276306960000005,0.6972043255266526,0.22102553842696632,0.8222396320304853,0.40445507460069285,0.06977487279999997,0.10745957451919244,0.1893153028282722,0.44033887511498826,0.21974231884556983,0.6272753710838389,0.1562703588592407,0.8684079374999999,0.19748919896021308,47.98518907586789,37.63997356814406,27.672942583290613
american_university_eagles,0.4230205279545455,0.5919965516258352,0.7943056757723058,0.5196446474890863,0.21658986166666666,0.34408602149999995,0.36585365853658547,0.3813364053571428,0.6541935480000002,0.664728573881746,0.265232974888889,0.5262096774375,0.16612903225000003,0.17540322582346268,0.5558312653846154,0.39049235994736853,0.0,0.45290322600000005,0.614512689944563,0.13519391078651682,0.8330229671270335,0.33473453338058745,0.0,0.09181747863235948,0.04621776516175758,0.49019607821716915,0.11951488668433918,0.689964157819992,0.05274473101670783,0.8928571428571428,0.05583447181387146,44.75438662925035,33.49927512169717,20.769144427671
massachusetts_minutewomen,0.6186079545454546,0.7583518930957683,0.8329982349793652,0.6127235895484869,0.2976190476190476,0.5026041666666666,0.39253048780487815,0.39062499999999994,0.6155339805825243,0.6816507800377783,0.29861111111111116,0.48242187500000006,0.11171874999999999,0.07031250000439453,0.6790865384615384,0.6776315789473686,0.015625000000000003,0.42500000000000004,0.7714285714285716,0.18855337078651688,0.8791123526033243,0.49079320114704805,0.0,0.01948955905436467,0.06861908111480475,0.5489292498104744,0.19631883779656914,0.6493055556998456,0.17007757070637808,0.9207589285714285,0.07800992186559125,63.292822456028986,43.36695464115484,25.608982766711044
furman_paladins,0.5951178452272727,0.6057906458797327,0.6608567826089716,0.56037387457757,0.34038800714285716,0.5123456789999999,0.43721770560975615,0.48015873,0.6999999999999998,0.6124269854133297,0.2469135802222223,0.42592592593750006,0.16296296300000002,0.14583333338411458,0.6652421653846154,0.779727095263158,0.055555555500000006,0.43703703720000003,0.6903893231897655,0.1897627965168539,0.837827896177462,0.4697303534693975,0.0,0.14242370163393936,0.0668991266354857,0.27170868316738456,0.1345188355185009,0.5884773664085505,0.1639797940240766,0.7857142857142857,0.07630730918304554,47.055201047898024,30.313111333761967,18.09819910061821
unc_asheville_bulldogs,0.5660511363636364,0.6158129175946547,0.7010610703562952,0.5081979241621122,0.3020833333333333,0.40885416666666663,0.3666158536585367,0.35937499999999994,0.6033264033264026,0.48846403822983653,0.12152777777777782,0.46484375000000006,0.15625,0.09960937500622558,0.5877403846153846,0.5296052631578948,0.07812500000000001,0.52875,0.6349680170575694,0.2517556179775281,0.7724239602970957,0.27558427762820353,0.0,0.012993039436707127,0.04498442155871779,0.49019607821716915,0.07092418895204203,0.5156250001145832,0.03473714199138821,0.7533482142857142,0.05461356365279994,29.858542178021636,4.7658762335297045,0.0
eastern_kentucky_colonels,0.579912023409091,0.6207342481959911,0.6899672362500249,0.5398319925889823,0.25652841785714287,0.4059139785,0.5043273012195123,0.5460829492857142,0.6873634959999998,0.557723486268504,0.43727598566666676,0.5725806451875,0.21693548375000002,0.07258064512953627,0.6315136476923077,0.6451612905263159,0.11290322600000001,0.5432258064000001,0.7095948827292112,0.2544400144943821,0.8081335976725057,0.3387553686781517,0.3333333333000001,0.03139984522146229,0.08378215373127709,0.49019607821716915,0.18419051405219405,0.5125448027250099,0.10077279982514076,0.7488479258928571,0.09302010966625232,37.12534434320129,39.543557248320624,12.787884565423646
liberty_flames,0.4833333334090909,0.6984409799554566,0.8723865770042759,0.5903140667831589,0.2769841269047619,0.4666666666666666,0.3674796748780489,0.3642857142857142,0.612389380351241,0.7723281343547304,0.4222222222222223,0.36250000000000004,0.16083333325,0.14375000007148436,0.7705128203846154,0.6333333331578949,0.016666666500000003,0.5,0.7095948827292112,0.08764044943820223,0.9094972067321383,0.6699716714070815,0.0,0.07190975282439693,0.06901220947320195,0.5602240886107384,0.20120650512469335,0.6925925925427983,0.18610307653775093,0.9226190473214285,0.07839908642600478,79.70735983231633,39.514825255600584,34.01039013419095
houston_cougars,0.5960410556818182,0.6218837559020044,0.6790646613469004,0.5600346376888696,0.3072196621428571,0.48118279566666666,0.3933910307317074,0.3755760367857143,0.5823999999999998,0.5966344272644647,0.5197132616666666,0.637096774375,0.16532258075,0.11491935488218245,0.5620347396153846,0.6587436331578949,0.048387097000000004,0.5432258064000001,0.6576518330405118,0.19173613629213487,0.8202478925518388,0.3638855888205067,0.0,0.06496519718353581,0.0771094941187218,0.19653022389209945,0.33319242547727324,0.6308243731957387,0.22094331060150052,0.7488479258928571,0.08641472852433685,38.66191074808624,50.22241268603635,25.172795035309242
pennsylvania_quakers,0.6063636363636363,0.6228953229398664,0.6699656551427641,0.569793219461226,0.3952380952380953,0.5766666666666667,0.37170731707317084,0.38999999999999996,0.6639999999999998,0.6031195841808914,0.44888888888888895,0.5075000000000001,0.14100000000000001,0.05250000000328124,0.6953846153846153,0.665263157894737,0.0,0.43840000000000007,0.6795735607675907,0.17887640449438205,0.8390316573817204,0.48487252126019476,0.0,0.18244392874870502,0.02745701488950971,0.09438558057187063,0.2642062219177725,0.5866666667970369,0.19669957675197058,0.6987577642857142,0.059381212215899835,47.5472582804356,57.975536574976715,22.86234420844253
florida_international_panthers,0.5303030302272728,0.5951002227171491,0.709117582031749,0.5533518659148046,0.37460317452380953,0.5277777777499999,0.41707317073170747,0.43809523821428564,0.6608187136842099,0.5227036396234392,0.27777777777777785,0.5958333333125001,0.19916666674999997,0.19374999994960937,0.48717948730769234,0.5894736842105264,0.0,0.64,0.6686567164179106,0.20561797752808986,0.8173184357795567,0.33654390935797585,0.0,0.09274341934419582,0.06526076029192862,0.49019607821716915,0.32481818010735874,0.6518518522004114,0.23776781844308126,0.8928571428571428,0.07468546200700828,35.89525109612879,10.692238481810199,39.35646657609092
bucknell_bison,0.4893465909090909,0.6180400890868597,0.7668165638530328,0.6187988946562228,0.23363095238095238,0.4427083333333333,0.3574695121951221,0.3727678571428571,0.6545842217484003,0.6094020798494424,0.37152777777777785,0.45507812500000006,0.07500000000000001,0.08789062500549316,0.6730769230769231,0.38651315789473695,0.03125000000000001,0.38125000000000003,0.6473347547974415,0.11762640449438203,0.8601218187728157,0.479107648738785,0.0,0.058468677364486146,0.05574635970014624,0.49019607821716915,0.07323089777047444,0.5920138890204475,0.04461418316374924,0.8649553571428571,0.06526699232704182,52.91063578846031,52.28955933940569,9.181847092147116
saint_louis_billikens,0.5681818181818181,0.6163490886414255,0.6979470571555358,0.5032765733870685,0.22927689595238096,0.3333333333333333,0.31616982829268303,0.3293650793571428,0.6537142858888491,0.5472751782940607,0.49794238677777786,0.43287037037500004,0.14629629624999999,0.14583333338411458,0.7236467234615385,0.5458089668421053,0.0,0.354074074,0.6115454473006398,0.2255513940449438,0.7766282732332908,0.2585248137636976,0.0,0.13467785108820296,0.05504265663542903,0.5602240886107384,0.41187540051684185,0.5658436215701874,0.29933307254559,0.8267195767857143,0.08927529738290785,31.837111728096417,69.26165198063396,47.03515220078665
central_arkansas_sugar_bears,0.42613636363636365,0.5077951002227171,0.6706767402559392,0.4455628918635762,0.05612244897619045,0.1726190475833333,0.39895470390243915,0.40433673464285713,0.6305676879999998,0.4649046794727705,0.24206349211111114,0.40848214287500006,0.23214285725000003,0.24776785707798546,0.6263736265384616,0.5789473684210528,0.0357142855,0.5228571428,0.5307340846396589,0.20224719101123598,0.7503547042690984,0.3071630918698913,0.0,0.10226003258506636,0.07072364569606364,0.49019607821716915,0.13567044879758156,0.5674603178483245,0.1448069400257255,0.8290816330357142,0.08009326673917565,28.272033386747935,15.342596293578245,20.00908996931151
lipscomb_bisons,0.48030303022727266,0.5642167779064587,0.6980172387983288,0.6107913261051159,0.39841269833333337,0.6,0.2967479675609757,0.31071428571428567,0.6580821915457311,0.4908723284036476,0.3629629630000001,0.31458333331250005,0.1625,0.15624999994726563,0.6897435896153846,0.39122807015789485,0.08333333350000001,0.5413333332000001,0.6081592040255864,0.2423220974157304,0.7647423960510472,0.2762983947302068,0.0,0.0441315304623448,0.06085279165095142,0.49019607821716915,0.2305618642270078,0.5296296299510288,0.214691425601575,0.7738095241071428,0.0703219376215473,30.984157562789548,17.412810261092353,21.900532686201096
utah_utes,0.5711143695454546,0.7138443852115812,0.8067266390531735,0.6546749013029585,0.49078341023809524,0.7822580644999999,0.45476003146341476,0.520737327142857,0.7384083039999999,0.7166098287105601,0.31182795700000004,0.42741935481250004,0.14596774199999998,0.16935483882308466,0.6377171215384615,0.6502546689473685,0.16129032250000003,0.5032258064,0.8328495769381665,0.2682131206741573,0.8614364950732909,0.5538700539816961,0.0,0.038112915734712254,0.2903769632151197,0.23009203623113106,0.3374308191110848,0.7096774197688172,0.6914410432759303,0.7653061223214286,0.29753188425377763,66.83468993834741,20.983764764779266,59.56543082475729
north_alabama_lions,0.5195924765909091,0.6340526841870824,0.7489761324884733,0.6270201683183221,0.5369458128571429,0.8132183908333334,0.3742640875609757,0.41133004928571426,0.7006741599999998,0.7192374352795641,0.4865900383333334,0.4267241379375001,0.17586206899999998,0.16810344826050647,0.6604774534615385,0.41016333936842114,0.10344827600000002,0.5213793104,0.7350047791215353,0.27392483528089895,0.8090070421914651,0.4136954186236175,0.16666666670000005,0.10092807430014258,0.09011086181395306,0.49019607821716915,0.16821692486787593,0.5900383140755641,0.1826263714619809,0.8620689651785713,0.09928500724072745,50.70813041286813,37.07788562320943,26.425996272372537
loyola_maryland_greyhounds,0.3934169279545454,0.5087166884632516,0.6973015830046517,0.5765651449019082,0.1732348111904762,0.33908045974999995,0.30445752731707326,0.32635467978571425,0.6784530386761574,0.5129982669177813,0.09578544066666672,0.4116379310625001,0.18189655174999997,0.25862068970366375,0.5132625996153847,0.48094373842105276,0.017241379500000004,0.4731034484,0.5289022866012795,0.19759783033707867,0.7522635330401074,0.16118003321419774,0.0,0.09373549883654278,0.02360616991668718,0.49019607821716915,0.06990419666176592,0.5900383140755641,0.03930891834743239,0.8620689651785713,0.033450862654582005,23.506549399599592,3.8494796378796075,11.195659029588292
st_bonaventure_bonnies,0.44561688318181825,0.5497931912694878,0.7137046146042476,0.524648130930751,0.2448979592857143,0.3898809524166666,0.37717770024390257,0.38520408178571425,0.6369514959999998,0.403874721564064,0.41269841266666674,0.37053571431250004,0.14821428575,0.14732142863420758,0.6263736265384616,0.40601503757894747,0.0357142855,0.4414285716,0.5911666158805972,0.20585874797752812,0.7783985102662445,0.23371104816526095,0.0,0.10226003258506636,0.03593004698207064,0.49019607821716915,0.16307072867535172,0.6547619046455025,0.07738710716407071,0.8928571428571428,0.04565048168052462,25.211132960895455,37.83088613995076,22.75536760494891
alabama_state_lady_hornets,0.5454545454545454,0.5996467246325167,0.6929854678396551,0.5541518216921378,0.20771756976190475,0.36494252875,0.4928511353658538,0.5,0.6313993174770819,0.6412478337728765,0.44444444444444453,0.44181034481250003,0.2862068965,0.2198275862012392,0.6472148542307692,0.6914700542105264,0.12068965500000002,0.6786206896000001,0.6691272700724948,0.27508717550561795,0.7753376570942065,0.34814887165292213,0.0,0.14408352667895705,0.11216387300774887,0.49019607821716915,0.15461948304177775,0.5057471266123882,0.11116373145386363,0.7389162562499999,0.12111566438797039,40.47979163535426,11.895986201991036,17.770189555086382
cincinnati_bearcats,0.5032467531818181,0.5485205216926503,0.6605412861254673,0.5612318966882045,0.24064625857142857,0.3988095238333333,0.4128919860975611,0.4362244896428571,0.6658227879999998,0.667739539844244,0.5396825396666668,0.5089285714375,0.2151785715,0.1540178570721261,0.5865384615384616,0.5319548873684211,0.053571428500000004,0.6242857144,0.6111483399914713,0.24959871584269663,0.7618160859206026,0.24484014569248844,0.5,0.13209590090629075,0.11789184878595688,0.49019607821716915,0.37054150578112777,0.7202380956600529,0.18375326281781315,0.8928571428571428,0.1267858866656859,31.122481060273046,31.872294799052888,48.910982942528484
tennessee_tech_golden_eagles,0.4181818181818181,0.5962880473942094,0.7964963231642717,0.600045303111086,0.30000000000000004,0.4888888889166666,0.5048780487804879,0.5202380953571428,0.6444444446376807,0.6667822071230742,0.3851851852222223,0.42083333331250006,0.15,0.150000000009375,0.5923076923076922,0.5807017542105264,0.0,0.4253333332,0.6945842217484011,0.1910112359550562,0.8391682185238724,0.4237960340063399,0.0,0.06496519718353581,0.1071863908146024,0.6202480982998241,0.17515037577791953,0.5703703702934156,0.13155610422505923,0.8333333330357142,0.11618836868852155,53.9926624399604,41.14178709298142,22.81050064505093
northern_kentucky_norse,0.5462382445454546,0.6512556639643652,0.7580130174539762,0.5762566477909685,0.353858785,0.5459770115,0.3851976451219513,0.39408867,0.6384279519999999,0.5701906415570587,0.4367816092222223,0.5172413793125,0.14568965525,0.1293103447580819,0.6631299734615385,0.5680580763157896,0.0,0.40551724120000004,0.6978310417739874,0.17008911269662919,0.8535071384498295,0.4556022273783457,0.0,0.07215777264713563,0.058185186041726566,0.49019607821716915,0.13875367786677428,0.5268199231726266,0.08513830868094319,0.7697044330357142,0.06768122869761434,50.131788585561495,60.245075938135294,11.42788931151717
tennessee_state_lady_tigers,0.5681818181818181,0.646176688819599,0.7346494682760292,0.49808205716773224,0.21904761904761905,0.31666666666666665,0.38455284560975617,0.40119047607142855,0.6549682839999998,0.5361062972172145,0.3777777777777778,0.7562500000000001,0.25833333324999996,0.13749999994609374,0.4346153846153846,0.577192982631579,0.11666666650000002,0.6533333332,0.6591044776119404,0.2812734082022473,0.7665632113025004,0.26071765818585607,0.0,0.0302424193820148,0.06019658920892842,0.49019607821716915,0.1304998222309325,0.5296296299510288,0.06073452149518237,0.7738095241071428,0.06967235147636737,31.74625006987931,22.356967271597455,6.564050934183214
austin_peay_governors,0.4037878788636363,0.6438010394654788,0.8845001925532331,0.710649465827417,0.2587301588095238,0.5222222222499999,0.42764227634146357,0.41666666678571423,0.5984790879999997,0.6349508954006831,0.23703703700000006,0.45208333331250006,0.18,0.18125000007382813,0.594871795,0.46666666668421064,0.06666666650000001,0.548,0.6968585643667379,0.17415730337078655,0.8505483137259636,0.485080264517991,0.0,0.0580206415426748,0.06675932697885452,0.6202480982998241,0.0949126720475511,0.5703703702934156,0.07791410485734342,0.8333333330357142,0.07616891908536692,63.62422298040504,11.853229466004004,15.252729245063286
middle_tennessee_blue_raiders,0.575,0.6497401632071269,0.7366521435090986,0.6286227753174318,0.5642857142857143,0.8166666666666667,0.3186991870731708,0.3488095238214286,0.6969387753120051,0.5863662625656221,0.4222222222222223,0.5604166666875001,0.10083333324999999,0.150000000009375,0.621794871923077,0.5122807015789475,0.016666666500000003,0.5693333332000001,0.7236958066353947,0.14569288393258434,0.8812745706418769,0.5567516526220044,0.0,0.10663253062591785,0.2224427550026027,0.6115779649628478,0.24944828763192567,0.6111111112469135,0.19328189620852243,0.8928571428571428,0.23028263674629437,55.84682431460347,37.1156330236749,35.60389791564541
tulsa_golden_hurricane,0.5760489511363636,0.6825424017817372,0.7708290470752703,0.689203042172665,0.4212454211904762,0.7083333333333333,0.3142589117073171,0.34478021978571427,0.6991044779483354,0.7191041197162782,0.3846153846666667,0.5384615384375,0.08173076925,0.09375000000585937,0.5547337276923077,0.4736842105263159,0.07692307700000002,0.49230769240000005,0.7295391175778253,0.22082973202247191,0.8385379363450818,0.5153628242072341,0.0,0.20191183291490258,0.11704617380568025,0.5630252099004307,0.31969852161044204,0.6816239315403608,0.2154556295987095,0.9285714285714285,0.12594873837830764,60.09074388265209,36.07296507868753,50.31507942448466
murray_state_racers,0.45606060613636357,0.7186340016035635,0.9329105901669419,0.6967162960573798,0.21904761904761905,0.4472222222499999,0.4804878048780489,0.5630952382142856,0.7604060915736038,0.7254188330278167,0.2555555555555556,0.3208333333125001,0.14166666675,0.16875000001054685,0.7833333334615384,0.5070175436842106,0.0,0.2933333332,0.7978393746012794,0.20337078651685397,0.883322987842437,0.5837582624244692,0.0,0.0580206415426748,0.08087964666014535,0.49019607821716915,0.09386066099841524,0.5703703702934156,0.0451765737201809,0.8333333330357142,0.09014686772298648,79.03679439071114,51.44314453447038,8.686491315972667
chattanooga_mocs,0.47727272727272724,0.5541817065478842,0.694767243305347,0.5449058824750522,0.34482758619047615,0.49137931033333326,0.391925988292683,0.4125615764285714,0.6626609439999999,0.5528596188324838,0.2911877394444445,0.35775862068750003,0.18706896549999996,0.15517241382219826,0.6100795757692308,0.42286751363157904,0.0,0.5020689656,0.6216013528699361,0.2781867493258427,0.7496735803770848,0.19878870764019235,0.16666666670000005,0.07935034790934332,0.1180051720619802,0.49019607821716915,0.04927027920261745,0.6111111112469135,0.024546442350170602,0.8928571428571428,0.12689806733634024,26.380824338637026,18.73753200543593,10.793184515856673
grand_canyon_lopes,0.5689393938636363,0.6152932443652561,0.6856932056452368,0.5812875824548402,0.30000000000000004,0.475,0.4227642275609757,0.4345238096428571,0.6423076959999999,0.5394569612387086,0.28148148144444446,0.7791666668750001,0.195,0.1312500000082031,0.494871795,0.6701754384210528,0.033333333500000006,0.656,0.6741151385927507,0.18164794011235955,0.8346161804293797,0.41652502372284783,0.0,0.10663253062591785,0.046170755607311764,0.4173669465339076,0.46810435491139024,0.6111111112469135,0.2713764537605669,0.8571428571428571,0.10065826278888618,40.79635461804476,22.703498481451334,43.835510522515584
ut_rio_grande_valley_vaqueros,0.5041322313636364,0.573395424142539,0.6949409733381319,0.561182948021565,0.4430014430952381,0.6161616161666666,0.3237250553658538,0.33225108225,0.6410958905810474,0.6366262279140297,0.30303030300000006,0.5018939393750002,0.23030303024999998,0.11363636363210226,0.6165501165384615,0.5374800636842106,0.03030303050000001,0.5660606060000001,0.6260644827974414,0.24072182494382022,0.7746741155175255,0.24173748821647983,0.0,0.020910672821423323,0.05992653287558872,0.20570728257942877,0.43561213246666675,0.6111111112469135,0.30879045840229613,0.7533482142857142,0.0940805512160119,32.640177208610666,21.8309099024965,31.10789313193512
western_kentucky_lady_toppers,0.5721003134090908,0.6746025649888642,0.76669254744126,0.5782904805676163,0.4351395730952381,0.6264367815833333,0.5029436502439025,0.48152709357142853,0.5846153799999998,0.6603119583175693,0.28352490422222226,0.6056034482500001,0.2405172415,0.16810344826050647,0.5888594165384615,0.6733212342105265,0.0,0.5820689656000001,0.7622968899957356,0.29058504460674156,0.8125387958042376,0.34814887165292213,0.125,0.1153132250259501,0.08840100452032248,0.4227616970963984,0.27440180466642905,0.632183908418263,0.17552315725757173,0.8597883598214285,0.09759238993690714,46.44522404492615,25.937518863064987,32.06287768104284
eastern_illinois_panthers,0.5494654443181819,0.6449079394209354,0.7475677210757995,0.5849900615638944,0.3124235545238095,0.4983231395833333,0.39326689000000015,0.4063536371428571,0.6467831079999998,0.6178647497818783,0.3708079924444445,0.49257248775000007,0.16396671675,0.12471690319529478,0.6329602523076924,0.556930207894737,0.05051280650000001,0.49600641479999996,0.6898481712579958,0.22027363831460675,0.8190157712172258,0.39928845655522066,0.06725618999999998,0.10637513519482647,0.1748761529436425,0.44218687973761345,0.21779794381100556,0.6210118433602249,0.15770846219908202,0.8693141705357142,0.18319563479072304,47.014007535513755,36.493670184634965,27.226181624895624
maine_black_bears,0.48240469204545455,0.6057906458797327,0.7523276080021011,0.5544121030253266,0.35330261142857144,0.5080645161666666,0.24232887490243912,0.2396313363928571,0.6103896099999999,0.6776988877145994,0.30107526877777785,0.5443548386875001,0.10887096774999999,0.1270161290704385,0.5521091811538461,0.43123938878947377,0.016129032500000005,0.45677419360000004,0.5977852671727081,0.13881841247191015,0.8224504915835645,0.3990678972067725,0.16666666670000005,0.07839133800864362,0.10158242187776345,0.49019607821716915,0.14092170408344262,0.6505376345334528,0.11158615121443678,0.8928571428571428,0.1106409029275488,46.969973527685696,36.59815218745927,23.006734792349285
binghamton_bearcats,0.4732142856818182,0.5765192491759465,0.7261911446736893,0.55226189391541,0.2687074830952381,0.41964285716666666,0.29878048780487815,0.3201530612142857,0.6781341107591835,0.5779896015066877,0.33730158733333343,0.4285714285625001,0.1723214285,0.07366071431710378,0.631868131923077,0.40601503757894747,0.0357142855,0.4714285716,0.5916539750618338,0.15971107539325843,0.8066861754750678,0.3450020234375355,0.0,0.12463693382598479,0.08817517431037321,0.49019607821716915,0.12286925544048118,0.6329365082517636,0.07339247078908816,0.8928571428571428,0.0973688367067578,38.902935890072584,32.36020931396576,20.904468237793914
delaware_state_hornets,0.32438016522727264,0.38226361621380844,0.5795674065797208,0.441348633421473,0.16774891785714288,0.24621212124999997,0.3747228380487806,0.35876623392857143,0.5846153799999998,0.3403970380551953,0.1666666666666667,0.2727272727500001,0.33068181825,0.3409090908963068,0.5996503496153847,0.4377990430526316,0.11363636350000002,0.341818182,0.4292304709594883,0.3646578140449438,0.6008690254686799,0.06657223795089443,0.0,0.41020881661683595,0.04265886543320119,0.49019607821716915,0.08499946287736436,0.5277777781172839,0.043773299119140546,0.7711038964285714,0.05231145542791016,0.0,17.712755269292117,31.658851952572782
marquette_golden_eagles,0.5835777125,0.7207414325167038,0.8092722664364462,0.5880195862288781,0.09370199692857145,0.2795698925,0.34225019658536593,0.34677419353571426,0.6303448278230991,0.8317213622180357,0.33333333333333337,0.44354838712500005,0.15806451625,0.1028225806939264,0.6997518611538461,0.6519524615789475,0.0,0.36903225800000006,0.6893458972110875,0.16890177595505618,0.8499829799581,0.47546376692565057,0.0,0.044825986046570086,0.1447214880576227,0.6663955911763566,0.31907095741735236,0.670250896482278,0.23206073787336987,0.8928571428571428,0.1533450105502609,64.38546690383878,52.657469084391685,42.39486788047336
njit_highlanders,0.38787878795454533,0.529769859064588,0.7364386129571292,0.5486961684729466,0.24285714285714283,0.3805555555833333,0.3756097560975611,0.3714285714285714,0.6399999999999998,0.4322357019963055,0.5333333333333334,0.31458333331250005,0.22000000000000003,0.2625000000164062,0.6512820511538462,0.47192982457894744,0.033333333500000006,0.5066666668,0.569040511727079,0.17977528089887643,0.7831781502415636,0.2368271954741311,0.0,0.08579886390472684,0.04831875422310636,0.49019607821716915,0.1122544571658487,0.5296296299510288,0.0679550674721255,0.7738095241071428,0.05791427721846475,28.76525563796092,36.339656069167276,10.3408040731397
canisius_golden_griffins,0.4780303029545454,0.5190794359020044,0.6455895404287552,0.6067593454406892,0.4603174602380952,0.6749999999999999,0.3089430895121952,0.2916666666785714,0.573684210354293,0.45904101668125635,0.3777777777777778,0.40208333331250007,0.22416666674999997,0.21875000007617187,0.5064102565384616,0.5122807015789475,0.033333333500000006,0.45200000000000007,0.5785927505330491,0.2786516853932584,0.7278708876700146,0.14749763927613307,0.0,0.09968797498505674,0.05084073996067022,0.49019607821716915,0.06119572227637837,0.5703703702934156,0.07179578341730801,0.8333333330357142,0.060410834513211074,16.89002995851901,28.848144397839725,12.003215107472265
dartmouth_big_green,0.4571678322727273,0.4139112559465479,0.5207518820874811,0.48381766695343464,0.3516483516666667,0.44551282049999996,0.24671669804878057,0.2293956043928571,0.5619771859549911,0.40981202515628673,0.2435897435555556,0.39903846156250006,0.23365384625000002,0.18028846163626802,0.5828402365384615,0.5404858300000001,0.019230769000000005,0.4692307692,0.4366737739872069,0.23638720831460677,0.6825430931682974,0.11625626499196196,0.0,0.18580046400533,0.020265956787612782,0.49019607821716915,0.18461036211446752,0.5170940171149098,0.14441617181009478,0.7554945053571428,0.04326786050313948,2.7769448736899136,20.035243898197763,25.103065752430673
st_johns_red_storm,0.6019061584090908,0.7299374955902005,0.8057492124099063,0.6268934899850592,0.4208909369047619,0.66935483875,0.35562549170731717,0.3940092164285714,0.7079646039999998,0.6809414661728128,0.4050179211111112,0.34879032256250003,0.1387096775,0.09072580650567036,0.625310173846154,0.43293718168421064,0.03225806450000001,0.37290322600000003,0.7782653551897656,0.33381660022471915,0.7942572235131674,0.32769807176565724,0.0,0.03139984522146229,0.09270560482282113,0.7251287609489336,0.24664716271999887,0.6111111112469135,0.17599454466136913,0.8928571428571428,0.10185358821654178,48.79835037993162,44.78889610595576,32.64493722138689
new_hampshire_wildcats,0.41801948045454534,0.47597836472160354,0.6355478852890466,0.4295630037613539,0.20578231285714288,0.28571428574999996,0.3954703831707318,0.3864795917857143,0.6008810559999997,0.4631096804949275,0.19047619044444453,0.546875,0.20625,0.20089285707505578,0.4395604396153847,0.5827067668421054,0.0357142855,0.5457142856,0.5180627474285715,0.18820224719101125,0.7525494369010722,0.21145285311080605,0.0,0.12463693382598479,0.05970998497113552,0.49019607821716915,0.09889715266196861,0.5892857142420634,0.052692726135314144,0.8609693875,0.06919065352644564,17.976814185728912,7.7649740487253265,15.61512581549939
merrimack_warriors,0.5594405595454546,0.6523899264142539,0.7536739943189377,0.614663801436298,0.3223443223809524,0.5416666666666666,0.35272045024390253,0.3228021977857143,0.5500000000414886,0.6263164911874488,0.2136752136666667,0.41346153843750005,0.20480769225,0.19471153838716942,0.5946745561538461,0.5485829957894738,0.03846153850000001,0.48000000000000004,0.6707561095095951,0.298617113258427,0.7618536026120997,0.27685770322314046,0.25,0.1777447795505437,0.06800014875290171,0.49019607821716915,0.10681923764828105,0.5641025641809116,0.14305996292974263,0.8241758241071429,0.07739723001723996,39.36956046595938,17.115877626639445,25.722665687704087
yale_bulldogs,0.5458480836363637,0.6401342000890868,0.7443632816775065,0.5826612825651882,0.3105351745238095,0.49445074175,0.39085377878048794,0.40311489178571425,0.6452203599999998,0.6129778125191635,0.36647738588888895,0.48998381500000004,0.1664869865,0.1276705899454794,0.6305964115384615,0.5556695715789475,0.0496986995,0.4950642008,0.6843207411172708,0.21973122449438207,0.8165796422537733,0.3929890737788383,0.06551449480000003,0.10811954190573786,0.16673457474736264,0.44713518590215756,0.21177772103317474,0.6174630643038806,0.15332570954601454,0.87174074375,0.1751361457405176,46.13807547917959,35.93565251901934,26.72757999931411
army_black_knights,0.6073667711363636,0.6143921357683741,0.6763901272615169,0.5552757483581802,0.41707717571428576,0.5718390805,0.36501261560975623,0.36206896535714284,0.6129032199999999,0.5129982669177813,0.26819923366666676,0.41379310343750003,0.20603448274999997,0.14224137938389006,0.6618037134615384,0.7205081668421054,0.0,0.48551724120000006,0.6615984118720684,0.22394420764044948,0.8026498855246011,0.2836768584669597,0.25,0.07935034790934332,0.04738968567843373,0.49019607821716915,0.03907405255017457,0.5689655175153256,0.019077994423803923,0.8312807883928571,0.056994576199551644,32.16847683499529,26.65292520568832,7.767782334488764
saint_peters_peacocks,0.5109970675,0.5299231265924277,0.6374901048924663,0.5135031141591649,0.276497695952381,0.3817204300833333,0.4358772619512197,0.45276497678571426,0.6512635359999999,0.5236764132111632,0.2544802867777778,0.5504032258125,0.26290322574999997,0.16330645163520666,0.6451612903846153,0.6740237689473685,0.08064516150000002,0.5716129032000001,0.6004264392324095,0.18919898516853936,0.7931559239973046,0.26537512565057725,0.0,0.06496519718353581,0.028159644316860334,0.49019607821716915,0.0,0.5913978492980884,0.0021463958073464906,0.8640552991071428,0.037958425707327104,27.006522762078475,20.51104557110383,3.6126639399441345
princeton_tigers,0.6161616161363637,0.7021364347438752,0.770264444606738,0.6761610860687994,0.28395061738095234,0.524691358,0.36585365853658547,0.39947089964285715,0.6948148152000003,0.6422106684524528,0.2962962963333334,0.64120370375,0.1074074075,0.12500000007031248,0.650997151153846,0.6705653021052633,0.0,0.47851851840000004,0.735370765236674,0.08198085730337082,0.9258339655718756,0.7271010386324959,0.0,0.2043905049928701,0.06948657240205681,0.49019607821716915,0.0943339307501453,0.6337448560852765,0.04755280501099968,0.8928571428571428,0.07886866649251767,73.16362722810781,47.662913042600316,23.9774052510516
rider_broncs,0.4340909090909091,0.5440237566146993,0.7120273749410495,0.598403581000887,0.32857142857142857,0.5222222222499999,0.3195121951219513,0.3380952381071428,0.6671755725496178,0.5779896015066877,0.49259259255555565,0.5229166666875,0.2,0.21249999995078123,0.5769230769230769,0.39122807015789485,0.033333333500000006,0.448,0.5904193319573562,0.22134831460674162,0.7686116284347799,0.25240793201848183,0.0,0.07190975282439693,0.053088057258519894,0.49019607821716915,0.029715900807430917,0.5703703702934156,0.026970360840727042,0.8333333330357142,0.0626354927695959,31.977161293400556,53.13421898218951,5.660315467809234
st_francis_brooklyn_terriers,0.5370370370454545,0.6335065578619153,0.7457518876741571,0.6007002715551665,0.3439153438095238,0.5370370369999999,0.3532068653658538,0.38227513214285713,0.6869565215229626,0.6645484306061453,0.2510288065555556,0.48379629631250004,0.13333333325000002,0.08333333325520832,0.5427350426923077,0.45808966863157907,0.0,0.40740740760000005,0.6782594961194032,0.2005826050561798,0.8251833459908499,0.3497009757039576,0.0,0.17340710321270866,0.024225282668073417,0.49019607821716915,0.043853701487771485,0.6111111112469135,0.016136259240998763,0.8928571428571428,0.03406373307360223,44.22498944726759,34.25050109327901,15.885833383416603
vermont_catamounts,0.466666666590909,0.6164810690423163,0.7785496280253402,0.6078378915512012,0.2761904761904762,0.46944444441666666,0.3227642275609757,0.3476190476071428,0.6826196475472587,0.6617562105882335,0.47407407411111113,0.45208333331250006,0.1275,0.15624999994726563,0.5807692307692308,0.4526315789473685,0.0,0.3973333332,0.6409097370746271,0.12359550561797755,0.853279536569003,0.4767705382571324,0.0,0.08579886390472684,0.05522086278757936,0.49019607821716915,0.09023070528900526,0.6722222223716049,0.046839664663804584,0.8928571428571428,0.06474679384578363,54.872897260673554,54.318920377001334,17.44329931691656
hartford_hawks,0.466666666590909,0.5060133630289532,0.638969768510961,0.5694734570169592,0.33968253976190477,0.5055555555833333,0.29349593487804887,0.27142857142857135,0.5578947370520486,0.5059503180081699,0.28148148144444446,0.43750000000000006,0.29083333325,0.16250000007265622,0.5641025642307693,0.5105263157894737,0.033333333500000006,0.49200000000000005,0.5331058991215353,0.30973782775280906,0.6862197393136629,0.11218130311932525,0.0,0.0580206415426748,0.02746546673713781,0.49019607821716915,0.12670123017657248,0.5703703702934156,0.09583013029275808,0.8333333330357142,0.037271247316627835,14.924532911042107,21.564149900856137,13.387673424304047
howard_bison,0.6047430829545455,0.5933959522494431,0.6476431323670164,0.4899766215055686,0.3064182195238095,0.40579710141666664,0.5026511134146343,0.4860248446428571,0.5924050599999999,0.5528596188324838,0.4057971014444445,0.592391304375,0.20434782599999995,0.05706521737856657,0.6655518396153847,0.7093821510526317,0.043478261000000004,0.5547826088,0.6656901826865672,0.18856863707865168,0.8261949100194349,0.4498090898427708,0.0,0.38536173801720786,0.052555271096201894,0.49019607821716915,0.06670808919041177,0.45169082148926454,0.10576923523278278,0.659937888392857,0.06210807853395484,40.28192733317012,41.79823466300362,27.869743349336396
marist_red_foxes,0.4788401254545454,0.47185316026726054,0.582186601391286,0.4670924568516153,0.30295566500000004,0.37643678158333327,0.34735071487804886,0.34605911328571426,0.6164648910260643,0.5025996534840762,0.38697318011111115,0.5258620689375,0.1629310345,0.16163793113510236,0.5702917773076923,0.4537205081578948,0.03448275850000001,0.36551724120000006,0.5143151238550108,0.18287485471910117,0.7539116847533802,0.22457751295820336,0.0,0.1153132250259501,0.12287723748825788,0.49019607821716915,0.1586133002317997,0.6111111112469135,0.12671831573467845,0.8928571428571428,0.13172100915527546,16.563280408409014,55.1189885049568,23.766043489990658
idaho_state_bengals,0.6143939393181818,0.6984409799554566,0.754741504163817,0.5850514391194159,0.35317460309523807,0.5333333333333333,0.2943089431707318,0.32023809524999997,0.6917127069691394,0.7438474871564328,0.3074074074444445,0.5729166666875001,0.13166666675,0.08750000006796874,0.5602564103846154,0.568421052631579,0.016666666500000003,0.5240000000000001,0.703681592085288,0.2217228464044944,0.8250569005470222,0.4123701604366111,0.0,0.08579886390472684,0.12461218708602109,0.22045855373408613,0.3769670233057879,0.5500000001222222,0.2927015717961572,0.7605820107142857,0.1334384657648822,52.251063808842574,30.79703858187989,28.72939747637094
la_salle_explorers,0.5592532468181819,0.6006999682850779,0.6947264423813908,0.5989957590005579,0.49489795928571434,0.7053571428333334,0.3675958187804879,0.3992346939285714,0.6900473919999999,0.6569695469823854,0.3253968254444445,0.5803571428750001,0.13571428575,0.08705357138044084,0.5260989011538462,0.5375939847368423,0.08928571450000002,0.4928571428,0.6871763631215353,0.21950240775280902,0.8181475569900107,0.32719546743136535,0.0,0.1097189996653725,0.048108655320566324,0.49019607821716915,0.056123449449549834,0.6765873016503526,0.01821840558044674,0.8928571428571428,0.057706296681564025,39.3650638399677,32.106216756339975,16.15599295338155
arizona_state_sun_devils,0.5209790209090909,0.5838615725612472,0.7008715417234815,0.5820452422321971,0.34340659333333334,0.5224358974166666,0.4015009380487806,0.43681318678571424,0.6915887799999998,0.5953872820129056,0.4145299145555556,0.45192307693750006,0.14326923075,0.1730769230733173,0.5576923076923077,0.6437246963157895,0.09615384600000002,0.5476923076,0.6586845989936035,0.17847882449438204,0.8288210858668162,0.3667465679140722,0.0,0.16968909509575741,0.3128466584176292,0.42016806782359994,0.3907252004861589,0.7286324786063627,0.31525909543561714,0.8585164839285714,0.3197750241070343,41.428227371074016,23.527831992266343,55.692016943025216
northern_colorado_bears,0.4274193547727273,0.5586608231625835,0.7342208091229098,0.6754661392914076,0.33794162833333335,0.5913978495,0.36742722268292693,0.4055299539285714,0.7044967839999998,0.5706938001013574,0.2974910394444445,0.45161290325000003,0.20887096774999997,0.19354838719959674,0.6712158807692308,0.5263157894736843,0.0,0.449032258,0.6409244102686569,0.1888365349438203,0.8136400953883811,0.3367449510293696,0.0,0.06496519718353581,0.1005915561788052,0.49019607821716915,0.34567880554838626,0.5519713260115491,0.2636267424926907,0.8064516125,0.10966002783693958,42.111189075435604,37.70145912292895,33.256713064670585
fairleigh_dickinson_knights,0.46969696977272724,0.5737193763919822,0.7239659430410681,0.6056032547746649,0.2896825397619048,0.47777777774999997,0.39430894317073184,0.4154761903571428,0.6635051559999999,0.5913922591004629,0.3074074074444445,0.37708333331250005,0.13916666675,0.09375000000585937,0.6897435896153846,0.49824561421052643,0.08333333350000001,0.4653333332,0.6354513148997869,0.14157303370786523,0.8396234223538057,0.41964117103171794,0.3333333333000001,0.09274341934419582,0.011116376778198822,0.49019607821716915,0.014804406396563552,0.6518518522004114,0.0,0.8928571428571428,0.021087000438657758,46.0916670125779,28.02161690281941,12.51823591113186
california_golden_bears,0.5719696970454545,0.6458797327394209,0.7201139611225451,0.6289291436505949,0.2728174602380952,0.47916666666666663,0.4491869919512197,0.5163690475,0.7420814439999999,0.6240612365769278,0.48611111111111116,0.53125,0.15416666675,0.11718750000732421,0.6089743588461538,0.611842105263158,0.1666666665,0.5733333332,0.7294953801961622,0.2518726592134831,0.8196513552457991,0.4245750708335574,0.0,0.2488449509902508,0.22932849143004158,0.49019607821716915,0.2544794015943415,0.7384259258863168,0.1321755488729043,0.8928571428571428,0.23709894631203698,48.371389459493045,32.721271704009574,46.8520820515761
weber_state_wildcats,0.4633431084090909,0.5736044254788419,0.7291326231304818,0.5475229418069317,0.19738863285714286,0.34408602149999995,0.5074744295121952,0.5610599078571429,0.7060465119999999,0.5155699673169296,0.3225806451111112,0.5020161290625,0.20887096774999997,0.1028225806939264,0.6724565757692308,0.5025466894736843,0.09677419350000001,0.590967742,0.6690969116929639,0.2573396158426966,0.786107606945565,0.28447409303355453,0.0,0.05825212687167798,0.060951271211554345,0.5489292498104744,0.2723509690560671,0.6308243731957387,0.1447897600424168,0.9216589866071427,0.07041942424161206,34.61847276211617,20.76159992917153,29.121561793903204
montana_state_bobcats,0.6403743315909091,0.6466657931403118,0.684932825262136,0.5917307693379273,0.40406162476190477,0.5882352940833333,0.45767575317073184,0.5231092435714285,0.7366771119999999,0.5853807727040653,0.23202614377777783,0.5753676470625,0.06764705874999999,0.06617647069163603,0.5995475111538462,0.6207430342105265,0.0,0.5329411764,0.7505330490405119,0.2676801057303372,0.8205718041781679,0.3977670387648093,0.25,0.003937284653378892,0.11425625896223968,0.4332983190896211,0.2821754482376185,0.5751633990722584,0.20453199333128622,0.8403361348214285,0.12318695342830999,42.842419631859414,26.42169198075011,23.38899848685822
north_dakota_fighting_hawks,0.5940438870454545,0.662314722494432,0.7410338982193798,0.5918214171156547,0.21510673238095235,0.38505747124999995,0.40201850292682934,0.46428571428571425,0.7464435146839514,0.5684575392343413,0.4329501915555556,0.42025862068750003,0.14224137925,0.12284482763267779,0.7082228115384616,0.5535390200000001,0.017241379500000004,0.496551724,0.7067715609381665,0.27934908955056176,0.7915837239724265,0.3191364657597489,0.0,0.10092807430014258,0.10853565717633792,0.49019607821716915,0.30784995686351485,0.5268199231726266,0.3099543116817748,0.7697044330357142,0.11752403079309812,41.43772909797222,41.77549790191966,35.49836717486681
northern_arizona_lumberjacks,0.6063049852272727,0.7609742079287305,0.8447240780481399,0.7117832940490092,0.24423963142857147,0.5026881720833333,0.40833988975609764,0.4320276496428571,0.6670520199999999,0.7117459607719403,0.3225806451111112,0.5,0.15161290325,0.04233870975264617,0.658808933076923,0.5127334463157895,0.09677419350000001,0.5612903224000001,0.7892702387036248,0.30373323662921353,0.8180452935201131,0.34579183029308197,0.0,0.05825212687167798,0.05498958133782061,0.49019607821716915,0.23365853722677007,0.6308243731957387,0.2452430661067883,0.8928571428571428,0.06451784433907767,55.860649688465415,23.799072756773533,31.731599557960386
utah_tech_trailblazers,0.5368338559090908,0.6475693110022271,0.7536735265972263,0.6203325439887042,0.5812807880952381,0.8333333333333333,0.30193439853658544,0.3078817733928571,0.635654596409447,0.6637781629630042,0.30651341000000004,0.3491379310625001,0.18620689649999997,0.16163793113510236,0.8063660476923077,0.32667876589473693,0.017241379500000004,0.45931034480000005,0.709124329074627,0.31809376213483154,0.7692159506818502,0.2815277913649158,0.5,0.09373549883654278,0.09518678748740925,0.49019607821716915,0.3306799298955715,0.5900383140755641,0.5078463802267493,0.8620689651785713,0.12001614746210304,40.881178399482394,36.24521143281455,56.17453980388931
uc_davis_aggies,0.42929292931818175,0.5754351233853007,0.7546968263465643,0.6243670312086851,0.4320987654761905,0.6635802469166666,0.33423667560975623,0.3439153439285714,0.6432432435035786,0.6831632325684223,0.3786008230000001,0.35185185187500007,0.17962962974999996,0.09027777788064235,0.7792022792307692,0.4346978557368422,0.0,0.411851852,0.6398483771769724,0.16354556808988768,0.8284709290325409,0.42702759406308866,0.0,0.2043905049928701,0.09412225593124438,0.49019607821716915,0.3012282630256367,0.6111111112469135,0.1711900980918326,0.8928571428571428,0.10325595564716052,51.607530651103545,48.09903818340118,39.699569462753296
utep_miners,0.502435065,0.5905186127394209,0.7170739596857041,0.5551306136915941,0.3027210883333333,0.4583333333333333,0.5078397212195123,0.5306122449999999,0.6562607199999999,0.5492696213793975,0.21031746033333337,0.4754464285625001,0.19553571424999996,0.060267857066266736,0.5192307692307693,0.6560150373684211,0.0357142855,0.5628571428,0.6891257995735609,0.24317817011235962,0.8047353019864908,0.32051800904590705,0.125,0.1097189996653725,0.10529410261932454,0.42517006726547757,0.39174432474561416,0.6547619046455025,0.2964508421382286,0.8609693875,0.11431515988035171,37.25496523898374,6.169545869816684,46.211182802988255
omaha_mavericks,0.4335664336363636,0.5386328595100223,0.7020149108330391,0.5215913911546716,0.19871794880952381,0.3365384615,0.36397748585365863,0.3914835164285714,0.6814432959999999,0.4987335021487834,0.2692307692222223,0.48557692306250005,0.1865384615,0.20192307695012018,0.5798816569230769,0.41700404857894746,0.05769230750000001,0.5230769232000001,0.576283418063966,0.2359550561797753,0.7526619873169665,0.22532142080241707,0.0,0.13746635727661244,0.1286385049160883,0.49019607821716915,0.21397221375215722,0.5405982909534662,0.1052936543816878,0.7898351651785713,0.13742418741267043,26.40642383415006,20.133504490329543,21.902196489043554
north_texas_mean_green,0.5404040404545455,0.6533036375946547,0.7670202098861683,0.5778254852345414,0.27072310404761907,0.4444444444166666,0.48599819341463424,0.47486772499999996,0.6007434944831186,0.5472751782940607,0.33333333333333337,0.40277777775000007,0.136111111,0.055555555503472215,0.6609686611538461,0.5945419105263159,0.03703703700000001,0.4770370372,0.7136381584648188,0.19850187269662922,0.8441501713049084,0.43626062324182047,0.0,0.2043905049928701,0.13909978605809686,0.21008403300143574,0.3324814691518795,0.6563786009236396,0.21333240306393095,0.7554945053571428,0.14777999052387353,49.035009580347534,30.881643667553995,37.21757874168835
samford_bulldogs,0.48863636363636365,0.6223353482405345,0.7643561787516593,0.5813858235658967,0.2976190476190476,0.46726190475,0.38414634146341475,0.39413265321428564,0.6408163268571422,0.6085045806118207,0.23809523811111116,0.49330357143750003,0.2473214285,0.17410714294838167,0.6346153846153846,0.5131578947368423,0.0,0.4528571428,0.6628084069253732,0.2616372392134832,0.7803493836865409,0.31276885961225975,0.25,0.10226003258506636,0.09531340603393465,0.5660597576608093,0.16898121141545797,0.5674603178483245,0.1407921116243614,0.8290816330357142,0.10443509573257662,41.569253637937294,33.28793780238628,25.577531587998898
utah_valley_wolverines,0.4750733138636364,0.6264817874387527,0.7850793245368841,0.5729843744594532,0.2918586790476191,0.45430107524999996,0.33438237609756105,0.38479262678571424,0.7430588199999998,0.7101246717941334,0.2867383512222223,0.3608870967500001,0.15403225800000003,0.12096774188256047,0.7258064515384616,0.507640067894737,0.048387097000000004,0.45290322600000005,0.6602930049637528,0.18194998191011233,0.8275164694111581,0.41213561176804925,0.5,0.07839133800864362,0.07642167982774828,0.27170868316738456,0.31376916760840695,0.5519713260115491,0.22449323155259088,0.7857142857142857,0.08573384926321168,54.1400976880055,30.24972437982236,26.309890622760882
montana_lady_griz,0.5257575756818181,0.6639940607572382,0.7864679669118901,0.5931979656704456,0.2793650792857143,0.48611111108333327,0.4308943090243904,0.4583333332142857,0.671698108,0.5913922591004629,0.5296296296666667,0.33541666668750003,0.12583333324999998,0.0750000000046875,0.8115384615384615,0.5315789473684212,0.033333333500000006,0.3973333332,0.7223312010916845,0.18651685393258433,0.8557831574629355,0.45080264412041937,0.0,0.08579886390472684,0.16948263105840994,0.42741234331683986,0.2392446227745099,0.6518518522004114,0.19242546069537533,0.8620689651785713,0.17785649420543242,53.995601893862826,62.16301296111245,29.9385100211582
southern_utah_thunderbirds,0.5924242424999999,0.6960653302449888,0.7677164526303688,0.6017471466656961,0.28253968261904766,0.47777777774999997,0.4617886178048782,0.4940476189285714,0.6767605599999998,0.6383015599247768,0.5296296296666667,0.41041666668750004,0.14500000000000002,0.08750000006796874,0.7461538461538461,0.636842105263158,0.08333333350000001,0.4213333332,0.7591755507718552,0.24456928842696637,0.8389406165747653,0.4643059490216518,0.0,0.08579886390472684,0.061305000740549516,0.49019607821716915,0.2688469699275058,0.5500000001222222,0.18737450929504512,0.8035714285714285,0.07076958721946978,55.4328049675657,58.96376670426108,26.361978872969154
idaho_vandals,0.6505681818181818,0.6570155902004454,0.6901282988197931,0.5822402114543109,0.5223214285714286,0.7317708333333333,0.35060975609756106,0.38616071428571425,0.7026086956521735,0.6706564126178142,0.28125000000000006,0.37695312500000006,0.09218749999999999,0.08203125000512694,0.7451923076923077,0.4111842105263159,0.015625000000000003,0.405,0.7296375266524522,0.29353932584269665,0.7944017691121787,0.35543555241800107,0.0,0.03897911831012148,0.07367372827057782,0.4314629066238639,0.37000980766426317,0.6111111112469135,0.33115946884674274,0.8640552991071428,0.08301360449597112,41.6654645001708,40.08143009190186,38.61223677152021
cal_state_bakersfield_roadrunners,0.5072727272727272,0.5587527839643652,0.6632802410812316,0.5513892253603394,0.3142857142857143,0.4666666666666666,0.39414634146341476,0.4371428571428571,0.7119999999999999,0.4965684576422673,0.2755555555555556,0.45000000000000007,0.139,0.16500000001031248,0.5599999999999999,0.5473684210526317,0.04000000000000001,0.576,0.63044776119403,0.24224719101123598,0.775940409707509,0.2742209631805729,0.0,0.26635730855319295,0.05151474546905757,0.49019607821716915,0.23185651930543055,0.6600000001466666,0.211055876093325,0.8928571428571428,0.061078044221656566,28.549076046398554,10.164373923399944,46.94368197709216
tarleton_state_texans,0.46672077931818184,0.5917912823162583,0.7415861970084486,0.5837509485645828,0.25510204071428566,0.4315476190833333,0.3945993031707319,0.39030612249999996,0.6105960279999999,0.5905545928437895,0.49206349211111117,0.5245535714375,0.19464285725000002,0.1808035713863002,0.6428571426923076,0.5206766915789475,0.12500000000000003,0.44,0.6321047821918978,0.1709470304494382,0.8200984304785878,0.46297045740688303,0.0,0.11717796674567864,0.07412377296198241,0.49019607821716915,0.4057110887830062,0.5674603178483245,0.45596717089949634,0.8290816330357142,0.10799902083915933,48.94119305378429,54.506263638837495,53.097971987717365
california_baptist_lancers,0.6575757575000001,0.798218262806236,0.852105958320913,0.5968890377795061,0.5420634921428571,0.74722222225,0.3756097560975611,0.3761904760714285,0.6207792205194805,0.9164067013517658,0.48518518522222226,0.5979166666875,0.14416666674999998,0.05625000000351561,0.8269230769230769,0.37368421052631584,0.08333333350000001,0.5559999999999999,0.8365031982942431,0.2853932584269664,0.8528243327390695,0.452880075451923,0.0,0.10663253062591785,0.056516149363931,0.1260504198008614,0.4399032281810168,0.5296296299510288,0.5166701787928902,0.7142857142857142,0.12206006266512372,67.13661263624768,56.90451366733047,42.7674794478804
st_thomas_minnesota_tommies,0.46090909090909093,0.5687305122494433,0.7212036539688138,0.5713567189048018,0.3085714285714286,0.46333333333333326,0.3092682926829269,0.2971428571428571,0.5919999999999999,0.5046100520980125,0.25333333333333335,0.35250000000000004,0.18200000000000002,0.2175000000135937,0.6415384615384615,0.44631578947368433,0.0,0.5152,0.5840511727078892,0.2579775280898876,0.7431657355910355,0.24181303116832334,0.25,0.16566125286836436,0.06227802187661223,0.23009203623113106,0.3579800143245476,0.5377777778972839,0.43115023708015965,0.7653061223214286,0.10225050924911239,30.086412012356206,15.208537037260895,43.84990409528705
sacramento_state_hornets,0.4598484847727273,0.6402375650779509,0.8197854188411287,0.6323920700931155,0.35079365071428575,0.57222222225,0.34065040658536594,0.3571428571428571,0.6591885439476878,0.6064702487049851,0.3037037036666667,0.3520833333125001,0.10333333324999998,0.14375000007148436,0.6128205126923076,0.43859649121052646,0.0,0.4426666668,0.6795735607675907,0.2423220974157304,0.8004758948913865,0.27941454203907695,0.0,0.07885430826386572,0.04744277881847208,0.42741234331683986,0.2552606722835191,0.5703703702934156,0.19191336523601765,0.8333333330357142,0.05757027898549211,44.60207330284298,27.55872034239089,24.719575226367603
new_mexico_state_aggies,0.6233766234090908,0.6592427616926503,0.7149822068527019,0.5019269906100405,0.2066326530952381,0.32738095241666665,0.4181184668292684,0.41198979607142855,0.6075000039999998,0.516959643799021,0.23412698411111116,0.5334821428750001,0.17321428575,0.13392857138337053,0.5618131869230769,0.6954887215789475,0.053571428500000004,0.6514285716000001,0.674992384955224,0.2307383628089888,0.8052230202732843,0.3839538647984123,0.3333333333000001,0.14701383506690302,0.07458388280897789,0.5693581781103745,0.49396328850386195,0.6329365082517636,0.33993815738475475,0.9247448982142856,0.10589313421212454,39.80244363910312,2.697945010752411,61.30140879460448
seattle_u_redhawks,0.5553030302272728,0.6022271714922048,0.691905459431266,0.5393192537003783,0.365873015952381,0.5166666666666666,0.3853658536585367,0.3797619046428571,0.6075949364556963,0.6165222417746666,0.3629629630000001,0.5562500000000001,0.1625,0.08750000006796874,0.6512820511538462,0.5333333331578948,0.13333333350000004,0.5333333332,0.6500071072750534,0.2468164794382022,0.7829505482924565,0.29915014165153403,0.0,0.08579886390472684,0.04040431865594331,0.21008403300143574,0.5991324675907371,0.5500000001222222,0.5142560143381769,0.7554945053571428,0.1271835377099549,35.4896099862829,33.59828945017573,52.49757286919476
uc_irvine_anteaters,0.5901988636363636,0.6258351893095768,0.6894257080525874,0.584694527897392,0.3839285714285714,0.5651041666666666,0.4214939024390245,0.46875,0.711392405063291,0.5654246101695857,0.35069444444444453,0.587890625,0.1203125,0.09960937500622558,0.6033653846153846,0.6463815789473686,0.0,0.52875,0.7100213219616206,0.1889044943820225,0.8481727188345181,0.4304178470376889,0.0,0.058468677364486146,0.028795655922440495,0.49019607821716915,0.2004154685321252,0.6875000001527777,0.1006999929092543,0.8928571428571428,0.04646743946609892,44.279292191174065,38.32076900243517,24.826213283373583
uc_san_diego_tritons,0.5606060606818181,0.584673760712695,0.6629448742203552,0.5906389027829784,0.44885361547619046,0.6666666666666666,0.2719060524390245,0.28703703703571426,0.6651162789220731,0.6552410298763066,0.43621399177777787,0.35879629631250004,0.14629629624999999,0.08333333325520832,0.7564102565384616,0.49512670578947376,0.0,0.49333333319999995,0.6256969122388061,0.17935913438202247,0.811780122799869,0.38317070624314936,0.0,0.14242370163393936,0.04336185797616956,0.0700280103935691,0.22930783596764506,0.6337448560852765,0.3485059083236358,0.6868131866071429,0.0831070532054672,41.32029702556696,41.14587651413576,30.2054013418718
cal_state_northridge_matadors,0.4448051947727273,0.523067133363029,0.6728112818301708,0.6412311199770938,0.2431972788095238,0.44642857141666664,0.37630662024390255,0.3762755103571428,0.6194444439999998,0.4900346621469743,0.2261904762222223,0.64732142875,0.18660714274999995,0.25446428570340396,0.5384615384615384,0.45112781952631587,0.0,0.5757142856,0.5765458422174841,0.2215088282022472,0.7615722267089252,0.2604208822368391,0.0,0.14701383506690302,0.0682604366014905,0.49019607821716915,0.3937833657659997,0.5019841268337741,0.16600296499236675,0.7334183669642856,0.08561275362924771,27.58829803641072,22.25044599314095,32.06033911337901
denver_pioneers,0.5007836990909091,0.5701559020044543,0.6938682016239993,0.5588105734673275,0.44170771761904765,0.6063218390833334,0.4112699748780489,0.4593596060714285,0.7153374279999999,0.5684575392343413,0.582375478888889,0.38362068962500007,0.15775862075,0.18103448269881464,0.6366047746153847,0.41923774952631593,0.06896551750000002,0.4841379312,0.670538930899787,0.31538163505617983,0.7515571822765846,0.24284458337231857,0.3333333333000001,0.09373549883654278,0.09024986261143203,0.49019607821716915,0.1533048447969535,0.6111111112469135,0.23583323558523905,0.8928571428571428,0.0994226065339165,30.40972334036499,46.77785919945807,31.13011827006853
manhattan_jaspers,0.6044034090909091,0.6670378619153674,0.7344132636148736,0.5216665179324075,0.24627976190476192,0.375,0.4192073170731708,0.43749999999999994,0.6552727272727275,0.5560008666667593,0.35416666666666674,0.49414062500000006,0.221875,0.10546875000659178,0.7620192307692307,0.7269736842105264,0.03125000000000001,0.46,0.6985074626865673,0.19417134831460675,0.8392108938807948,0.3943873937788779,0.0,0.058468677364486146,0.019940312357765416,0.49019607821716915,0.05039763121361815,0.5920138890204475,0.05322378807420004,0.8649553571428571,0.02982196686270193,45.21890100514119,48.64268583297885,8.692665289674672
fairfield_stags,0.5153958943181818,0.6586680078396436,0.7901548534601113,0.6419396761989224,0.2703533026190476,0.49731182791666667,0.32887490170731715,0.36175115214285714,0.7014354039999999,0.6695924418203659,0.27240143366666675,0.4919354838750001,0.05806451625000003,0.07258064512953627,0.5980148884615384,0.42105263157894746,0.016129032500000005,0.3393548388,0.683183162541578,0.14099311348314608,0.8638593540491576,0.4814950195603824,0.0,0.08510440832050145,0.06409100810381335,0.49019607821716915,0.0988112128644788,0.5716845879603742,0.08551884041559862,0.8352534562499999,0.07352750408726777,57.20072609794808,48.60931209102423,13.577518875403733
quinnipiac_bobcats,0.5953079179545454,0.6885552124721603,0.7633170388270292,0.5888030217839983,0.30261136714285714,0.4892473118333333,0.3752950431707318,0.39861751142857144,0.6704402559999999,0.632302789802212,0.4157706093333334,0.5302419355000001,0.17016129024999999,0.09677419350604838,0.6736972703846154,0.6179966042105265,0.0,0.4864516128,0.7188389847334755,0.17433852842696634,0.8614364950732909,0.47144293162808626,0.0,0.07839133800864362,0.04930711558304146,0.49019607821716915,0.02873123029325328,0.5913978492980884,0.01772400931798404,0.8640552991071428,0.05889267322056701,54.21365634896823,49.17496280072431,6.905080830250135
uc_santa_barbara_gauchos,0.42569930068181816,0.5468562619153675,0.7112942081661893,0.5375782988124564,0.3104395604761905,0.4519230769166666,0.4362101312195123,0.4615384614285714,0.66709678,0.6108518863488773,0.28205128200000007,0.43269230768750006,0.173076923,0.12980769225811295,0.6789940826923077,0.49595141684210536,0.0,0.43230769240000005,0.6282433984136462,0.14520311146067416,0.8338108199017321,0.42787099584781507,0.0,0.22607888627926148,0.032880878300197765,0.49019607821716915,0.41003719337453604,0.5405982909534662,0.17805217724722536,0.7898351651785713,0.08890317151759178,44.87053497357904,37.59823626694237,42.018139183157125
cleveland_state_vikings,0.5412457911363636,0.6427451951893096,0.7436111981578748,0.5746060894585522,0.3174603173809524,0.49999999999999994,0.5555555556097562,0.5753968253571428,0.6487804839999999,0.5435522176000456,0.46502057611111114,0.6041666666875001,0.17592592600000004,0.17361111113585068,0.7094017092307693,0.6549707600000001,0.09259259250000001,0.44,0.7530600964093818,0.17935913438202247,0.8755086558496433,0.5343615570972908,0.0,0.1811529537584451,0.03221817584536549,0.5630252099004307,0.05773235412714367,0.6790123457620026,0.04306381416054389,0.9285714285714285,0.04197603625227607,54.17367930298168,63.957586420310456,25.78378355496431
xavier_musketeers,0.5507575756818182,0.6188567187527839,0.7068997704021678,0.49335279883702626,0.10396825404761906,0.22499999999999998,0.4219512195121953,0.4607142857142857,0.6399999999999998,0.5964182556353037,0.32962962966666676,0.46875000000000006,0.18416666675,0.09999999994374997,0.594871795,0.5701754384210528,0.033333333500000006,0.5040000000000001,0.6459132906439233,0.3239700374157304,0.7340161390668534,0.195278564699583,0.0,0.0580206415426748,0.1322647366309435,0.49019607821716915,0.2529235952773215,0.5907407410757202,0.16542390321946526,0.8630952383928571,0.1410138568962525,28.87530173500616,28.402685621728324,24.87216860397229
youngstown_state_penguins,0.4866771159090909,0.5971891559910913,0.742839527492352,0.6013289447770395,0.4885057471428572,0.6982758620833334,0.3969722456097562,0.4174876846428571,0.6618644079999999,0.694974003766719,0.26053639844444454,0.4116379310625001,0.1344827585,0.2327586206395474,0.6763925730769231,0.4954627947368422,0.03448275850000001,0.43862068960000006,0.6903021837100214,0.14451762887640454,0.8652796506972463,0.49965810301698754,0.16666666670000005,0.07935034790934332,0.11300267092357025,0.49019607821716915,0.08774060694159957,0.674329502149851,0.05766194873903635,0.8928571428571428,0.12194600495031817,55.461089068371834,31.643020195758425,18.822631028010782
detroit_mercy_titans,0.47895622886363637,0.5332013526948775,0.6661228743496854,0.4961274953910403,0.1560846561904762,0.287037037,0.3757904246341464,0.3558201058214286,0.575961538333853,0.5007381731370686,0.2633744855555556,0.5648148148125001,0.26944444450000005,0.1041666667565104,0.5783475784615385,0.5516569200000001,0.03703703700000001,0.554074074,0.5503909025842219,0.2788181439325843,0.7136584132561656,0.07963487568497551,0.0,0.12693200074385866,0.027283976163902636,0.49019607821716915,0.058635869150334,0.6337448560852765,0.04567512169416127,0.8928571428571428,0.03709158665963474,14.466675146969877,22.576032456644775,16.45938768852006
niagara_purple_eagles,0.723484848409091,0.6889383814699331,0.6766412574421734,0.5051177848304902,0.3698412697619048,0.4805555555833333,0.49186991878048797,0.4797619046428571,0.5993388399999998,0.5980935876460507,0.15185185188888894,0.8229166668750001,0.28166666674999996,0.150000000009375,0.444871795,0.745614035263158,0.033333333500000006,0.6333333332,0.7487135750277187,0.3277153558426966,0.7831781502415636,0.28045325779831315,0.0,0.10663253062591785,0.057256516920638614,0.49019607821716915,0.0917865116060253,0.5703703702934156,0.08666362157025581,0.8333333330357142,0.06676192307501501,31.82597983775561,15.265863154378549,14.851222762015716
western_carolina_catamounts,0.4383116884090909,0.5065224306458797,0.6550737440452075,0.48318860650933965,0.22448979595238094,0.3244047619166667,0.3005226480487806,0.2869897959285714,0.582608695770737,0.4649046794727705,0.28968253966666674,0.4598214285625001,0.2526785715,0.24107142864006692,0.5645604396153847,0.5733082705263159,0.017857143000000002,0.5371428572000001,0.5097776424392325,0.19020866775280898,0.7471845349269765,0.23816268718238423,0.0,0.1097189996653725,0.039472522699933246,0.49019607821716915,0.050040388892831605,0.6765873016503526,0.022860794779381743,0.8928571428571428,0.049157239654276916,22.431485313826315,18.606755279377765,16.174616058449907
mercer_bears,0.5369318181818181,0.7060133630289532,0.8307248865934653,0.784783936564009,0.09077380952380953,0.35416666666666663,0.35365853658536595,0.36607142857142855,0.6482758620689655,0.49317590998124977,0.49305555555555564,0.41796875000000006,0.0984375,0.07031250000439453,0.6730769230769231,0.41776315789473695,0.03125000000000001,0.47000000000000003,0.6976545842217485,0.1264044943820225,0.8799658597417742,0.5628541076646703,0.0,0.7094199535664386,0.07960876954650874,0.49019607821716915,0.1060379669591035,0.11458333335879622,0.1386157059220913,0.1674107142857143,0.08888880449070172,62.12489096587585,47.60960316202082,33.601914794853734
colorado_buffaloes,0.5136363636363637,0.6319227912694877,0.7544260882323851,0.5715409479046994,0.3126984126190476,0.4833333333333333,0.4325203251219514,0.4321428571428571,0.6187969926351122,0.6550548815400461,0.4000000000000001,0.672916666875,0.13333333325000002,0.11874999994492187,0.5858974357692308,0.5859649121052632,0.05000000000000002,0.532,0.6873063255607678,0.14419475651685398,0.8639768260603344,0.4913125591357313,0.125,0.051076086103205826,0.2122711780045888,0.3646286102372388,0.17377952547670722,0.7129629633251028,0.2085082011830206,0.8312807883928571,0.22021361677713502,54.13529984315339,45.818140524001535,28.161056476364344
tulane_green_wave,0.6055194804545454,0.6706967864587973,0.7380301166321773,0.5704103345719943,0.35204081642857143,0.5208333333333333,0.4982578397560977,0.5446428571428571,0.6958041957415515,0.7179995051926515,0.43253968255555564,0.40848214287500006,0.15178571425,0.16741071432296314,0.7623626373076923,0.6917293231578949,0.10714285700000001,0.4242857144,0.7661285409296377,0.24719101123595508,0.8408264609447804,0.3750505869511346,0.16666666670000005,0.14701383506690302,0.10577149546599375,0.42517006726547757,0.33347455102182477,0.6547619046455025,0.22040466642361473,0.8609693875,0.11478773931490593,50.321689871238604,50.14768065484922,41.8169217301507
alabama_am_bulldogs,0.5189393938636364,0.5434298440979956,0.6495480849438545,0.49934459805591963,0.15575396833333333,0.2743055555833333,0.4451219512195123,0.4553571428571428,0.6399999999999998,0.5025996534840762,0.513888888888889,0.38020833331250004,0.18229166675000003,0.15624999994726563,0.6666666665384615,0.6425438594736843,0.020833333500000002,0.5116666668000001,0.5941719972025588,0.21535580528089887,0.7741309745739953,0.26746931066763374,0.5,0.310138202259156,0.08137902761158598,0.5660597576608093,0.25809702463310624,0.4583333334351851,0.17619071025246025,0.6696428571428571,0.09064121356269798,27.510310460079467,40.73549192481619,41.87290384698735
uab_blazers,0.4845779220454546,0.6248806873942093,0.7807367103384838,0.5734146369036586,0.30697278904761904,0.46428571425,0.45644599292682936,0.5038265307142856,0.7045801479999999,0.5941445902968758,0.41269841266666674,0.32589285712500005,0.18303571424999995,0.1540178570721261,0.7390109888461538,0.586466165263158,0.0357142855,0.5257142856,0.7061833688699362,0.2251203852808989,0.8242440365308579,0.34722784289935493,0.0,0.15447280214720918,0.06548070483664498,0.49019607821716915,0.30043164124596256,0.6329365082517636,0.2620259699818026,0.8928571428571428,0.07490318891536171,46.743210774498394,29.592390260196744,43.14369583469735
southern_miss_lady_eagles,0.5507575756818182,0.6972531552783964,0.8104486463050117,0.5631328499093706,0.11349206357142858,0.28055555558333334,0.44227642268292694,0.43571428571428567,0.6073529413248806,0.6785095322035029,0.35185185188888896,0.5333333333125001,0.19166666675000005,0.10625000006914062,0.6564102565384615,0.6614035089473685,0.0,0.5893333332,0.7055010660980812,0.22509363292134837,0.8239188910063289,0.38640226629989816,0.0,0.09968797498505674,0.11722431315356799,0.6202480982998241,0.21731645741570024,0.6111111112469135,0.17707773276650884,0.8928571428571428,0.126125081599376,53.325614429085405,29.00698426127255,32.89744023298474
houston_christian_huskies,0.4618181818181818,0.4732293986636971,0.597982670526022,0.6091967771060017,0.2857142857142857,0.4766666666666666,0.41073170731707326,0.47142857142857136,0.7406175771971498,0.5106412479398215,0.4355555555555556,0.5050000000000001,0.18,0.14250000000890622,0.6046153846153846,0.5031578947368422,0.020000000000000004,0.456,0.5796844349680171,0.13797752808988767,0.8139044072257574,0.31535410765765876,0.0,0.29153132247440006,0.062332489279190224,0.49019607821716915,0.1631879192816581,0.5377777778972839,0.14662554683255288,0.7857142857142857,0.07178671589240573,27.227321095348756,47.97044256150354,33.531693277194286
se_louisiana_lady_lions,0.5036363636363635,0.6171937639198218,0.7534897535399165,0.4967993297240004,0.1933333333333333,0.31999999999999995,0.41073170731707326,0.3814285714285714,0.5559999999999998,0.59306759111121,0.288888888888889,0.5925,0.15299999999999997,0.08250000000515624,0.6323076923076923,0.5726315789473686,0.12000000000000001,0.4928,0.6299019189765459,0.11730337078651684,0.8515952824597018,0.4499716714008491,0.0,0.2999226605152665,0.0696462766373678,0.49019607821716915,0.11385067402666488,0.5622222223471605,0.11040035935580284,0.8214285714285714,0.07902676047684475,48.172858256061446,35.11740149996411,31.242135290801507
new_orleans_privateers,0.47529644272727267,0.4663503436971047,0.5726647305863437,0.4888553468395248,0.29917184261904767,0.41666666666666663,0.40615058317073177,0.4021739132142857,0.6114882519999998,0.4654509836843226,0.24154589366666673,0.5760869565,0.252173913,0.1548913044471807,0.5183946488461538,0.5148741421052633,0.0,0.6678260868,0.5381292296460556,0.27650219831460676,0.7089304510213821,0.18696883853220878,0.0,0.3762075510269186,0.10525487311925603,0.49019607821716915,0.08833241950344689,0.5048309176677401,0.11432608719279286,0.7375776392857143,0.11427632591983142,12.315763112799559,4.12810203891916,32.2276456552304
mississippi_valley_state_devilettes,0.7283057852272727,0.5847337518040089,0.5572223889881096,0.551361679693688,0.4296536797619047,0.5795454545833333,0.5022172948780489,0.4610389610714285,0.5523178839999998,0.5871277769331982,0.21717171722222228,0.6022727272500001,0.2545454545,0.1448863636965554,0.56993007,0.7559808610526316,0.045454545500000006,0.6927272728,0.6779608451002133,0.39427987741573034,0.7073246430945787,0.1628895184097136,0.0,0.323897911859207,0.10628767876193665,0.49019607821716915,0.0956582275517648,0.4722222224938271,0.06514164605139931,0.6899350651785714,0.11529871808600607,16.757065505765993,2.02450328922602,23.37811279626532
wichita_state_shockers,0.6106060606818182,0.6390497400445434,0.6908591295845504,0.5529730586927928,0.21428571428571427,0.3666666666666667,0.3821138212195123,0.42142857142857143,0.7038297870417386,0.5897169265871163,0.425925925888889,0.5416666666875001,0.21416666675,0.08750000006796874,0.6974358973076923,0.7333333331578948,0.06666666650000001,0.5013333332000001,0.6695664534925375,0.2127340823595506,0.8134492034641045,0.3822474033252762,0.0,0.07885430826386572,0.14305843075077007,0.49019607821716915,0.4273961617412692,0.6314814814181069,0.21146128501571967,0.8928571428571428,0.15169872136267226,42.572702064871905,47.63165669407662,39.95361414523084
louisiana_tech_lady_techsters,0.49502840909090906,0.6625835189309577,0.8140667179972189,0.602029705554428,0.1480654761904762,0.32291666666666663,0.46493902439024404,0.5178571428571428,0.7127868852459015,0.5371533796611064,0.31250000000000006,0.5234375,0.1296875,0.09960937500622558,0.609375,0.4819078947368422,0.03125000000000001,0.43375,0.7172707889125801,0.1811797752808989,0.8564944134344039,0.502478753555311,0.5,0.058468677364486146,0.12142099119982333,0.42950513575469396,0.2513475836591057,0.5729166667939815,0.16899150160339352,0.8370535714285714,0.1302794457712373,55.985139982296985,41.829429192127,25.250159699453057
incarnate_word_cardinals,0.4725705329545454,0.5345211581291759,0.671096089148548,0.5000448431666418,0.23727422000000004,0.34770114941666663,0.41883936073170747,0.42118226607142856,0.6240963879999998,0.48006932429394855,0.31034482755555565,0.5215517241250001,0.2,0.19396551732462286,0.5517241380769231,0.5880217784210527,0.017241379500000004,0.49931034479999997,0.586309830140725,0.17745060056179773,0.7932318756856993,0.26433525448624184,0.0,0.1368909512153574,0.031217870254748446,0.49019607821716915,0.08572492851312954,0.5900383140755641,0.10079176630466899,0.8620689651785713,0.040985816449668144,26.65009214904211,29.716704339219405,19.032559680768138
green_bay_phoenix,0.5034965034090909,0.5824910057906458,0.7101918816368052,0.617542692879143,0.38827838833333334,0.5865384615,0.3133208256097562,0.35989011,0.7413173679999999,0.6669110787002241,0.27777777777777785,0.44471153843750005,0.11538461550000001,0.15144230775946513,0.6139053253846154,0.49190283421052644,0.0,0.43384615400000004,0.6387403641449895,0.12532411404494384,0.8511435802622949,0.47341468723720725,0.5,0.20996751736968888,0.1666375548269443,0.2801120452157333,0.24318222714640486,0.5405982909534662,0.2100037825781061,0.7898351651785713,0.1750401040435134,50.84381216248924,34.07732060432339,31.544141284579048
rice_owls,0.5157342656818181,0.609902347260579,0.7363367353730285,0.5615193723547114,0.3562271061904762,0.5160256409999999,0.5187617260975611,0.5384615385714285,0.6506329119999998,0.5837888285096269,0.32051282055555563,0.46153846156250006,0.2125,0.11538461531971152,0.6775147930769231,0.6234817815789475,0.07692307700000002,0.52,0.7164179104477613,0.24848746764044946,0.8151649715833384,0.3811287862147629,0.75,0.23413457073404775,0.06923469256791358,0.4173669465339076,0.22715934149916267,0.7286324786063627,0.1423283980024344,0.8571428571428571,0.07861932628889812,44.347567978223736,28.06083393158991,47.18778974581773
lamar_cardinals,0.4342532468181819,0.5701559020044543,0.7460238808415952,0.6773895400681169,0.25510204071428566,0.49999999999999994,0.4451219512195123,0.44260204071428566,0.6148727982465747,0.612094578064907,0.27380952377777784,0.44866071431250004,0.17410714275,0.13392857138337053,0.5865384615384616,0.5187969926315791,0.053571428500000004,0.4942857144,0.6467255558550107,0.1906099517977528,0.8154651060029628,0.3383245650520772,0.16666666670000005,0.14701383506690302,0.10571158132914936,0.3384687211506171,0.2619439336713028,0.6329365082517636,0.22755290001525652,0.81845238125,0.11472842927473823,43.365757630899395,22.019787944565465,34.62077964101123
creighton_bluejays,0.5924764890909091,0.782735580935412,0.8820584409651503,0.6815168605102684,0.5213464695238096,0.8563218391666667,0.2893187553658537,0.3078817733928571,0.6720930229088019,1.0,0.31800766288888893,0.46982758618750003,0.09482758625000001,0.08405172413025322,0.624668435,0.5081669689473686,0.017241379500000004,0.4689655172,0.8164105580895524,0.21851995348314612,0.8834093196115272,0.5630555827921546,0.5,0.08654292337294314,0.14503215388136204,0.5529798131174984,0.3833472147266703,0.6532567049785014,0.2673679824098162,0.9236453205357142,0.1536525440215778,80.56265373644017,34.702910142189864,49.10491592374786
oral_roberts_golden_eagles,0.5381231670454546,0.6046411381737193,0.7043165148072144,0.5361866769243407,0.27188940095238096,0.4139784945833333,0.49724626268292693,0.5334101382142857,0.6791139279999999,0.5512383298546769,0.3620071684444445,0.5302419355000001,0.14596774199999998,0.06653225812915825,0.6612903226923077,0.5280135821052633,0.0,0.41806451600000005,0.6937478506439233,0.2359550561797753,0.8114374962883748,0.36086996250314085,0.0,0.051539056358428016,0.14189379435519492,0.49019607821716915,0.19176072527799018,0.5913978492980884,0.17227715313220504,0.8640552991071428,0.15054582765443553,38.79867575234003,53.122289017449575,22.093675404097503
smu_mustangs,0.5681818181818181,0.6159720014253898,0.6921085597890716,0.5379147628122696,0.1454081633333333,0.29464285716666666,0.38414634146341475,0.3762755103571428,0.6027210887619051,0.6838945286344321,0.4563492063333334,0.46428571431250004,0.13571428575,0.10714285706919642,0.6909340657692307,0.5639097742105265,0.0357142855,0.4414285716,0.6228449588400854,0.19020866775280898,0.803759865208062,0.3383245650520772,0.0,0.15447280214720918,0.0827102676309348,0.10004001614847613,0.30122543234513666,0.6547619046455025,0.16429363536222175,0.7015306124999999,0.09195903107921333,40.71497271511244,52.98230273561065,25.099415799776402
chicago_state_cougars,0.5132575756818182,0.5107646620935411,0.6178702340723178,0.46841595596199115,0.20337301595238094,0.3125,0.44308943097560993,0.4241071428571428,0.5844036695808434,0.3581022531074043,0.33796296300000006,0.515625,0.24375,0.16406250001025388,0.5224358973076922,0.6578947368421054,0.020833333500000002,0.7183333332,0.5634683724690832,0.28417602999999997,0.7169459962978567,0.11685552408263047,0.0,0.2751134873346639,0.04744157653347086,0.576897426152758,0.5770338074197473,0.4837962966075102,0.46458580313112385,0.7068452383928571,0.12270989442504199,9.214301553352001,0.0,70.62080770891788
butler_bulldogs,0.42938311681818175,0.5332484885523384,0.7013681426520868,0.4941785606143453,0.3681972788095238,0.47023809524999993,0.2857142856097562,0.2857142857142857,0.6195121954217726,0.5223446397273507,0.2182539682222223,0.30803571431250004,0.2714285715,0.1808035713863002,0.5796703296153846,0.4360902255789474,0.0,0.4157142856,0.5536399634285716,0.38081861955056184,0.6532987496974954,0.08012950221473455,1.0,0.1097189996653725,0.07455162135897288,0.49019607821716915,0.173856604844026,0.7638888890586419,0.0917041039982722,0.8928571428571428,0.0838826460457291,16.901610444142108,18.399436860926357,38.81926878576494
nicholls_colonels,0.5054545454545455,0.5587527839643652,0.6755524532671564,0.4688693289617393,0.1761904761904762,0.29333333333333333,0.422439024390244,0.44999999999999996,0.6729792147806006,0.4704332756610953,0.20000000000000007,0.5175000000000001,0.273,0.11250000000703123,0.6092307692307692,0.536842105263158,0.04000000000000001,0.5408000000000001,0.6069765458422176,0.3015730337078652,0.7281440099543185,0.14832861190221897,0.0,0.2747486465940594,0.07878423689908215,0.4110339783239638,0.2526629471965923,0.5377777778972839,0.1369625281735794,0.7857142857142857,0.08807258536422967,18.753821036747965,16.909644257381764,33.0188433128774
uic_flames,0.354895105,0.4399520302895323,0.6395884058294277,0.5031301599427055,0.20329670333333333,0.32051282049999996,0.4784240151219514,0.4546703296428571,0.5788235319999998,0.4504066125685421,0.32478632477777786,0.533653846125,0.2240384615,0.18028846163626802,0.4319526626923077,0.39271255063157906,0.05769230750000001,0.5661538460000001,0.5222240446226014,0.2700950734831461,0.704865587563776,0.09827849205377562,0.0,0.12941067282182614,0.04762934222581126,0.49019607821716915,0.0811076186246575,0.6111111112469135,0.06131883552395323,0.8928571428571428,0.05723181636022244,9.78209981941049,13.991805404223916,17.15681289933483
northwestern_state_lady_demons,0.5426136363636364,0.5731254638752783,0.6658331311433004,0.5017151101657139,0.29861111119047623,0.42361111108333327,0.4603658536585367,0.47916666678571423,0.6529801326622514,0.5088821491526272,0.32407407411111117,0.5442708333125001,0.23333333324999997,0.07031250000439453,0.6554487180769232,0.605263157894737,0.10416666650000002,0.4916666668000001,0.6504619758805971,0.22331460674157305,0.7974601697143842,0.3388810198396284,0.0,0.28386966611613507,0.060028259015507665,0.49019607821716915,0.07638051965419217,0.5092592591687243,0.0991172954221188,0.74404761875,0.06950571850693725,32.68263532458256,36.42098256588756,24.12353443718262
kansas_city_roos,0.5747800586363636,0.7126948775055679,0.8106886810872925,0.6663029069631651,0.34639016904761905,0.6075268817499999,0.40283241536585374,0.4550691242857143,0.7257812439999999,0.6890479120670464,0.2974910394444445,0.41129032256250003,0.1362903225,0.13911290325869455,0.6674937965384615,0.5789473684210528,0.0,0.47612903240000004,0.7782653551897656,0.23994200797752807,0.8513045393498232,0.4231929086805437,0.0,0.051539056358428016,0.10214740531006308,0.22045855373408613,0.14638191824790453,0.6308243731957387,0.1994182124781615,0.7605820107142857,0.1112001897975376,57.86944127990354,30.55702973777712,15.153816648696427
sam_houston_bearkats,0.5727272727272728,0.6378619153674832,0.7167882051061354,0.5457367574745907,0.10793650785714284,0.2638888889166666,0.5756097560975612,0.5821428571428571,0.6399999999999998,0.509300982029664,0.31481481477777784,0.6166666666875,0.27916666675,0.11250000000703123,0.5653846153846154,0.7719298247368422,0.05000000000000002,0.6706666668000001,0.7132338308912582,0.2827715356179775,0.7927374301922016,0.3677053824466773,0.0,0.08579886390472684,0.07209514174835314,0.49019607821716915,0.29097939253638655,0.5703703702934156,0.19869683154204398,0.8333333330357142,0.08145093439885347,39.667967455369165,14.017352722577916,29.43199338719534
memphis_tigers,0.5,0.5688360965701559,0.6923295089270742,0.5996894440001725,0.24867724857142862,0.43827160491666667,0.4588979221951221,0.47751322749999997,0.6527559039999998,0.48026189133038377,0.4320987654444445,0.42824074075000007,0.17314814825,0.15972222225998262,0.6310541311538462,0.6686159842105264,0.148148148,0.4666666668,0.6489457475138594,0.19933416561797754,0.8112743408197167,0.3300807889328635,0.0,0.1811529537584451,0.09449957233780416,0.2878929348548569,0.37935500726681665,0.6563786009236396,0.22073590277395194,0.7936507937499999,0.10362946768301137,35.653538103505625,36.371497081150096,40.73587062012569
st_francis_pa_red_flash,0.4106060606818181,0.514328136481069,0.6885477944003243,0.5708582297939677,0.20873015880952378,0.3666666666666667,0.315447154390244,0.32023809524999997,0.6319587631319475,0.5227036396234392,0.17407407411111117,0.29791666668750005,0.22666666675,0.2937500000808594,0.5961538461538461,0.5543859647368422,0.05000000000000002,0.43466666680000005,0.5353802416034116,0.2456928839325843,0.7262776742993878,0.1682719546789879,0.0,0.07885430826386572,0.04827581576236216,0.49019607821716915,0.10894079175423269,0.44814814804403286,0.09154559826572906,0.6547619044642856,0.057871771693631904,24.275550510419038,10.195989005789308,5.774050345417066
iu_indianapolis_jaguars,0.4878246752272727,0.7101495387082406,0.8897720060895495,0.6983165532787131,0.375,0.6636904761666667,0.3475609756097562,0.3788265307142857,0.6932330829473679,0.7018445158998637,0.3253968254444445,0.35267857143750003,0.16785714275000002,0.20089285707505578,0.7362637361538462,0.5131578947368423,0.0,0.3385714284,0.7563813585330492,0.13121990370786515,0.9064245810337189,0.6121003641533174,0.0,0.14701383506690302,0.08243186661239216,0.49019607821716915,0.07328970307919414,0.6547619046455025,0.05165092343439877,0.8928571428571428,0.09168343709652141,75.9371827473072,50.98604340693898,20.39275277748741
marshall_thundering_herd,0.561688311590909,0.5828825963474387,0.6544566554052963,0.5606477049107512,0.39285714285714285,0.5565476190833333,0.4224738675609757,0.43749999999999994,0.6486597938844254,0.5241396387051936,0.23809523811111116,0.47991071431250004,0.09196428575,0.09375000000585937,0.5961538461538461,0.629699247894737,0.017857143000000002,0.5871428572000001,0.663783125151386,0.17977528089887643,0.8305843752833825,0.4418251720521764,0.0,0.15447280214720918,0.09440470828380629,0.2801120452157333,0.37633321742381576,0.5674603178483245,0.24344755526606388,0.7898351651785713,0.10353556011545852,40.280946467297255,10.964434263386659,33.89567554222017
georgetown_hoyas,0.5148902820454545,0.577528607572383,0.6866809169692465,0.5540455660255302,0.2873563219047619,0.43678160916666664,0.3708999158536586,0.37315270928571426,0.6244897959999999,0.5892547661017514,0.41762452111111115,0.5,0.22758620699999996,0.135775862070986,0.6366047746153847,0.5753176042105264,0.0,0.5131034484,0.6154841556332624,0.26888802786516847,0.752263533108388,0.2697079222569323,0.25,0.09373549883654278,0.11099882188651848,0.49019607821716915,0.1804915630178695,0.6954022993212005,0.10977375807149417,0.8928571428571428,0.11996236013563559,32.64865874153003,41.052278896603845,29.374837420912975
temple_owls,0.5064935065909091,0.5587018772383073,0.6802907548364776,0.45900339407833146,0.21853741499999998,0.3065476190833333,0.4320557490243903,0.45280612249999996,0.6588709719999999,0.5959395892747188,0.43253968255555564,0.4754464285625001,0.22053571424999996,0.1808035713863002,0.64010989,0.6334586468421054,0.053571428500000004,0.5700000000000001,0.6101736216289979,0.19582664528089888,0.7940054979017381,0.27934034803624197,0.0,0.14701383506690302,0.1157725474839432,0.42517006726547757,0.48384746046687543,0.5892857142420634,0.31636769771179474,0.8609693875,0.12468795365738172,32.36946169145965,30.642383685137958,49.237652114415745
seton_hall_pirates,0.612903225909091,0.7172929090423161,0.7809382854038194,0.6372060998682189,0.35253456214285717,0.5940860214999999,0.31392604243902444,0.3536866359285714,0.7233082707734294,0.7247162746047937,0.38351254477777785,0.46975806450000007,0.09354838700000001,0.09072580650567036,0.6575682380769231,0.4278438030526317,0.08064516150000002,0.36645161280000005,0.7408487516247335,0.26857557089887635,0.8151819146559647,0.36489079780070516,0.25,0.044825986046570086,0.0876699154945203,0.3139965652579817,0.2669602011659728,0.689964157819992,0.17100574372646385,0.8064516125,0.09686867226741766,51.28565519404968,53.53345137939095,27.1494118237105
villanova_wildcats,0.5371212120454545,0.6319227912694877,0.7410901391567194,0.5750358985694246,0.4198412697619047,0.60277777775,0.34552845536585375,0.3880952382142857,0.7204705839999999,0.720392836492976,0.4037037036666667,0.47291666668750004,0.09583333325000001,0.12500000007031248,0.6179487180769231,0.48070175421052636,0.0,0.424,0.6900355366481878,0.18913857674157308,0.8380302090514596,0.4289896129583284,0.0,0.07190975282439693,0.17168395912758144,0.49019607821716915,0.14945237201753195,0.5907407410757202,0.10426263554058421,0.8630952383928571,0.18003562692904906,51.33555678432573,48.63697452866739,17.33898088157428
