team,FGA_2,FGR_2,FGM_2,FGA_3,FGR_3,FGM_3,FTA,FTR,FTM,AST,BLK,STL,TOV,TOV_team,DREB,OREB,F_tech,F_personal,team_score,opponent_team_score,largest_lead,OT_length_min_tot,rest_days,attendance,tz_dif_H_E,prev_game_dist,home_away_NS,travel_dist
abilene_christian_wildcats,32.06666666666667,0.4992204942,15.966666666666667,27.03333333333333,0.3531745191,9.566666666666666,17.46666666666667,0.7636284818666667,13.233333333333334,16.1,1.9333333333333331,7.666666666666666,14.333333333333332,0.6000000000000001,22.6,11.433333333333334,0.26666666666666666,15.966666666666667,73.86666666666667,66.6,16.9,,4.137931034482759,622.4347826086956,-0.08695652173913043,811.409090909091,0.03333333333333333,525.7692307692307
academy_of_art_urban_knights,38.5,0.4329268295,16.5,24.5,0.1607744105,4.0,10.5,0.47222222199999997,5.0,10.5,5.5,9.0,14.5,1.5,23.5,12.0,0.0,16.5,50.0,65.5,2.5,,,,,,0.0,
agnes_scott_college_scotties,38.5,0.2091216215,8.0,12.0,0.17482517499999997,2.0,6.5,0.47222222199999997,3.0,5.0,2.0,4.5,38.0,1.5,20.5,10.0,0.0,11.5,25.0,109.5,0.0,,,,,,0.0,
air_force_falcons,44.193548387096776,0.41595923703225807,18.29032258064516,17.0,0.2851789136774194,5.032258064516129,14.064516129032258,0.7548557188709677,10.387096774193548,12.806451612903226,2.064516129032258,11.161290322580646,13.161290322580646,1.1290322580645162,21.806451612903224,12.419354838709678,0.0967741935483871,17.774193548387096,62.064516129032256,58.16129032258065,11.483870967741936,10.0,3.966666666666667,681.1923076923077,0.0,679.3076923076923,-0.06451612903225806,619.1724137931035
akron_zips,39.25,0.48336634224999997,18.82142857142857,18.75,0.31764626364285714,6.0,16.964285714285715,0.7044813850714285,11.785714285714285,14.392857142857144,3.535714285714286,7.142857142857142,14.928571428571429,0.5,25.5,10.214285714285715,0.14285714285714285,15.571428571428571,67.42857142857143,66.71428571428572,11.535714285714285,,4.518518518518518,874.7692307692307,0.0,208.30769230769232,-0.10714285714285715,128.07407407407408
alabama_am_bulldogs,45.29166666666667,0.40264079350000004,17.958333333333332,12.541666666666668,0.264358905,3.291666666666667,18.25,0.6786356515416667,12.75,11.0,4.625,6.083333333333334,16.291666666666668,0.8333333333333333,26.333333333333336,13.208333333333332,0.04166666666666666,16.791666666666668,58.54166666666667,63.16666666666667,8.583333333333334,10.0,5.217391304347826,816.1304347826086,0.04166666666666666,542.1739130434783,-0.25,416.125
alabama_crimson_tide,35.96666666666667,0.4675274499666667,16.766666666666666,23.200000000000003,0.3351219514,7.7666666666666675,19.366666666666667,0.7085757309666667,13.7,11.2,3.0,8.899999999999999,15.2,0.7,25.299999999999997,12.033333333333333,0.1,16.9,70.53333333333333,65.13333333333334,16.4,7.5,3.9655172413793105,3167.758620689655,-0.1,295.2068965517241,0.26666666666666666,190.93333333333334
alabama_huntsville_chargers,41.0,0.414634146,17.0,17.0,0.176470588,3.0,20.0,0.7,14.0,11.0,1.0,4.0,28.0,1.0,18.0,12.0,0.0,16.0,57.0,107.0,1.0,,,,,,0.0,
alabama_state_lady_hornets,44.275862068965516,0.41601218355172415,18.448275862068964,14.724137931034482,0.29337449396551724,4.379310344827586,20.20689655172414,0.6813731022413793,14.0,13.758620689655173,4.0,7.068965517241379,20.448275862068964,1.1724137931034482,25.82758620689655,14.137931034482758,0.24137931034482757,20.96551724137931,64.03448275862068,68.48275862068967,11.172413793103448,5.0,4.392857142857142,1073.0384615384614,0.0,365.5769230769231,-0.1724137931034483,289.1428571428571
alcorn_state_lady_braves,33.642857142857146,0.3431375742142857,11.785714285714285,20.07142857142857,0.30642085735714286,5.928571428571429,15.0,0.6383755795,9.571428571428573,9.214285714285715,1.5714285714285716,6.7142857142857135,20.5,0.8571428571428572,19.785714285714285,9.214285714285715,0.3571428571428571,22.92857142857143,50.92857142857143,78.78571428571428,3.3571428571428568,,,1800.076923076923,0.0,459.6923076923077,-0.7142857142857142,374.28571428571433
alderson_broaddus_battlers,30.0,0.4,12.0,25.0,0.36,9.0,12.0,0.416666667,5.0,13.0,2.0,5.0,29.0,4.0,30.0,14.0,0.0,24.0,56.0,88.0,7.0,,,,,,0.0,
american_university_eagles,38.516129032258064,0.4829521102580645,18.483870967741936,15.096774193548388,0.2751059900967742,4.129032258064516,15.0,0.726009325,10.67741935483871,14.225806451612904,2.3870967741935485,8.419354838709678,15.64516129032258,0.935483870967742,23.451612903225808,8.419354838709678,0.0,15.32258064516129,60.03225806451613,56.03225806451613,10.741935483870968,5.0,4.133333333333333,522.7,0.0,305.66666666666663,0.12903225806451613,175.06451612903226
angelo_state_rams,38.0,0.342105263,13.0,16.0,0.1875,3.0,21.0,0.857142857,18.0,10.0,0.0,5.0,20.0,2.0,24.0,12.0,0.0,12.0,53.0,88.0,1.0,,,,,,0.0,
antelope_valley,30.666666666666668,0.14629629633333333,5.0,29.0,0.18419312166666665,5.333333333333333,16.666666666666668,0.599537037,10.0,7.333333333333333,1.3333333333333333,6.666666666666667,22.0,0.0,26.0,11.666666666666666,0.0,14.666666666666666,36.0,83.66666666666667,0.0,,,,,,0.0,
app_state_mountaineers,33.16,0.51181965272,17.04,27.6,0.28525150912,7.800000000000001,18.2,0.63056829372,11.639999999999999,12.72,2.64,9.360000000000001,19.64,0.92,26.84,11.0,0.12000000000000001,17.88,69.11999999999999,68.11999999999999,12.92,6.666666666666667,4.791666666666667,692.8695652173914,-0.045454545454545456,386.09523809523813,0.0,263.69565217391306
arizona_christian_firestorm,32.0,0.40625,13.0,13.0,0.307692308,4.0,20.0,0.5,10.0,5.0,0.0,9.0,41.0,2.0,25.0,7.0,0.0,12.0,48.0,95.0,0.0,,,,,,0.0,
arizona_state_sun_devils,37.5,0.4347508103076923,16.115384615384617,20.423076923076923,0.30814159907692307,6.269230769230769,16.46153846153846,0.7354967420769231,12.23076923076923,12.846153846153847,3.7307692307692304,7.230769230769231,14.73076923076923,0.9230769230769231,23.5,13.23076923076923,0.19230769230769232,17.692307692307693,63.26923076923077,59.88461538461539,11.76923076923077,5.0,4.52,2747.791666666667,-0.03846153846153846,768.52,0.19230769230769232,687.6923076923077
arizona_wildcats,39.53846153846153,0.4797331894230769,18.96153846153846,18.576923076923077,0.3438040674615384,6.423076923076923,15.961538461538462,0.7097314450384615,11.307692307692308,14.384615384615383,4.0,10.5,12.961538461538462,0.8076923076923076,22.153846153846157,10.615384615384617,0.11538461538461539,17.115384615384617,68.5,57.38461538461539,17.923076923076923,5.0,4.5600000000000005,5659.272727272727,-0.03846153846153846,976.12,0.19230769230769232,968.3461538461538
arkansas_baptist_buffaloes,40.0,0.2,8.0,13.0,0.230769231,3.0,7.0,0.285714286,2.0,6.0,0.0,6.0,27.0,0.0,22.0,2.0,0.0,12.0,27.0,96.0,0.0,,,,,,0.0,
arkansas_pine_bluff_golden_lions,42.88,0.44667822436,19.12,19.56,0.282151108,5.6,20.96,0.68600521884,14.56,13.92,3.12,8.16,15.8,0.32,27.84,13.48,0.16,17.48,69.6,68.4,12.48,,5.0,908.8636363636364,0.04166666666666666,317.90909090909093,-0.12000000000000001,343.625
arkansas_razorbacks,37.903225806451616,0.4678043876774194,17.774193548387096,25.387096774193548,0.32301415312903226,8.193548387096774,20.225806451612904,0.6769555941612903,13.612903225806452,12.741935483870968,4.967741935483871,7.354838709677419,11.290322580645162,0.41935483870967744,26.806451612903224,11.096774193548388,0.06451612903225806,16.451612903225808,73.74193548387096,65.70967741935483,16.161290322580644,5.0,3.8,3501.428571428571,-0.03225806451612903,593.2,0.1935483870967742,351.64516129032256
arkansas_state_red_wolves,43.42857142857142,0.4673676035,20.32142857142857,22.357142857142858,0.32781422335714283,7.392857142857142,20.46428571428571,0.71206708725,14.75,14.428571428571429,2.107142857142857,9.142857142857144,14.857142857142856,0.35714285714285715,25.82142857142857,13.678571428571429,0.10714285714285715,19.53571428571429,77.57142857142857,73.03571428571428,14.75,,4.185185185185185,758.65,0.0,551.8636363636364,-0.10714285714285715,387.79999999999995
arlington_baptist_patriots,44.25,0.2666764785,12.25,11.5,0.19429590000000002,2.5,8.25,0.55113636375,4.5,9.75,0.75,3.5,30.0,1.25,17.5,9.0,0.0,12.0,36.5,116.25,0.5,,,,,,0.0,
army_black_knights,38.20689655172414,0.4322257484482758,16.379310344827584,23.517241379310345,0.2939695136896552,6.862068965517241,14.96551724137931,0.6792892434137932,10.137931034482758,11.206896551724137,2.413793103448276,6.620689655172414,17.24137931034483,0.7586206896551724,26.20689655172414,14.689655172413792,0.0,16.137931034482758,63.48275862068966,63.93103448275862,9.10344827586207,7.5,4.071428571428571,532.48,0.0,168.3846153846154,-0.06896551724137931,109.32142857142857
asbury_eagles,25.0,0.28,7.0,48.0,0.166666667,8.0,2.0,1.0,2.0,7.0,3.0,6.0,14.0,0.0,25.0,14.0,0.0,16.0,40.0,79.0,3.0,,,,,,0.0,
auburn_montgomery_senators,30.5,0.49086021499999993,15.0,13.0,0.23214285699999995,3.0,9.5,0.5357142855,5.0,9.0,2.0,2.5,25.5,3.0,26.5,6.0,0.0,16.5,44.0,79.5,5.0,,,,,,0.0,
auburn_tigers,46.10714285714286,0.4207523361428571,19.21428571428571,13.785714285714285,0.2791804865357143,3.928571428571429,20.357142857142858,0.6514444242857144,13.5,11.214285714285715,3.428571428571429,8.464285714285715,14.964285714285715,0.7857142857142857,23.642857142857142,12.535714285714285,0.14285714285714285,18.57142857142857,63.714285714285715,65.89285714285714,9.964285714285715,5.0,4.111111111111112,2665.074074074074,0.0,498.44444444444446,0.10714285714285715,271.6428571428571
austin_peay_governors,35.900000000000006,0.4986129911666667,17.799999999999997,16.866666666666667,0.37622618743333336,6.2666666666666675,17.53333333333333,0.6618870574333333,11.666666666666668,13.633333333333333,2.1333333333333337,7.2333333333333325,16.2,0.9666666666666667,24.46666666666667,9.866666666666667,0.13333333333333333,17.700000000000003,66.06666666666666,59.5,15.566666666666666,5.0,3.9655172413793105,694.125,0.07142857142857142,263.68,-0.06666666666666667,224.2142857142857
ave_maria_gyrenes,42.333333333333336,0.32509009,14.0,9.333333333333334,0.24814814799999996,2.333333333333333,18.333333333333332,0.6818555006666666,12.666666666666666,6.0,4.0,5.666666666666667,30.666666666666668,1.0,30.666666666666668,10.0,0.0,15.0,47.666666666666664,90.0,1.3333333333333333,,,,,,0.0,
baker_university_baker,35.0,0.314285714,11.0,12.0,0.25,3.0,16.0,0.8125,13.0,8.0,6.0,4.0,21.0,2.0,22.0,5.0,0.0,12.0,44.0,93.0,0.0,,,,,,0.0,
ball_state_cardinals,33.58064516129032,0.5261376708709677,17.677419354838708,27.161290322580644,0.31785857267741935,8.709677419354838,14.774193548387096,0.7360533596451613,10.419354838709678,15.774193548387096,3.193548387096774,7.709677419354839,13.709677419354838,0.7741935483870968,25.903225806451612,9.096774193548388,0.0,16.516129032258064,71.90322580645162,68.03225806451613,12.03225806451613,5.0,4.1,1069.391304347826,-0.06451612903225806,302.6333333333333,0.03225806451612903,288.2903225806452
baylor_bears,41.96969696969697,0.5134852186363636,21.393939393939394,19.12121212121212,0.34590853172727276,6.696969696969696,19.333333333333336,0.7423492266363636,14.121212121212121,17.606060606060606,3.9393939393939394,6.696969696969696,12.606060606060607,0.24242424242424243,28.151515151515152,11.181818181818182,0.33333333333333337,14.696969696969697,77.0,60.484848484848484,22.81818181818182,5.0,3.875,3899.28125,-0.06060606060606061,704.25,0.12121212121212122,554.090909090909
bellarmine_knights,37.64285714285714,0.4125239210357143,15.357142857142856,20.78571428571429,0.31915292535714285,6.75,13.678571428571429,0.7298459592857143,9.821428571428571,11.821428571428571,2.75,6.75,18.25,0.6071428571428572,23.32142857142857,10.214285714285715,0.17857142857142858,18.03571428571429,60.785714285714285,73.60714285714285,6.071428571428572,,4.074074074074074,823.8,0.0,414.26086956521743,-0.14285714285714285,524.5333333333333
belmont_abbey_crusaders,29.0,0.344827586,10.0,17.0,0.235294118,4.0,14.0,0.571428571,8.0,7.0,2.0,8.0,25.0,1.0,20.0,6.0,0.0,15.0,40.0,89.0,0.0,,,,,,0.0,
belmont_bruins,32.6551724137931,0.5128952415862069,17.06896551724138,25.724137931034484,0.32908939627586203,8.448275862068964,14.413793103448276,0.6921069544827587,10.0,15.482758620689655,4.379310344827586,8.931034482758621,12.827586206896552,0.4482758620689655,24.03448275862069,11.03448275862069,0.0,14.689655172413792,69.48275862068967,55.51724137931034,19.689655172413794,,4.142857142857142,1554.3846153846155,0.0,297.2142857142857,-0.10344827586206896,176.79310344827587
bethel_tn_wildcats,24.0,0.416666667,10.0,19.0,0.157894737,3.0,23.0,0.739130435,17.0,8.0,2.0,4.0,16.0,1.0,22.0,4.0,0.0,24.0,46.0,85.0,0.0,,,,,,0.0,
bethesda_university_lion_angels,28.0,0.149538867,4.5,18.5,0.19871794899999998,3.5,8.0,0.5,4.0,6.5,1.0,4.0,36.0,3.0,19.0,9.0,0.0,12.5,23.5,114.0,0.0,,,,,,0.0,
bethune_cookman_wildcats,44.64,0.40832744412,18.04,13.24,0.27786319528000003,3.68,19.279999999999998,0.6425452180000001,12.16,9.879999999999999,2.4,8.52,20.279999999999998,1.16,23.88,12.0,0.36,18.04,59.28,71.64,5.96,5.0,4.791666666666667,715.8181818181818,0.0,464.95238095238096,-0.2,401.7826086956522
binghamton_bearcats,38.535714285714285,0.4485323766428571,17.142857142857142,17.285714285714285,0.292373944,5.035714285714286,12.25,0.7362199259642858,8.964285714285715,12.5,3.035714285714286,6.857142857142858,15.892857142857144,0.39285714285714285,25.42857142857143,8.714285714285715,0.07142857142857142,15.785714285714285,58.35714285714286,58.214285714285715,11.071428571428571,5.0,4.296296296296296,872.8461538461538,0.0,311.39130434782606,0.03571428571428571,215.3846153846154
biola_eagles,40.0,0.525,21.0,16.0,0.25,4.0,7.0,1.0,7.0,9.0,1.0,8.0,21.0,2.0,25.0,5.0,0.0,10.0,61.0,80.0,0.0,,,,,,0.0,
blackburn_beavers,24.0,0.416666667,10.0,30.0,0.2,6.0,18.0,0.777777778,14.0,5.0,0.0,14.0,34.0,0.0,20.0,7.0,0.0,18.0,52.0,114.0,0.0,,,,,,0.0,
blue_mountain_college_toppers,29.0,0.310344828,9.0,27.0,0.259259259,7.0,14.0,0.785714286,11.0,10.0,1.0,6.0,18.0,0.0,21.0,13.0,0.0,18.0,50.0,75.0,0.0,,,,,,0.0,
bluefield_state_big_blues,24.0,0.261343013,6.0,24.5,0.239057239,6.0,13.0,0.625,7.5,8.5,2.0,5.0,22.0,1.0,19.5,8.5,0.0,12.0,37.5,92.0,0.0,,,,,,0.0,
bob_jones,22.0,0.181818182,4.0,22.0,0.227272727,5.0,19.0,0.684210526,13.0,3.0,0.0,10.0,30.0,3.0,15.0,7.0,0.0,13.0,36.0,86.0,0.0,,,,,,0.0,
boise_state_broncos,44.24137931034483,0.4380551676896552,19.413793103448274,15.172413793103448,0.2595267614137931,4.068965517241379,17.20689655172414,0.6207052374827586,11.03448275862069,13.689655172413792,3.862068965517241,5.586206896551724,16.06896551724138,0.48275862068965514,27.344827586206897,12.89655172413793,0.0,16.620689655172416,62.06896551724138,65.17241379310344,10.068965517241379,5.0,4.035714285714286,862.8461538461538,-0.037037037037037035,572.8333333333334,0.0,471.85185185185185
boston_college_eagles,42.06666666666666,0.5012012501333334,21.03333333333333,18.0,0.3334401909333333,6.033333333333333,17.333333333333336,0.6827799596999999,11.966666666666667,16.033333333333335,3.5666666666666664,8.3,18.866666666666667,0.5,24.46666666666667,12.866666666666667,0.03333333333333333,17.03333333333333,72.13333333333333,66.53333333333333,15.033333333333333,5.0,3.9310344827586206,1418.3214285714284,0.0,648.8620689655173,0.1,407.3666666666667
boston_university_terriers,38.45161290322581,0.46369181432258066,17.774193548387096,18.225806451612904,0.34314632090322583,6.193548387096774,12.580645161290322,0.6550883809032259,8.35483870967742,12.129032258064516,4.354838709677419,5.935483870967742,16.096774193548388,0.8709677419354839,27.0,10.774193548387096,0.06451612903225806,15.03225806451613,62.483870967741936,59.645161290322584,11.35483870967742,,4.033333333333333,460.4516129032258,0.0,369.76666666666665,-0.03225806451612903,208.38709677419354
bowie_state_bulldogs,32.0,0.28125,9.0,9.0,0.222222222,2.0,18.0,0.277777778,5.0,4.0,3.0,5.0,30.0,2.0,25.0,12.0,0.0,24.0,29.0,70.0,0.0,,,,,,0.0,
bowling_green_falcons,38.03333333333333,0.4864677040666667,18.5,20.733333333333334,0.37649301179999994,7.866666666666667,17.03333333333333,0.7077162952666666,12.100000000000001,15.133333333333333,1.7333333333333334,9.133333333333333,15.433333333333334,0.5666666666666667,25.366666666666667,9.2,0.16666666666666669,16.866666666666667,72.69999999999999,69.06666666666666,12.866666666666667,5.0,4.068965517241379,1316.3846153846155,-0.20689655172413793,304.037037037037,0.06666666666666667,325.9655172413793
bradley_braves,33.37037037037037,0.39278643037037037,13.0,22.59259259259259,0.32219425688888886,7.370370370370371,15.222222222222223,0.6620703084814815,10.296296296296296,11.592592592592593,3.666666666666667,5.111111111111112,14.444444444444445,1.037037037037037,25.185185185185187,9.62962962962963,0.0,16.814814814814817,58.407407407407405,68.92592592592592,5.777777777777778,,4.653846153846154,918.12,0.0,306.9583333333333,-0.11111111111111112,233.76923076923075
brevard_tornados,36.0,0.361111111,13.0,21.0,0.095238095,2.0,6.0,0.833333333,5.0,6.0,2.0,8.0,31.0,2.0,15.0,11.0,0.0,15.0,37.0,101.0,0.0,,,,,,0.0,
brewton_parker_wildcats,38.0,0.342105263,13.0,23.0,0.043478261,1.0,22.0,0.5,11.0,4.0,3.0,4.0,18.0,0.0,27.0,16.0,0.0,16.0,40.0,80.0,2.0,,,,,,0.0,
briar_cliff_chargers,33.0,0.181818182,6.0,21.0,0.285714286,6.0,10.0,0.5,5.0,6.0,1.0,7.0,25.0,1.0,22.0,10.0,0.0,16.0,35.0,83.0,0.0,,,,,,0.0,
brown_bears,34.96153846153846,0.43251146188461537,15.038461538461538,22.307692307692307,0.2748234106153846,6.076923076923077,12.307692307692308,0.6612311771153846,8.346153846153847,10.76923076923077,3.3076923076923075,9.692307692307692,17.03846153846154,0.8846153846153846,24.884615384615383,9.076923076923077,0.0,15.26923076923077,56.65384615384615,67.3076923076923,7.769230769230769,,4.64,305.32,0.0,150.0,-0.15384615384615385,128.56
bryant_bulldogs,40.0,0.3964774888125,16.0,14.4375,0.34490131674999996,5.0,13.34375,0.68660564153125,9.46875,13.21875,2.71875,6.625,19.25,0.875,24.65625,11.4375,0.15625,15.34375,56.46875,63.25,9.78125,,4.0,521.0714285714286,0.0,220.44827586206895,-0.09375,202.3548387096774
bryn_athyn_lions,28.0,0.178571429,5.0,28.0,0.142857143,4.0,10.0,0.6,6.0,4.0,0.0,8.0,19.0,1.0,14.0,14.0,0.0,13.0,28.0,86.0,0.0,,,,,,0.0,
bucknell_bison,40.71875,0.4475850608125,18.03125,15.8125,0.32759941465625,5.3125,14.65625,0.70723952225,10.4375,13.125,3.34375,7.28125,12.0,0.46875,26.5,8.34375,0.0625,13.53125,62.4375,54.46875,15.375,5.0,3.967741935483871,602.21875,0.0,226.67741935483872,-0.03125,159.1875
buffalo_bulls,48.33333333333333,0.46876012954545454,22.6969696969697,17.484848484848484,0.319618336,5.666666666666666,18.6969696969697,0.720553827909091,13.666666666666668,14.878787878787879,3.9696969696969697,9.515151515151516,13.96969696969697,0.4545454545454546,27.909090909090907,14.09090909090909,0.36363636363636365,14.0,76.06060606060606,66.2121212121212,16.727272727272727,5.0,3.84375,1105.2666666666669,-0.15151515151515152,345.84375,0.09090909090909091,374.75757575757575
bushnell_beacons,28.0,0.428571429,12.0,16.0,0.3125,5.0,8.0,0.375,3.0,8.0,2.0,4.0,28.0,1.0,29.0,4.0,0.0,11.0,42.0,80.0,2.0,,,,,,0.0,
butler_bulldogs,32.42857142857143,0.47436639953571424,15.321428571428571,21.46428571428571,0.26162394375,5.642857142857142,11.714285714285715,0.6895461811071428,8.0,11.392857142857144,1.9642857142857144,4.928571428571428,19.857142857142858,0.9642857142857143,24.07142857142857,9.285714285714285,0.0,14.392857142857144,55.57142857142858,77.89285714285715,2.571428571428571,15.0,4.222222222222222,759.1538461538462,0.0,398.4074074074074,0.25,251.14285714285714
byu_cougars,43.0,0.5437780271481482,23.296296296296298,22.14814814814815,0.3292661241851852,7.333333333333334,14.11111111111111,0.755496417962963,10.592592592592593,20.62962962962963,4.7407407407407405,9.851851851851851,12.481481481481481,0.5555555555555556,26.88888888888889,13.37037037037037,0.07407407407407407,15.814814814814815,79.18518518518519,58.44444444444444,26.333333333333336,5.0,4.576923076923077,1625.4583333333335,-0.07692307692307693,529.9230769230769,0.11111111111111112,398.962962962963
cal_lutheran_kingsmen,47.0,0.276595745,13.0,12.0,0.166666667,2.0,9.0,0.444444444,4.0,6.0,1.0,9.0,32.0,3.0,27.0,17.0,0.0,23.0,36.0,79.0,3.0,,,,,,0.0,
cal_poly_mustangs,45.480000000000004,0.40839366264,18.48,15.08,0.24276447008,3.64,14.120000000000001,0.6651270358000001,9.360000000000001,12.24,2.0,5.96,15.879999999999999,0.72,26.6,11.52,0.04,18.64,57.24,70.4,5.84,7.5,4.916666666666667,472.30434782608694,0.0,185.0,0.24000000000000002,132.72
cal_state_bakersfield_roadrunners,38.12,0.42099030608,16.08,19.2,0.2919119428,5.6,16.16,0.769361841,12.24,10.879999999999999,2.48,7.199999999999999,14.56,0.88,23.56,11.399999999999999,0.08,18.4,61.2,65.56,8.8,5.0,5.0,566.9047619047619,0.0,497.39130434782606,0.08,484.20833333333337
cal_state_fullerton_titans,39.24137931034483,0.45550068444827585,17.862068965517242,15.931034482758621,0.2732317792413793,4.275862068965518,17.03448275862069,0.6710998694827586,11.758620689655173,12.344827586206897,2.862068965517241,7.517241379310345,16.03448275862069,0.793103448275862,24.275862068965516,10.379310344827585,0.03448275862068965,17.310344827586206,60.310344827586206,64.6551724137931,8.0,5.0,4.285714285714286,313.0869565217391,0.0,623.9285714285714,0.03448275862068965,335.55172413793105
cal_state_la_golden_eagles,39.5,0.399601064,15.5,29.0,0.186298077,5.5,12.5,0.6631944445,7.5,10.0,1.0,5.5,14.5,2.0,21.5,16.5,0.0,13.0,55.0,85.0,0.0,,,,,,0.0,
cal_state_northridge_matadors,38.35714285714286,0.39784196717857145,15.321428571428571,16.214285714285715,0.3394752993214286,5.357142857142858,15.428571428571429,0.6900573942857143,10.535714285714285,10.75,2.0357142857142856,10.357142857142856,16.464285714285715,1.357142857142857,23.0,9.571428571428571,0.0,18.392857142857142,57.25,63.714285714285715,8.357142857142858,5.0,4.407407407407407,706.6521739130435,0.0,773.7391304347826,-0.17857142857142858,396.2307692307692
caldwell_cougars,31.0,0.258064516,8.0,23.0,0.217391304,5.0,10.0,0.6,6.0,9.0,2.0,9.0,22.0,0.0,19.0,11.0,0.0,12.0,37.0,85.0,0.0,,,,,,0.0,
california_baptist_lancers,35.16666666666667,0.5526786026,19.43333333333333,28.766666666666666,0.31600007916666667,8.966666666666665,15.399999999999999,0.6927556604666666,10.533333333333333,19.233333333333334,4.366666666666667,9.566666666666666,14.766666666666666,0.30000000000000004,30.5,8.1,0.16666666666666669,17.9,76.30000000000001,69.4,14.533333333333333,5.0,4.206896551724138,608.6428571428572,-0.2,852.448275862069,-0.13333333333333333,1081.0
california_golden_bears,42.70833333333333,0.4261941135833333,18.375,17.458333333333332,0.33296248854166666,5.75,18.416666666666668,0.797048999625,14.458333333333332,13.416666666666668,4.375,8.5,15.166666666666668,0.625,24.833333333333336,12.625,0.33333333333333337,18.333333333333332,68.45833333333333,66.41666666666667,13.625,5.0,4.91304347826087,2050.809523809524,0.0,536.0,0.20833333333333331,330.17391304347825
campbell_fighting_camels,32.37931034482759,0.4805381805862069,16.0,22.79310344827586,0.3238349451034483,7.482758620689655,14.793103448275863,0.6682626828965517,10.068965517241379,15.655172413793103,3.4827586206896552,8.482758620689655,15.96551724137931,0.793103448275862,23.448275862068964,11.379310344827585,0.03448275862068965,14.655172413793103,64.51724137931033,53.79310344827586,19.275862068965516,5.0,4.178571428571429,627.952380952381,0.0,154.52173913043478,0.03448275862068965,119.15384615384616
campbellsville_harrodsburg_pioneers,47.0,0.361702128,17.0,17.0,0.176470588,3.0,24.0,0.833333333,20.0,3.0,3.0,16.0,23.0,1.0,25.0,14.0,0.0,22.0,63.0,82.0,5.0,,,,,,0.0,
canisius_golden_griffins,30.700000000000003,0.40616200793333335,12.466666666666667,25.333333333333336,0.3212255359333333,8.1,12.666666666666668,0.6661865147,8.166666666666666,10.133333333333333,3.4000000000000004,6.433333333333334,17.96666666666667,1.1666666666666665,22.166666666666664,10.733333333333334,0.06666666666666667,15.3,57.400000000000006,68.80000000000001,4.7333333333333325,5.0,4.172413793103448,561.28,0.0,206.13793103448276,-0.06666666666666667,212.26666666666665
carroll_mt_fighting_saints,34.5,0.3079268295,11.0,22.0,0.4042105265,9.0,18.0,0.7777777775,14.0,11.5,4.5,4.5,13.5,1.5,26.0,12.0,0.0,15.0,63.0,69.0,8.5,5.0,,,,,0.0,
carver_college_cougars,31.0,0.129032258,4.0,18.0,0.111111111,2.0,6.0,0.166666667,1.0,2.0,1.0,3.0,49.0,4.0,15.0,13.0,0.0,20.0,15.0,133.0,0.0,,,,,,0.0,
centenary_la_gentlemen,40.5,0.2735294115,11.5,16.0,0.246963563,4.0,17.5,0.5525362315,9.5,9.0,2.0,9.0,20.5,0.5,19.0,12.0,0.0,15.5,44.5,80.5,0.0,,,,,,0.0,
central_arkansas_sugar_bears,45.39285714285714,0.40204625821428575,18.17857142857143,8.357142857142858,0.2358862367857143,2.071428571428571,16.357142857142858,0.6914386820357142,11.321428571428571,10.25,2.178571428571429,6.535714285714286,18.28571428571429,1.3214285714285714,25.28571428571429,12.0,0.07142857142857142,17.07142857142857,53.89285714285714,62.0,9.857142857142856,5.0,4.185185185185185,727.2083333333333,0.0,333.23809523809524,-0.07142857142857142,354.84000000000003
central_baptist_college_mustangs,38.5,0.2796296295,11.0,15.0,0.153409091,2.5,15.0,0.806818182,12.5,5.0,1.5,6.0,27.0,1.0,27.5,15.0,0.0,22.0,42.0,76.5,3.5,,,,,,0.0,
central_christian_college_central_christian_college,19.0,0.421052632,8.0,27.0,0.407407407,11.0,5.0,0.6,3.0,11.0,0.0,4.0,24.0,5.0,13.0,2.0,0.0,15.0,52.0,120.0,3.0,,,,,,0.0,
central_connecticut_blue_devils,37.26923076923077,0.40262711334615386,14.884615384615383,21.846153846153843,0.31292901173076926,6.692307692307692,12.461538461538462,0.6814925289999999,8.461538461538462,10.23076923076923,3.923076923076923,6.192307692307692,15.846153846153847,0.6153846153846154,23.0,11.192307692307692,0.19230769230769232,16.884615384615383,58.307692307692314,67.6923076923077,6.153846153846154,,4.64,428.0909090909091,0.0,146.2,-0.15384615384615385,111.6923076923077
central_michigan_chippewas,34.10714285714286,0.4436939566428571,15.142857142857144,24.357142857142858,0.2700272127857143,6.642857142857142,13.25,0.7060868375357143,9.464285714285715,11.285714285714285,2.25,5.821428571428572,16.607142857142858,0.9285714285714285,25.28571428571429,10.678571428571429,0.0,17.32142857142857,59.67857142857142,72.10714285714285,4.25,,4.296296296296296,1169.0,0.0,318.25925925925924,0.0,216.0357142857143
chadron_state_eagles,38.0,0.447368421,17.0,15.0,0.266666667,4.0,6.0,0.333333333,2.0,10.0,2.0,5.0,14.0,0.0,18.0,5.0,0.0,11.0,48.0,71.0,0.0,,,,,,0.0,
champion_christian_tigers,34.5,0.32370071675,11.5,23.75,0.23158761549999998,5.75,22.0,0.67889576875,14.75,9.25,2.5,8.0,20.75,0.25,24.5,10.75,0.25,18.0,55.0,78.5,4.0,,,,,,0.0,
charleston_cougars,44.233333333333334,0.4604866053,20.299999999999997,25.166666666666664,0.28506378433333335,7.2666666666666675,16.333333333333332,0.7517348256666666,12.433333333333334,14.366666666666667,4.1,11.333333333333332,13.266666666666666,0.26666666666666666,24.46666666666667,14.333333333333332,0.06666666666666667,15.100000000000001,74.83333333333334,66.36666666666667,17.0,5.0,4.241379310344827,414.38461538461536,0.0,394.76,-0.06666666666666667,354.2142857142857
charleston_southern_buccaneers,34.14285714285714,0.40415407310714285,13.75,18.71428571428571,0.2649170419642857,5.0,11.571428571428571,0.5905482968214286,7.035714285714286,10.428571428571429,3.428571428571429,6.464285714285714,21.57142857142857,1.142857142857143,24.53571428571429,8.107142857142858,0.0,17.214285714285715,49.535714285714285,72.10714285714285,3.5,,4.148148148148148,445.51851851851853,0.0,318.1851851851852,0.0,213.85714285714286
charlotte_49ers,40.064516129032256,0.4358238025483871,17.516129032258064,17.322580645161292,0.29009111577419355,5.032258064516129,18.580645161290324,0.7361317772903225,13.483870967741936,11.709677419354838,4.709677419354839,6.67741935483871,14.774193548387096,0.8064516129032258,27.06451612903226,10.96774193548387,0.03225806451612903,15.32258064516129,63.61290322580645,58.12903225806452,13.709677419354838,8.333333333333334,4.1,881.76,-0.06451612903225806,613.0,-0.03225806451612903,558.7096774193549
chattanooga_mocs,35.51724137931034,0.4360145647241379,15.655172413793103,20.482758620689655,0.28847958458620687,5.8965517241379315,16.06896551724138,0.7039486779999999,11.551724137931036,12.0,2.6206896551724137,5.724137931034482,16.482758620689655,0.8275862068965517,24.862068965517242,9.03448275862069,0.0,16.551724137931036,60.55172413793103,68.75862068965517,6.379310344827586,6.666666666666667,4.071428571428571,1121.7857142857142,0.0,185.7857142857143,0.0,120.0
chestnut_hill_college_griffins,43.0,0.325581395,14.0,14.0,0.214285714,3.0,18.0,0.611111111,11.0,10.0,1.0,2.0,24.0,2.0,24.0,9.0,0.0,18.0,48.0,87.0,0.0,,,,,,0.0,
chicago_state_cougars,43.04166666666667,0.39132123041666667,16.583333333333332,14.541666666666668,0.24798491779166668,3.75,18.166666666666668,0.6576499542083333,11.875,8.125,3.041666666666667,8.25,18.75,0.875,22.583333333333336,13.5,0.04166666666666666,21.958333333333336,56.29166666666667,69.29166666666667,3.75,5.0,5.043478260869565,532.9130434782609,0.04761904761904762,1086.4782608695652,-0.20833333333333331,979.2916666666667
chowan_hawks,50.0,0.32,16.0,14.0,0.214285714,3.0,19.0,0.631578947,12.0,7.0,5.0,1.0,27.0,0.0,33.0,16.0,0.0,18.0,53.0,81.0,0.0,,,,,,0.0,
cincinnati_bearcats,41.035714285714285,0.4045551019285714,16.607142857142858,16.107142857142858,0.2971227690714286,4.785714285714286,16.92857142857143,0.730001375,12.214285714285715,14.285714285714285,4.857142857142858,8.142857142857142,17.607142857142858,0.8214285714285715,24.25,11.107142857142856,0.10714285714285715,19.607142857142858,59.785714285714285,66.21428571428572,7.857142857142858,10.0,4.333333333333333,1120.84,0.0,734.074074074074,0.17857142857142858,430.8928571428571
claflin_panthers,46.5,0.278472222,13.0,18.0,0.388888889,7.0,13.0,0.7666666664999999,9.5,9.0,3.5,10.0,25.0,1.0,27.5,14.5,0.0,18.5,56.5,67.5,1.0,,,,,,0.0,
clarion_golden_eagles,29.5,0.38652073699999995,11.5,24.0,0.19055944050000004,4.5,15.0,0.611111111,9.5,6.5,2.0,4.5,15.0,1.0,25.0,7.5,0.0,11.5,46.0,85.0,2.5,,,,,,0.0,
clemson_tigers,44.0,0.4409663647586207,19.413793103448274,17.413793103448274,0.2624979278965517,4.758620689655173,17.24137931034483,0.712267450137931,12.241379310344827,10.793103448275863,3.4827586206896552,9.068965517241379,16.275862068965516,0.7241379310344828,22.586206896551726,13.758620689655173,0.20689655172413793,17.17241379310345,65.3448275862069,71.10344827586206,9.586206896551724,5.0,4.035714285714286,1509.8846153846155,0.0,360.5357142857143,0.24137931034482757,206.3103448275862
cleveland_state_vikings,39.48148148148148,0.45455316140740737,18.037037037037038,19.333333333333336,0.3042032235925926,6.0,22.77777777777778,0.6967823222962963,16.11111111111111,11.814814814814815,4.185185185185185,9.666666666666668,16.037037037037038,0.9259259259259259,27.444444444444446,13.444444444444445,0.18518518518518517,15.0,70.18518518518519,59.96296296296297,17.14814814814815,5.0,4.576923076923077,405.8695652173913,0.04,200.22727272727275,0.11111111111111112,156.16
coastal_carolina_chanticleers,45.08333333333333,0.4672733644583333,21.375,17.208333333333332,0.29808822820833336,5.0,20.333333333333332,0.6740260717500001,14.125,13.5,3.125,8.333333333333334,19.166666666666668,0.7083333333333333,29.375,16.75,0.125,19.208333333333332,71.875,60.875,19.541666666666668,,5.0,519.6315789473684,0.0,452.63157894736844,0.20833333333333331,357.23809523809524
coker_cobras,37.0,0.297297297,11.0,22.0,0.227272727,5.0,23.0,0.608695652,14.0,8.0,4.0,8.0,16.0,0.0,28.0,16.0,0.0,18.0,51.0,44.0,11.0,,,,,,0.0,
colgate_raiders,37.400000000000006,0.42570582276666663,15.8,16.666666666666664,0.2964987851,4.800000000000001,10.5,0.7780081504666666,7.9,10.7,2.5666666666666664,5.666666666666666,16.6,1.0666666666666669,22.733333333333334,9.466666666666667,0.13333333333333333,15.666666666666668,53.900000000000006,63.099999999999994,5.533333333333333,,3.9655172413793105,318.5666666666667,0.0,235.75862068965517,-0.06666666666666667,188.39999999999998
college_of_st_mary_flames,26.0,0.346153846,9.0,29.0,0.310344828,9.0,18.0,0.666666667,12.0,11.0,4.0,10.0,25.0,2.0,22.0,8.0,0.0,17.0,57.0,87.0,5.0,,,,,,0.0,
colorado_buffaloes,38.46666666666667,0.46192083776666665,17.93333333333333,19.133333333333333,0.3025805015,5.800000000000001,17.733333333333334,0.6886770088333333,12.100000000000001,14.033333333333333,3.5999999999999996,10.766666666666666,14.333333333333332,0.6333333333333333,24.233333333333334,12.133333333333333,0.1,17.299999999999997,65.36666666666666,56.83333333333333,15.766666666666666,6.25,3.9310344827586206,1908.4615384615386,-0.06896551724137931,398.2758620689655,0.16666666666666669,479.23333333333335
colorado_christian_cougars,36.5,0.3009049775,11.0,26.5,0.30151515149999997,8.0,8.5,0.6944444445,6.0,10.0,1.0,4.0,17.5,0.5,27.0,13.5,0.0,14.0,52.0,83.0,0.0,,,,,,0.0,
colorado_colorado_springs_mountain_lions,49.0,0.346938776,17.0,9.0,0.333333333,3.0,10.0,0.6,6.0,10.0,2.0,14.0,26.0,2.0,25.0,13.0,0.0,14.0,49.0,70.0,0.0,,,,,,0.0,
colorado_mesa_mavericks,41.0,0.243902439,10.0,25.0,0.36,9.0,6.0,0.5,3.0,15.0,2.0,7.0,16.0,1.0,24.0,20.0,1.0,10.0,50.0,62.0,10.0,,,,,,0.0,
colorado_state_rams,38.78125,0.4579570669375,17.78125,21.65625,0.3458469991875,7.5625,14.125,0.7852523859375,10.9375,14.3125,3.125,4.6875,9.5625,0.34375,30.71875,7.0625,0.03125,11.65625,69.1875,62.71875,14.0,5.0,3.870967741935484,1091.6666666666667,-0.16666666666666669,569.9285714285714,0.09375,468.5666666666667
columbia_international_columbia_intl,21.0,0.428571429,9.0,20.0,0.3,6.0,6.0,0.666666667,4.0,8.0,2.0,6.0,31.0,2.0,20.0,4.0,0.0,10.0,40.0,81.0,2.0,,,,,,0.0,
columbia_lions,35.535714285714285,0.48045816585714285,17.142857142857142,24.71428571428571,0.31628612103571424,7.785714285714286,17.75,0.6252891192142858,11.107142857142856,16.17857142857143,4.071428571428571,7.035714285714286,17.57142857142857,0.46428571428571425,29.25,13.321428571428571,0.07142857142857142,16.964285714285715,68.75,61.64285714285714,13.892857142857144,10.0,4.555555555555555,580.3333333333334,0.0,223.44444444444443,0.0,167.60714285714286
connecticut_college_camels,34.0,0.205882353,7.0,27.0,0.222222222,6.0,10.0,0.4,4.0,7.0,2.0,10.0,18.0,1.0,18.0,11.0,0.0,8.0,36.0,79.0,4.0,,,,,,0.0,
converse,39.0,0.358974359,14.0,17.0,0.411764706,7.0,13.0,0.692307692,9.0,15.0,5.0,9.0,30.0,0.0,18.0,10.0,0.0,25.0,58.0,101.0,2.0,,,,,,0.0,
coppin_state_eagles,38.46153846153847,0.41114375115384616,15.653846153846153,20.730769230769234,0.2538518626538461,5.230769230769231,21.0,0.6900340294230769,14.653846153846153,10.653846153846153,3.423076923076923,7.423076923076923,15.192307692307692,0.6538461538461539,28.269230769230766,10.884615384615383,0.15384615384615385,16.26923076923077,61.65384615384615,63.92307692307692,10.615384615384617,,4.84,501.1304347826087,0.0,233.68,-0.19230769230769232,156.6153846153846
cornell_big_red,38.791666666666664,0.3902811785,15.291666666666668,16.583333333333332,0.26109382429166667,4.416666666666667,15.958333333333332,0.6380049226666666,10.0,12.833333333333332,3.25,7.291666666666666,18.541666666666668,1.125,23.0,13.75,0.16666666666666669,16.916666666666668,53.83333333333333,61.04166666666667,7.125,5.0,4.956521739130435,306.95,0.0,283.6666666666667,-0.125,200.86956521739128
creighton_bluejays,33.17241379310345,0.5384523616896552,17.689655172413794,27.89655172413793,0.36080304375862066,10.275862068965518,11.862068965517242,0.7408757446206897,8.620689655172415,20.89655172413793,2.862068965517241,7.517241379310345,12.793103448275863,0.4482758620689655,25.24137931034483,10.655172413793103,0.03448275862068965,15.724137931034482,74.82758620689656,63.44827586206897,18.06896551724138,10.0,4.107142857142858,1347.3333333333335,0.03448275862068965,755.9285714285714,0.06896551724137931,594.1724137931035
cs_dominguez_hills_toros,26.0,0.346153846,9.0,27.0,0.333333333,9.0,32.0,0.6875,22.0,8.0,2.0,4.0,15.0,0.0,28.0,16.0,0.0,17.0,67.0,72.0,0.0,,,,,,0.0,
csu_pueblo_thunderwolves,34.0,0.3160714285,10.5,26.5,0.296212121,7.5,7.0,0.7,5.5,8.5,6.5,5.5,9.0,0.0,28.5,8.0,0.0,19.5,49.0,65.5,8.5,,,,,,0.0,
cumberland_ky_indians,38.0,0.45400696849999994,17.5,24.0,0.20979020950000002,5.0,23.5,0.5951086955,14.0,10.5,2.0,7.5,14.0,1.0,21.0,12.5,1.0,26.5,64.0,86.5,5.5,,,,,,0.0,
dakota_wesleyan_tigers,49.0,0.408163265,20.0,12.0,0.083333333,1.0,0.0,,0.0,12.0,1.0,5.0,17.0,1.0,19.0,11.0,0.0,16.0,43.0,90.0,3.0,,,,,,0.0,
dartmouth_big_green,34.34615384615385,0.3622638803461538,12.26923076923077,20.769230769230766,0.2561387653076923,5.346153846153846,10.115384615384617,0.6322580001923076,6.423076923076923,9.153846153846153,2.1923076923076925,6.384615384615385,18.346153846153847,0.9615384615384615,24.153846153846157,11.26923076923077,0.03846153846153846,15.73076923076923,47.0,65.03846153846153,3.7307692307692304,5.0,4.6,306.125,0.0,416.76,-0.15384615384615385,354.0769230769231
davidson_wildcats,37.099999999999994,0.47025946106666666,17.4,20.03333333333333,0.2994185631,6.066666666666666,12.7,0.7235800864666667,9.600000000000001,11.633333333333333,2.5666666666666664,6.0,15.100000000000001,0.5333333333333334,23.133333333333333,11.2,0.13333333333333333,17.56666666666667,62.599999999999994,61.2,10.033333333333333,5.0,3.9655172413793105,582.3703703703703,0.03448275862068965,424.7586206896552,-0.03333333333333333,328.5666666666667
davis_elkins_senators,21.0,0.333333333,7.0,32.0,0.09375,3.0,8.0,0.5,4.0,5.0,1.0,2.0,15.0,2.0,22.0,7.0,0.0,18.0,27.0,71.0,0.0,,,,,,0.0,
dayton_flyers,42.692307692307686,0.42970018050000003,18.384615384615383,17.0,0.3347469464615384,5.807692307692308,17.153846153846153,0.6830671467307692,11.615384615384617,13.192307692307692,4.076923076923077,6.076923076923077,12.692307692307692,0.4230769230769231,29.53846153846154,12.653846153846153,0.15384615384615385,15.5,65.8076923076923,54.11538461538461,17.153846153846153,5.0,4.680000000000001,1342.72,0.0,593.8,0.0,442.69230769230774
delaware_blue_hens,51.400000000000006,0.4196198535666667,21.6,16.033333333333335,0.2996608242666667,4.833333333333334,19.666666666666664,0.7032701514333334,14.066666666666666,11.966666666666667,3.6333333333333333,7.800000000000001,13.933333333333334,0.23333333333333334,27.200000000000003,17.200000000000003,0.06666666666666667,16.133333333333333,71.76666666666668,63.13333333333334,15.600000000000001,5.0,4.275862068965518,875.4615384615385,0.03448275862068965,510.0714285714286,-0.16666666666666669,378.2758620689655
delaware_state_hornets,36.22727272727273,0.38644897740909095,13.772727272727272,13.045454545454547,0.23365515913636364,2.9545454545454546,15.363636363636363,0.6599566734545455,10.045454545454545,7.772727272727273,1.5,4.363636363636363,22.227272727272727,1.8181818181818183,24.590909090909093,9.318181818181818,0.2272727272727273,12.545454545454547,46.45454545454545,76.45454545454545,2.1363636363636362,5.0,5.714285714285714,493.0,0.0,246.76190476190476,-0.13636363636363635,157.54545454545453
denver_pioneers,32.48275862068966,0.461192371,14.724137931034482,24.551724137931036,0.29584089155172416,7.275862068965518,16.862068965517242,0.7599929333103448,12.862068965517242,12.310344827586208,5.241379310344827,6.137931034482759,15.310344827586208,0.9655172413793103,25.551724137931036,8.96551724137931,0.13793103448275862,16.10344827586207,64.13793103448276,72.06896551724138,7.793103448275862,8.333333333333334,4.142857142857142,890.16,0.0,363.33333333333337,0.0,532.5925925925926
depaul_blue_demons,50.375,0.5037559923749999,25.40625,25.0625,0.34666909096875004,8.65625,15.0625,0.77646872959375,11.5,18.59375,3.5625,9.9375,13.84375,0.28125,25.15625,15.25,0.0,15.09375,88.28125,78.28125,18.6875,7.5,3.741935483870968,1508.4137931034484,-0.09375,856.4193548387096,0.125,683.8125
detroit_mercy_titans,43.51851851851852,0.40707881555555553,17.51851851851852,12.555555555555555,0.2626557327037037,3.444444444444444,15.407407407407407,0.6552142841111112,9.962962962962964,10.962962962962964,2.3703703703703702,9.037037037037036,19.77777777777778,0.5555555555555556,24.037037037037038,11.481481481481481,0.07407407407407407,17.85185185185185,55.33333333333333,68.81481481481481,2.555555555555556,5.0,4.3076923076923075,364.69230769230774,0.0,201.76923076923075,0.037037037037037035,161.25925925925927
dickinson_state_nd_blue_hawks,24.0,0.583333333,14.0,20.0,0.1,2.0,10.0,0.8,8.0,8.0,0.0,4.0,29.0,1.0,17.0,6.0,0.0,24.0,42.0,95.0,6.0,,,,,,0.0,
drake_bulldogs,35.400000000000006,0.5473470989333333,19.299999999999997,24.166666666666664,0.3258909293,7.866666666666667,16.9,0.7474967310666667,12.466666666666667,18.9,4.2666666666666675,7.2333333333333325,17.666666666666664,0.5666666666666667,29.799999999999997,11.033333333333333,0.0,15.033333333333333,74.66666666666666,67.9,16.9,5.0,4.172413793103448,1566.7142857142856,-0.06896551724137931,357.4074074074074,0.1,402.1034482758621
drexel_dragons,42.903225806451616,0.4795408249354839,20.387096774193548,16.580645161290324,0.2970793161935484,5.064516129032258,12.483870967741936,0.7539625648064515,9.612903225806452,16.70967741935484,2.935483870967742,7.387096774193548,11.096774193548388,0.7096774193548387,24.06451612903226,11.838709677419354,0.0967741935483871,14.0,65.58064516129032,55.806451612903224,15.483870967741936,7.5,4.133333333333333,739.48,-0.0967741935483871,467.76666666666665,0.22580645161290322,394.3225806451613
duke_blue_devils,37.93333333333334,0.4689825499333333,17.666666666666664,21.566666666666666,0.31123582583333337,6.699999999999999,14.5,0.6741417054333333,9.600000000000001,13.766666666666666,4.1,6.666666666666666,16.5,0.43333333333333335,26.1,12.833333333333332,0.03333333333333333,14.7,65.03333333333333,62.16666666666667,12.633333333333333,,3.9310344827586206,2823.785714285714,-0.03448275862068965,495.6206896551724,0.1,247.43333333333334
duquesne_dukes,34.79310344827586,0.4524395875862069,15.793103448275863,22.96551724137931,0.3332244242413793,7.379310344827586,14.655172413793103,0.7064203021034483,10.10344827586207,14.793103448275863,2.827586206896552,7.517241379310345,14.482758620689655,1.0689655172413794,24.93103448275862,10.275862068965518,0.03448275862068965,16.10344827586207,63.82758620689655,64.55172413793103,9.793103448275863,5.0,4.071428571428571,733.7037037037037,0.0,439.3214285714286,0.06896551724137931,280.44827586206895
east_carolina_pirates,46.14285714285714,0.4019770917142857,18.607142857142858,15.428571428571429,0.24675616635714287,4.0,18.67857142857143,0.5994716816071428,11.321428571428571,12.892857142857144,4.928571428571428,11.0,17.107142857142858,0.8571428571428572,22.357142857142858,14.785714285714285,0.3214285714285714,18.75,60.535714285714285,59.214285714285715,13.285714285714285,5.0,4.37037037037037,890.6296296296297,0.0,645.2592592592592,-0.03571428571428571,521.2142857142858
east_stroudsburg_university_warriors,37.0,0.243243243,9.0,15.0,0.266666667,4.0,9.0,0.555555556,5.0,7.0,0.0,4.0,32.0,3.0,27.0,12.0,0.0,14.0,35.0,82.0,1.0,,,,,,0.0,
east_tennessee_state_bucs,35.74074074074074,0.3928599296296297,13.925925925925926,22.444444444444446,0.29298689499999997,6.481481481481482,12.037037037037036,0.6930513092692308,8.11111111111111,10.814814814814815,3.0,7.555555555555555,14.703703703703704,0.48148148148148145,24.37037037037037,9.481481481481481,0.0,16.814814814814817,55.407407407407405,68.11111111111111,5.814814814814815,,4.384615384615385,765.12,0.0,183.80769230769232,-0.11111111111111112,170.59259259259258
eastern_illinois_panthers,42.233333333333334,0.45818272703333335,19.366666666666667,17.733333333333334,0.3107527742333333,5.633333333333333,16.233333333333334,0.7514603668,12.3,15.633333333333333,1.4333333333333331,11.0,15.8,0.6000000000000001,23.4,11.433333333333334,0.0,17.633333333333333,67.93333333333334,65.5,12.333333333333332,6.666666666666667,3.896551724137931,616.8076923076923,-0.06896551724137931,448.85185185185185,0.0,845.0
eastern_kentucky_colonels,43.74193548387097,0.41909567183870966,18.548387096774192,16.774193548387096,0.28579340819354837,4.870967741935484,20.677419354838708,0.7337437782258065,15.290322580645162,12.096774193548388,3.935483870967742,9.161290322580646,17.677419354838708,0.3870967741935484,25.419354838709676,13.258064516129032,0.22580645161290322,17.580645161290324,67.0,66.64516129032258,10.870967741935484,8.333333333333334,3.833333333333333,836.1851851851852,0.0,416.04347826086956,-0.16129032258064516,268.85185185185185
eastern_michigan_eagles,43.57692307692308,0.4337634870769231,19.03846153846154,19.269230769230766,0.2806121331923077,5.461538461538461,17.384615384615383,0.6875418215769231,12.0,9.653846153846153,3.153846153846154,8.692307692307692,14.076923076923078,0.4230769230769231,25.346153846153843,11.923076923076922,0.19230769230769232,16.653846153846153,66.46153846153847,71.92307692307692,9.923076923076922,,4.64,878.2916666666667,0.0,333.5652173913043,0.0,309.6
eastern_washington_eagles,38.86666666666666,0.39214172976666667,15.066666666666666,22.766666666666666,0.29637674713333334,6.800000000000001,14.933333333333334,0.6961549186666667,10.466666666666667,12.100000000000001,2.2333333333333334,8.833333333333332,14.0,0.30000000000000004,26.1,11.033333333333333,0.0,16.53333333333333,61.0,64.5,9.766666666666666,,4.0,594.9615384615385,0.0,536.9599999999999,0.0,430.0
ecclesia_royals,32.0,0.25,8.0,13.0,0.153846154,2.0,25.0,0.68,17.0,6.0,0.0,6.0,27.0,0.0,20.0,4.0,0.0,7.0,39.0,108.0,5.0,,,,,,0.0,
edward_waters_tigers,42.5,0.42239467849999995,18.0,20.5,0.16062801949999997,3.0,24.5,0.6681034484999999,16.0,9.0,2.0,11.5,20.0,0.5,21.5,17.5,0.0,19.5,61.0,69.5,4.0,,,,,,0.0,
elon_phoenix,36.48275862068966,0.45279422527586205,16.413793103448274,19.413793103448274,0.3086959468965517,5.8965517241379315,15.931034482758621,0.7485013687586207,11.827586206896552,12.586206896551724,3.4482758620689657,7.241379310344827,16.93103448275862,1.2413793103448276,22.93103448275862,11.620689655172415,0.0,17.275862068965516,62.3448275862069,62.275862068965516,11.344827586206897,5.0,4.357142857142858,1313.6923076923076,0.0,245.14285714285714,0.0,195.58620689655172
emory_henry_wasps,36.0,0.334365325,12.0,21.0,0.2136363635,4.5,9.5,0.596153846,6.0,8.0,2.0,9.0,21.0,1.5,23.0,8.5,0.0,15.5,43.5,57.0,6.5,,,,,,0.0,
erskine_flying_fleet,21.0,0.2774853803333333,5.666666666666667,22.666666666666668,0.09506172833333333,2.333333333333333,16.333333333333332,0.43452380966666665,7.333333333333333,3.0,2.6666666666666665,8.666666666666666,23.666666666666668,5.333333333333333,18.666666666666668,7.666666666666667,0.0,12.333333333333334,25.666666666666668,69.66666666666667,0.0,,,,,,0.0,
evansville_purple_aces,39.900000000000006,0.4316553042333333,17.166666666666664,20.066666666666666,0.2724893039666667,5.633333333333333,20.766666666666666,0.7142523546666666,14.833333333333332,11.2,3.2333333333333334,8.033333333333333,16.1,0.23333333333333334,24.299999999999997,10.233333333333334,0.06666666666666667,19.333333333333336,66.06666666666666,75.56666666666666,7.133333333333333,6.666666666666667,4.172413793103448,750.923076923077,-0.037037037037037035,252.44444444444443,-0.06666666666666667,202.48275862068965
evergreen_state_geoducks,43.0,0.3196944895,14.0,14.0,0.20555555550000001,2.5,14.0,0.5416666665000001,8.0,10.0,5.0,5.5,19.5,1.0,22.5,8.5,0.0,10.5,43.5,99.0,0.0,,,,,,0.0,
fairfield_stags,40.32258064516129,0.4595899362903226,18.516129032258064,17.35483870967742,0.3398504167096774,5.967741935483871,13.483870967741936,0.7576156864193548,10.129032258064516,14.32258064516129,2.4516129032258065,7.870967741935484,11.32258064516129,0.3870967741935484,24.548387096774192,9.0,0.03225806451612903,12.483870967741936,65.06451612903226,56.54838709677419,15.451612903225806,5.0,4.1,671.8571428571428,0.0,270.33333333333337,-0.06451612903225806,239.06451612903226
fairleigh_dickinson_knights,37.5,0.4370513364,16.366666666666667,18.166666666666664,0.3206134879,5.7333333333333325,16.166666666666668,0.7033815484666667,11.633333333333333,12.766666666666666,2.7666666666666666,6.033333333333333,14.566666666666666,0.5,26.93333333333333,10.466666666666667,0.16666666666666669,15.633333333333333,61.56666666666666,56.599999999999994,13.466666666666667,8.333333333333334,4.137931034482759,229.76923076923075,0.0,126.96551724137932,0.06666666666666667,72.06666666666666
faulkner_eagles,26.0,0.346153846,9.0,22.0,0.318181818,7.0,15.0,0.8,12.0,9.0,1.0,3.0,23.0,5.0,27.0,11.0,0.0,12.0,51.0,91.0,9.0,,,,,,0.0,
fisher_college_eagles,32.333333333333336,0.23602390266666667,7.666666666666667,15.333333333333334,0.198506069,3.0,8.0,0.7916666665000001,6.333333333333333,5.333333333333333,1.0,4.0,29.666666666666668,0.6666666666666666,21.666666666666668,5.333333333333333,0.0,14.0,30.666666666666668,93.0,0.0,,,,,,0.0,
florida_am_rattlers,37.78260869565217,0.3739612394782608,14.130434782608695,18.52173913043478,0.2701063408695652,4.826086956521739,16.17391304347826,0.6567627900869565,10.73913043478261,9.608695652173912,1.2608695652173914,6.260869565217392,21.0,1.6956521739130437,23.82608695652174,12.82608695652174,0.0,17.956521739130434,53.47826086956522,73.78260869565217,3.173913043478261,,5.181818181818182,802.0,0.0,451.35,-0.21739130434782608,403.9090909090909
florida_atlantic_owls,35.3448275862069,0.43648066393103446,15.413793103448276,19.06896551724138,0.2784443726206896,5.172413793103448,16.655172413793103,0.7328138345517241,12.241379310344827,11.379310344827585,2.0344827586206895,5.689655172413793,15.862068965517242,0.7586206896551724,25.482758620689655,10.448275862068964,0.0,15.241379310344827,58.58620689655172,66.17241379310344,7.8965517241379315,5.0,4.107142857142858,729.1851851851852,0.0,661.88,0.03448275862068965,580.5925925925926
florida_gators,44.38709677419355,0.44966673287096776,19.806451612903224,17.612903225806452,0.3023774814516129,5.516129032258065,16.774193548387096,0.7335778011612902,12.35483870967742,12.612903225806452,3.3870967741935485,8.870967741935484,16.806451612903224,0.45161290322580644,26.967741935483872,12.35483870967742,0.16129032258064516,19.516129032258064,68.51612903225806,64.61290322580645,12.483870967741936,10.0,3.833333333333333,2480.451612903226,-0.03225806451612903,646.6333333333334,0.0967741935483871,547.3548387096774
florida_gulf_coast_eagles,27.413793103448274,0.5928370903448276,15.96551724137931,36.17241379310345,0.3295684767241379,11.931034482758621,15.379310344827585,0.6524331706551724,10.137931034482758,17.689655172413794,3.2758620689655173,10.379310344827585,11.275862068965518,0.793103448275862,25.586206896551726,9.275862068965518,0.0,15.206896551724137,77.86206896551724,56.89655172413793,25.24137931034483,,4.392857142857142,1251.730769230769,0.0,622.7916666666666,0.13793103448275862,453.84615384615387
florida_international_panthers,36.599999999999994,0.45063085960000004,16.366666666666667,21.733333333333334,0.2929509877333333,6.333333333333334,17.1,0.7133913341666667,12.266666666666666,11.399999999999999,2.5,9.533333333333333,16.96666666666667,1.0333333333333332,21.666666666666664,12.2,0.0,20.0,64.0,62.3,10.8,5.0,4.137931034482759,681.6190476190476,0.0,656.0416666666667,0.06666666666666667,536.3703703703703
florida_memorial_lions,38.333333333333336,0.42494192799999997,15.666666666666666,18.333333333333332,0.2591269843333333,5.0,18.333333333333332,0.6084656083333333,11.333333333333334,7.666666666666667,1.6666666666666667,9.333333333333334,22.333333333333332,2.0,26.333333333333332,7.333333333333333,0.6666666666666666,22.0,57.666666666666664,82.66666666666667,3.0,,,,,,0.0,
florida_national_conquistadors,35.0,0.228571429,8.0,14.0,0.285714286,4.0,12.0,0.583333333,7.0,6.0,2.0,11.0,28.0,0.0,17.0,4.0,0.0,19.0,35.0,91.0,0.0,,,,,,0.0,
florida_state_seminoles,42.07142857142858,0.48208858099999996,20.28571428571429,15.107142857142856,0.32147862464285715,4.785714285714286,16.25,0.7077374089999999,11.428571428571429,14.678571428571429,4.535714285714286,6.357142857142858,15.571428571428571,0.39285714285714285,25.607142857142858,10.714285714285715,0.17857142857142858,15.928571428571429,66.35714285714286,61.5,15.857142857142856,5.0,4.2592592592592595,2193.3846153846152,0.0,578.7777777777777,0.14285714285714285,367.1071428571429
fordham_rams,37.60714285714286,0.4384826678571429,16.5,22.607142857142858,0.30149661575,6.857142857142858,11.857142857142856,0.7331498079285714,8.535714285714285,13.714285714285715,2.464285714285714,7.428571428571428,13.214285714285715,0.7142857142857143,22.82142857142857,12.107142857142856,0.03571428571428571,15.035714285714285,62.10714285714286,57.535714285714285,13.321428571428571,5.0,4.2592592592592595,784.1739130434784,-0.11111111111111112,485.33333333333337,0.10714285714285715,462.8928571428571
fort_valley_state_wildcats,48.0,0.479166667,23.0,19.0,0.105263158,2.0,30.0,0.633333333,19.0,8.0,2.0,12.0,30.0,2.0,20.0,18.0,0.0,23.0,71.0,99.0,3.0,,,,,,0.0,
freed_hardeman_lions,47.0,0.531914894,25.0,11.0,0.363636364,4.0,15.0,0.6,9.0,11.0,2.0,10.0,13.0,2.0,22.0,10.0,0.0,11.0,71.0,62.0,10.0,,,,,,0.0,
fresno_state_bulldogs,39.96551724137931,0.44748181920689656,17.79310344827586,20.620689655172416,0.3618122953793103,7.482758620689655,15.241379310344827,0.7403302934137932,11.310344827586208,13.0,2.2413793103448274,6.413793103448276,11.655172413793103,0.6551724137931034,26.24137931034483,9.758620689655173,0.13793103448275862,14.448275862068964,69.3448275862069,69.13793103448276,11.03448275862069,5.0,4.107142857142858,1039.7916666666667,0.0,398.75,-0.10344827586206896,345.77777777777777
frostburg_state_bobcats,40.0,0.25,10.0,18.0,0.5,9.0,19.0,0.631578947,12.0,6.0,0.0,3.0,23.0,2.0,18.0,7.0,0.0,17.0,59.0,113.0,2.0,,,,,,0.0,
furman_paladins,40.88888888888889,0.40473521688888886,16.85185185185185,20.296296296296298,0.29666852214814815,6.148148148148148,17.925925925925927,0.746378302,13.444444444444445,13.185185185185185,2.2222222222222223,6.814814814814815,15.518518518518519,0.7777777777777778,26.296296296296298,15.814814814814815,0.11111111111111112,14.925925925925926,65.5925925925926,60.88888888888889,15.074074074074074,5.0,4.384615384615385,695.2916666666667,-0.12000000000000001,331.27272727272725,-0.037037037037037035,392.28000000000003
gardner_webb_runnin_bulldogs,41.87096774193548,0.46472997945161293,19.451612903225808,20.161290322580644,0.27677497903225806,5.903225806451613,19.548387096774192,0.6922948853548386,13.709677419354838,12.0,4.419354838709677,8.67741935483871,15.870967741935484,0.5483870967741935,24.096774193548388,11.935483870967742,0.22580645161290322,19.225806451612904,70.3225806451613,69.54838709677419,12.03225806451613,,3.8666666666666663,453.55555555555554,0.0,197.43333333333334,-0.0967741935483871,130.67741935483872
george_mason_patriots,38.689655172413794,0.40681618303448275,15.689655172413792,18.20689655172414,0.2725009942413793,5.068965517241379,17.724137931034484,0.6639522946551725,12.068965517241379,10.655172413793103,2.5517241379310343,5.724137931034482,15.724137931034482,0.6896551724137931,25.689655172413794,10.655172413793103,0.03448275862068965,15.96551724137931,58.6551724137931,65.6551724137931,6.827586206896552,5.0,4.071428571428571,674.0357142857142,0.03571428571428571,313.3214285714286,-0.06896551724137931,209.41379310344828
george_washington_revolutionaries,39.599999999999994,0.37811237936666664,14.899999999999999,17.133333333333333,0.26861266796666666,4.6,13.8,0.6054210498666667,8.166666666666666,9.600000000000001,1.7999999999999998,7.366666666666667,14.666666666666668,0.6666666666666667,24.53333333333333,13.399999999999999,0.0,15.7,51.766666666666666,55.2,8.2,,3.9310344827586206,617.047619047619,0.0,452.22222222222223,0.16666666666666669,308.3793103448276
georgetown_hoyas,39.58620689655172,0.42316019410344824,16.96551724137931,18.06896551724138,0.2933182405862069,5.241379310344827,15.206896551724137,0.7029868235517241,10.448275862068964,12.724137931034482,3.7586206896551726,8.0,18.10344827586207,0.7241379310344828,25.551724137931036,11.931034482758621,0.0,16.82758620689655,60.10344827586207,67.93103448275862,8.655172413793103,7.5,4.142857142857142,1063.3157894736842,0.0,409.7307692307692,0.13793103448275862,286.4285714285714
georgia_lady_bulldogs,51.92857142857142,0.46119044864285713,23.92857142857143,10.678571428571429,0.31350559164285713,3.357142857142857,15.357142857142856,0.7390015380357143,11.321428571428571,16.32142857142857,6.214285714285714,8.571428571428571,16.107142857142858,0.5714285714285715,27.0,13.535714285714285,0.14285714285714285,14.964285714285715,69.25,59.10714285714286,17.142857142857142,5.0,4.148148148148148,3270.692307692308,0.0,425.11111111111114,0.25,253.17857142857144
georgia_southern_eagles,48.26923076923077,0.4584650828846154,22.346153846153843,19.884615384615383,0.30063597792307695,6.076923076923077,21.53846153846154,0.6930306308846154,15.153846153846153,13.346153846153847,3.9615384615384617,10.538461538461538,19.153846153846157,0.7692307692307693,29.53846153846154,16.807692307692307,0.0,18.96153846153846,78.07692307692307,68.46153846153847,16.884615384615383,5.0,4.52,552.0,-0.04166666666666666,504.61904761904765,0.07692307692307693,368.625
georgia_state_panthers,40.307692307692314,0.4431321823076923,17.807692307692307,20.0,0.28976951461538464,5.692307692307692,18.884615384615383,0.6430225698846155,12.0,11.653846153846153,2.846153846153846,9.23076923076923,15.961538461538462,0.5,24.423076923076923,10.346153846153847,0.2692307692307692,20.192307692307693,64.6923076923077,67.42307692307692,8.653846153846153,5.0,4.52,782.5416666666667,-0.043478260869565216,209.13636363636365,0.03846153846153846,207.75
georgia_tech_yellow_jackets,39.096774193548384,0.4459501518387097,17.516129032258064,17.70967741935484,0.3033187424516129,5.516129032258065,14.290322580645162,0.6787352601612903,9.451612903225806,15.32258064516129,4.354838709677419,5.935483870967742,13.96774193548387,0.5483870967741935,27.64516129032258,11.290322580645162,0.06451612903225806,13.32258064516129,61.03225806451613,51.87096774193548,16.419354838709676,5.0,3.833333333333333,2208.793103448276,0.0,393.1,0.0967741935483871,291.741935483871
gettysburg_bullets,32.0,0.3125,10.0,18.0,0.111111111,2.0,13.0,0.538461538,7.0,6.0,3.0,5.0,22.0,0.0,24.0,8.0,0.0,26.0,33.0,79.0,0.0,,,,,,0.0,
gonzaga_bulldogs,38.84375,0.47454872240624996,18.3125,18.71875,0.3479580069375,6.625,16.59375,0.77385351303125,12.8125,14.75,4.0,7.84375,14.84375,0.78125,26.46875,14.15625,0.125,15.5,69.3125,55.75,20.5,,3.774193548387097,2895.64,-0.03225806451612903,765.2258064516129,0.0625,884.25
grace_christian_university_tigers,33.0,0.303030303,10.0,20.0,0.2,4.0,17.0,0.764705882,13.0,4.0,0.0,8.0,29.0,0.0,12.0,9.0,0.0,14.0,45.0,133.0,0.0,,,,,,0.0,
graceland_university_graceland,42.0,0.30952381,13.0,7.0,0.0,0.0,12.0,0.666666667,8.0,6.0,4.0,2.0,32.0,1.0,30.0,7.0,0.0,13.0,34.0,110.0,0.0,,,,,,0.0,
grambling_lady_tigers,41.57142857142857,0.40821476076190477,17.095238095238095,17.42857142857143,0.2506128497142857,4.523809523809524,16.666666666666668,0.6518048647619048,11.285714285714285,10.857142857142858,2.8095238095238098,7.809523809523809,16.619047619047617,0.5714285714285714,20.666666666666668,11.238095238095239,0.1904761904761905,19.476190476190478,59.047619047619044,72.04761904761905,4.428571428571429,,5.6,1378.6470588235293,-0.09523809523809525,565.65,-0.6666666666666666,733.3333333333334
grand_canyon_lopes,41.43333333333334,0.4191152565333333,17.56666666666667,18.6,0.3077404846333333,5.699999999999999,17.333333333333336,0.7052924420333333,12.166666666666668,11.733333333333334,2.533333333333333,12.466666666666667,16.799999999999997,0.7,21.866666666666667,13.733333333333334,0.06666666666666667,20.4,64.4,60.16666666666667,13.366666666666667,5.0,4.206896551724138,522.3076923076923,-0.04,900.576923076923,0.0,602.0
green_bay_phoenix,34.84615384615385,0.4408239803076923,15.307692307692308,22.307692307692307,0.32693436676923077,7.038461538461539,12.846153846153847,0.7935590786923077,10.076923076923078,14.26923076923077,2.5,7.115384615384615,13.615384615384617,0.8076923076923076,24.96153846153846,10.346153846153847,0.0,14.846153846153847,61.807692307692314,55.15384615384615,15.192307692307692,10.0,4.72,1527.6363636363635,-0.11538461538461539,516.72,-0.11538461538461539,482.15384615384613
greenville_panthers,52.0,0.346153846,18.0,18.0,0.333333333,6.0,4.0,0.5,2.0,17.0,2.0,5.0,24.0,0.0,31.0,16.0,0.0,13.0,56.0,105.0,0.0,,,,,,0.0,
hampton_lady_pirates,44.964285714285715,0.40096867957142857,17.92857142857143,12.071428571428571,0.2708642005,3.25,20.0,0.6112053130357143,12.964285714285715,10.392857142857144,1.9285714285714286,8.714285714285715,15.428571428571429,0.7857142857142857,23.21428571428571,11.285714285714285,0.10714285714285715,17.67857142857143,58.57142857142858,64.14285714285714,8.5,,4.222222222222222,802.5,0.0,223.40740740740742,-0.07142857142857142,211.5357142857143
harris_stowe_state_hornets,45.0,0.222222222,10.0,9.0,0.333333333,3.0,41.0,0.682926829,28.0,5.0,2.0,10.0,22.0,0.0,21.0,18.0,0.0,23.0,57.0,95.0,2.0,,,,,,0.0,
hartford_hawks,35.266666666666666,0.4022353539333333,14.133333333333333,20.266666666666666,0.30148594753333335,6.066666666666666,12.033333333333333,0.5989779902,7.6,11.066666666666666,2.533333333333333,7.0,20.633333333333333,0.8666666666666667,23.666666666666664,10.7,0.06666666666666667,16.3,54.06666666666666,71.56666666666666,3.5999999999999996,5.0,3.9655172413793105,366.2068965517241,0.0,317.93103448275866,-0.06666666666666667,259.2
harvard_crimson,40.55555555555556,0.43882459077777775,17.62962962962963,27.62962962962963,0.3293217068148148,9.074074074074074,12.666666666666668,0.6692442422592593,8.444444444444445,15.259259259259258,2.6296296296296298,10.777777777777777,12.407407407407407,0.37037037037037035,22.703703703703702,14.148148148148149,0.0,17.14814814814815,70.92592592592592,67.37037037037037,15.481481481481481,5.0,4.6923076923076925,616.0400000000001,-0.07692307692307693,451.4230769230769,-0.18518518518518517,394.70370370370375
haskell_jayhawks,41.0,0.390243902,16.0,20.0,0.05,1.0,10.0,0.3,3.0,12.0,1.0,10.0,19.0,1.0,26.0,5.0,0.0,17.0,38.0,95.0,0.0,,,,,,0.0,
hawaii_rainbow_wahine,31.96551724137931,0.45671384937931037,14.517241379310345,21.20689655172414,0.33339235796551725,7.068965517241379,20.137931034482758,0.6901954237931034,14.206896551724137,12.068965517241379,2.896551724137931,7.551724137931035,15.413793103448276,0.793103448275862,25.517241379310345,10.344827586206897,0.10344827586206896,16.79310344827586,64.44827586206897,62.96551724137931,11.310344827586208,,4.392857142857142,855.6521739130435,0.0,1808.3214285714284,0.13793103448275862,2024.8275862068965
hendrix_college_warriors,35.5,0.22540322599999998,8.0,27.0,0.24074074050000002,6.5,11.0,0.5142857144999999,6.0,8.0,0.5,5.0,16.5,0.0,22.0,11.5,0.0,12.0,41.5,85.5,1.5,,,,,,0.0,
high_point_panthers,32.93103448275862,0.48307345079310343,15.724137931034482,25.413793103448274,0.2941891239655172,7.206896551724138,15.551724137931036,0.6766510661034483,10.482758620689655,13.379310344827585,1.7586206896551724,8.89655172413793,12.0,0.41379310344827586,26.620689655172416,6.655172413793104,0.10344827586206896,16.0,63.55172413793103,57.96551724137931,14.793103448275863,5.0,4.071428571428571,642.08,0.0,196.41666666666669,-0.03448275862068965,120.0
hofstra_pride,40.14285714285714,0.41833566496428576,16.607142857142858,13.75,0.23086281835714284,3.107142857142857,13.928571428571429,0.5998044088214286,8.678571428571429,10.75,1.5,8.821428571428571,17.892857142857142,1.142857142857143,22.607142857142858,10.892857142857144,0.10714285714285715,17.285714285714285,51.214285714285715,61.89285714285714,5.964285714285714,5.0,4.481481481481482,621.56,0.0,317.04,-0.14285714285714285,299.0
holy_cross_crusaders,38.13333333333334,0.4481137779666667,16.96666666666667,18.700000000000003,0.31807315513333334,5.833333333333334,12.766666666666666,0.6977326177,8.666666666666668,13.033333333333333,2.666666666666667,6.466666666666667,15.600000000000001,0.26666666666666666,26.633333333333333,11.566666666666666,0.13333333333333333,13.100000000000001,60.099999999999994,55.766666666666666,12.233333333333334,5.0,4.0344827586206895,354.9642857142857,0.0,246.11111111111111,0.1,146.48275862068965
holy_names_university_hawks,20.0,0.2,4.0,15.0,0.333333333,5.0,8.0,0.875,7.0,5.0,0.0,6.0,33.0,5.0,18.0,4.0,0.0,5.0,30.0,88.0,0.0,,,,,,0.0,
houston_christian_huskies,37.32,0.36157835668,13.56,18.0,0.3225159406,5.72,16.84,0.791984922,13.2,11.16,3.92,8.08,16.2,0.76,24.720000000000002,10.56,0.04,15.399999999999999,57.480000000000004,56.28,10.120000000000001,5.0,5.125,657.1818181818181,0.0,380.2,-0.12000000000000001,358.39130434782606
houston_cougars,42.32258064516129,0.4167786627096774,17.677419354838708,18.903225806451612,0.29648892558064516,5.774193548387097,16.129032258064516,0.6700081258387097,10.516129032258064,12.870967741935484,4.67741935483871,10.193548387096774,15.612903225806452,0.6129032258064516,23.612903225806452,13.516129032258064,0.0967741935483871,17.580645161290324,63.193548387096776,61.064516129032256,11.67741935483871,5.0,4.0,780.5,-0.16129032258064516,670.3333333333333,0.03225806451612903,503.51612903225805
howard_bison,42.7391304347826,0.4190064651304348,17.782608695652176,18.869565217391305,0.25939938782608696,4.869565217391305,20.608695652173914,0.6730532394782608,13.608695652173914,12.0,3.6521739130434785,9.478260869565217,17.17391304347826,0.3043478260869565,26.304347826086957,14.478260869565217,0.08695652173913043,17.869565217391305,63.78260869565218,60.78260869565218,14.43478260869565,5.0,5.590909090909091,575.5882352941176,0.0,215.54545454545456,-0.2608695652173913,278.60869565217394
howard_payne_yellow_jackets,29.0,0.2353643965,7.0,24.0,0.228695652,5.5,16.5,0.6043478259999999,10.0,6.0,1.0,3.5,24.0,0.0,20.0,12.5,0.0,18.5,40.5,97.0,0.0,,,,,,0.0,
huston_tillotson_rams,41.5,0.3019744485,12.5,15.0,0.16964285699999995,2.5,16.0,0.7424242425,11.5,5.5,3.5,8.0,25.5,2.0,22.0,13.5,0.0,17.5,44.0,82.5,0.5,,,,,,0.0,
idaho_state_bengals,41.2,0.4667804348666667,19.200000000000003,20.833333333333336,0.30973311496666667,6.4,12.066666666666666,0.7197877749,8.966666666666665,15.8,2.7666666666666666,9.166666666666668,14.266666666666666,0.4666666666666667,23.566666666666666,11.8,0.03333333333333333,17.1,66.56666666666666,63.733333333333334,13.233333333333334,5.0,4.1034482758620685,1176.923076923077,-0.14814814814814814,745.0400000000001,-0.1,643.6428571428572
idaho_vandals,35.6875,0.43789814734375,15.65625,27.9375,0.30824481743750004,8.78125,14.375,0.711329457875,10.8125,14.34375,2.53125,6.03125,12.6875,0.4375,28.375,8.8125,0.03125,14.125,68.46875,70.125,11.40625,5.0,3.870967741935484,751.8275862068965,-0.03225806451612903,733.1666666666667,0.0,718.741935483871
illinois_fighting_illini,41.2962962962963,0.4340229139259259,17.88888888888889,18.296296296296298,0.31791540418518516,5.814814814814815,16.88888888888889,0.662186018037037,11.148148148148149,12.555555555555555,3.4074074074074074,6.703703703703703,16.814814814814817,0.37037037037037035,24.962962962962962,11.740740740740742,0.07407407407407407,15.333333333333332,64.37037037037037,74.44444444444444,7.370370370370371,,4.384615384615385,2077.3478260869565,0.11538461538461539,345.88461538461536,0.25925925925925924,235.88888888888889
illinois_state_redbirds,37.74193548387097,0.4803049552903226,18.129032258064516,15.290322580645162,0.34095263174193546,5.161290322580645,17.548387096774192,0.7615679600967742,13.32258064516129,10.870967741935484,3.2580645161290325,5.354838709677419,13.387096774193548,0.5806451612903226,24.903225806451612,8.548387096774194,0.03225806451612903,15.419354838709678,65.06451612903226,63.0,10.548387096774194,,4.133333333333333,820.3333333333333,-0.06666666666666667,267.75,-0.06451612903225806,314.5666666666667
immaculata_mighty_macs,40.0,0.275,11.0,21.0,0.142857143,3.0,18.0,0.555555556,10.0,6.0,0.0,9.0,19.0,0.0,24.0,14.0,0.0,9.0,41.0,78.0,0.0,,,,,,0.0,
incarnate_word_cardinals,39.82758620689655,0.4235164284827586,16.82758620689655,15.96551724137931,0.2647296230344828,4.172413793103448,17.17241379310345,0.6879361746896551,11.793103448275863,10.551724137931036,2.793103448275862,8.344827586206897,17.0,1.0344827586206897,23.344827586206897,12.172413793103448,0.03448275862068965,16.482758620689655,57.96551724137931,59.79310344827586,8.482758620689655,5.0,4.357142857142858,397.52173913043475,0.0,248.0,-0.03448275862068965,268.88888888888886
indiana_hoosiers,44.099999999999994,0.4931596294333333,21.566666666666666,15.0,0.33895654740000003,4.966666666666667,18.366666666666667,0.7513340587666666,13.766666666666666,14.166666666666668,3.4000000000000004,6.633333333333333,13.066666666666666,0.30000000000000004,26.866666666666667,9.433333333333334,0.03333333333333333,15.466666666666667,71.80000000000001,61.900000000000006,16.6,5.0,4.0,4616.25,-0.14285714285714285,418.2068965517241,0.13333333333333333,297.0333333333333
indiana_state_sycamores,44.483870967741936,0.4609331634516129,20.387096774193548,13.935483870967742,0.31095285470967743,4.387096774193548,14.419354838709678,0.6812488211935483,10.064516129032258,12.548387096774194,1.870967741935484,10.064516129032258,16.870967741935484,1.032258064516129,21.548387096774192,12.32258064516129,0.22580645161290322,19.870967741935484,64.0,65.61290322580645,10.451612903225806,,4.066666666666666,889.925925925926,-0.03333333333333333,335.65517241379314,-0.0967741935483871,248.39999999999998
iona_gaels,34.84615384615385,0.47584767284615387,16.692307692307693,18.615384615384617,0.2880976084230769,5.423076923076923,10.461538461538462,0.6091903660384616,6.461538461538461,13.884615384615383,2.5384615384615383,7.692307692307692,17.73076923076923,0.5384615384615384,23.03846153846154,8.692307692307692,0.0,15.346153846153847,56.11538461538461,58.38461538461539,8.846153846153847,5.0,4.8,523.7916666666666,0.0,113.64,0.07692307692307693,73.53846153846153
iowa_hawkeyes,40.53333333333333,0.5859718544333333,23.666666666666664,20.9,0.34696025560000004,7.333333333333334,18.03333333333333,0.8324055545333333,15.166666666666668,19.46666666666667,3.2,7.0,14.866666666666667,0.33333333333333337,29.666666666666664,8.733333333333334,0.1,15.633333333333333,84.5,70.83333333333334,19.9,5.0,4.0344827586206895,6158.035714285714,0.0,460.1034482758621,0.1,569.3333333333333
iowa_state_cyclones,34.03125,0.47441620003125,16.15625,26.71875,0.3870304519375,10.40625,16.15625,0.83265144534375,13.34375,14.28125,3.71875,5.375,12.78125,0.46875,29.28125,10.4375,0.03125,12.75,76.875,63.75,20.96875,5.0,3.967741935483871,6420.548387096775,0.0625,588.3225806451613,0.15625,514.5625
iu_indianapolis_jaguars,34.714285714285715,0.5244224222857142,17.96428571428571,21.75,0.3696969986785714,7.964285714285714,14.25,0.7437267424999999,10.607142857142856,14.964285714285715,2.928571428571429,5.642857142857142,15.714285714285715,1.0714285714285714,28.142857142857142,10.75,0.0,12.464285714285715,70.42857142857143,55.67857142857142,19.642857142857142,5.0,4.407407407407407,824.9166666666667,0.0,226.77777777777777,0.07142857142857142,172.92857142857144
jackson_state_lady_tigers,51.51851851851852,0.49024401603703704,25.0,13.962962962962964,0.30972105374074077,4.296296296296296,24.518518518518515,0.688788718074074,16.962962962962962,14.518518518518519,5.0,8.814814814814815,15.814814814814815,0.33333333333333337,30.814814814814813,16.25925925925926,0.11111111111111112,16.14814814814815,79.85185185185185,63.03703703703703,23.59259259259259,,4.730769230769231,1241.0416666666667,0.0,342.88461538461536,-0.14814814814814814,305.25925925925924
jacksonville_dolphins,41.25925925925926,0.4241279595925926,17.59259259259259,15.444444444444445,0.2675789055925926,4.111111111111112,17.074074074074073,0.7010479582592593,11.814814814814815,10.444444444444445,3.925925925925926,10.074074074074074,16.25925925925926,0.6666666666666667,22.814814814814813,10.555555555555555,0.33333333333333337,18.518518518518515,59.33333333333333,58.7037037037037,10.296296296296296,,4.346153846153846,688.0909090909091,0.0,395.1428571428571,-0.07407407407407407,315.9583333333333
jacksonville_state_gamecocks,41.24137931034483,0.4508470435172414,18.344827586206897,21.24137931034483,0.2922899523448276,6.344827586206896,16.82758620689655,0.6862406052068966,11.655172413793103,10.482758620689655,1.0,6.8965517241379315,11.89655172413793,0.5172413793103449,26.275862068965516,12.655172413793103,0.03448275862068965,15.89655172413793,67.37931034482759,58.275862068965516,15.689655172413792,,4.392857142857142,652.8461538461538,0.04,425.68,-0.03448275862068965,267.6666666666667
james_madison_dukes,39.75862068965517,0.43221517375862073,17.0,18.517241379310345,0.2879615164482759,5.206896551724138,19.0,0.7222679757931034,13.931034482758621,9.172413793103448,2.5517241379310343,5.931034482758621,15.724137931034482,0.48275862068965514,27.03448275862069,12.931034482758621,0.3103448275862069,16.448275862068964,63.55172413793103,64.58620689655172,10.551724137931036,5.0,4.142857142857142,1629.5172413793105,0.0,252.5357142857143,0.03448275862068965,172.79310344827587
jamestown_jimmies,34.0,0.294117647,10.0,19.0,0.210526316,4.0,6.0,0.666666667,4.0,6.0,1.0,8.0,23.0,0.0,23.0,7.0,0.0,18.0,36.0,82.0,4.0,,,,,,0.0,
jarvis_christian_bulldogs,33.333333333333336,0.36944444433333334,12.333333333333334,19.333333333333332,0.2569444443333333,4.666666666666667,27.0,0.651629337,17.333333333333332,7.0,2.0,4.0,20.666666666666668,0.3333333333333333,25.333333333333332,10.333333333333334,0.0,23.0,56.0,84.66666666666667,2.6666666666666665,,,,,,0.0,
jessup_university_warriors,28.0,0.142857143,4.0,28.0,0.285714286,8.0,2.0,0.5,1.0,8.0,3.0,8.0,25.0,4.0,18.0,5.0,0.0,11.0,33.0,83.0,6.0,,,,,,0.0,
john_carroll_blue_streaks,37.0,0.297297297,11.0,11.0,0.363636364,4.0,12.0,0.5,6.0,10.0,4.0,4.0,28.0,1.0,23.0,8.0,0.0,15.0,40.0,101.0,4.0,,,,,,0.0,
johnson_university_fl_suns,27.0,0.296296296,8.0,14.0,0.428571429,6.0,4.0,0.5,2.0,6.0,1.0,4.0,39.0,0.0,9.0,1.0,0.0,15.0,36.0,127.0,0.0,,,,,,0.0,
johnson_wales_nc_wildcats,37.0,0.189189189,7.0,30.0,0.166666667,5.0,7.0,0.714285714,5.0,6.0,3.0,5.0,29.0,1.0,30.0,8.0,0.0,24.0,34.0,101.0,0.0,,,,,,0.0,
kansas_city_roos,39.74193548387097,0.4705093748709677,18.70967741935484,20.548387096774192,0.35274859848387097,7.290322580645161,16.516129032258064,0.7643626629354838,12.741935483870968,14.709677419354838,2.6774193548387095,6.580645161290323,14.451612903225806,0.7419354838709677,26.35483870967742,12.0,0.0,15.903225806451612,72.03225806451613,65.35483870967742,13.580645161290322,5.0,3.9333333333333336,989.448275862069,-0.14814814814814814,351.51851851851853,0.03225806451612903,461.48275862068965
kansas_jayhawks,41.58620689655172,0.48133532534482754,19.655172413793103,16.620689655172416,0.3443364807241379,5.586206896551724,20.93103448275862,0.7495112018275862,15.793103448275863,12.96551724137931,5.758620689655173,8.241379310344827,17.344827586206897,0.20689655172413793,29.448275862068964,10.03448275862069,0.10344827586206896,16.655172413793103,71.86206896551724,64.58620689655172,15.413793103448276,5.0,4.321428571428571,2389.6923076923076,-0.10344827586206896,523.5714285714286,0.20689655172413793,340.1034482758621
kansas_state_wildcats,40.03225806451613,0.47155331938709677,18.903225806451612,19.258064516129032,0.2808963221935484,5.516129032258065,16.612903225806452,0.7400019119354838,12.548387096774194,17.06451612903226,5.32258064516129,7.548387096774194,13.612903225806452,0.3225806451612903,26.677419354838708,9.903225806451612,0.0967741935483871,15.612903225806452,66.90322580645162,60.38709677419355,16.322580645161292,10.0,4.066666666666666,3683.3999999999996,0.0,635.2666666666667,0.12903225806451613,328.7096774193548
kansas_wesleyan_coyotes,43.0,0.395348837,17.0,15.0,0.266666667,4.0,8.0,1.0,8.0,7.0,2.0,9.0,16.0,0.0,22.0,5.0,0.0,10.0,54.0,82.0,0.0,,,,,,0.0,
kennesaw_state_owls,41.44444444444444,0.42848884662962966,17.77777777777778,15.481481481481481,0.31574432366666666,4.703703703703703,16.666666666666668,0.655910736037037,11.037037037037036,11.0,2.3703703703703702,7.592592592592593,16.074074074074073,0.7037037037037036,22.925925925925927,11.074074074074074,0.037037037037037035,17.51851851851852,60.7037037037037,65.03703703703704,9.777777777777777,5.0,4.346153846153846,701.12,0.0,328.52000000000004,0.07407407407407407,218.19230769230768
kent_state_golden_flashes,35.79310344827586,0.45576524441379307,16.20689655172414,23.586206896551726,0.35286017193103447,8.137931034482758,16.20689655172414,0.7180716289310345,11.827586206896552,12.517241379310345,2.793103448275862,5.9655172413793105,14.206896551724137,0.7586206896551724,26.655172413793103,12.137931034482758,0.13793103448275862,15.413793103448276,68.6551724137931,61.3448275862069,14.275862068965518,,4.107142857142858,737.4814814814815,0.11111111111111112,335.45833333333337,0.0,316.11111111111114
kentucky_state_thorobreds,40.333333333333336,0.44566498299999996,18.0,14.333333333333334,0.29914529933333334,4.333333333333333,15.666666666666666,0.40740740733333336,7.0,14.333333333333334,2.0,10.333333333333334,29.0,0.6666666666666666,26.333333333333332,8.333333333333334,0.0,22.666666666666668,56.0,87.66666666666667,1.3333333333333333,,,,,,0.0,
kentucky_wildcats,46.2,0.4698586665,21.733333333333334,17.53333333333333,0.31902997043333337,5.9,16.266666666666666,0.6937604987,11.333333333333332,15.8,5.633333333333333,7.966666666666667,13.966666666666667,0.4666666666666667,24.566666666666666,12.8,0.06666666666666667,15.966666666666667,72.5,65.53333333333333,15.566666666666666,5.0,4.0344827586206895,5147.142857142858,-0.1,276.06896551724134,0.2,212.53333333333336
king_tn_tornado,37.0,0.459459459,17.0,14.0,0.142857143,2.0,16.0,1.0,16.0,4.0,3.0,10.0,23.0,4.0,27.0,7.0,0.0,16.0,56.0,76.0,2.0,,,,,,0.0,
kings_pa_monarchs,25.0,0.28,7.0,36.0,0.333333333,12.0,6.0,0.833333333,5.0,14.0,0.0,3.0,18.0,1.0,24.0,9.0,0.0,13.0,55.0,91.0,2.0,,,,,,0.0,
la_salle_explorers,32.82142857142857,0.44180640528571424,14.392857142857144,26.78571428571429,0.31711540174999997,8.464285714285715,15.071428571428571,0.7479375522142858,11.178571428571429,14.071428571428571,2.928571428571429,9.285714285714285,14.428571428571429,0.46428571428571425,22.67857142857143,11.214285714285715,0.17857142857142858,16.32142857142857,65.35714285714286,63.535714285714285,10.5,5.0,4.222222222222222,538.48,0.0,197.4814814814815,0.10714285714285715,107.64285714285715
lafayette_leopards,41.06666666666666,0.44143641466666667,17.866666666666667,14.333333333333332,0.26644498536666666,3.9000000000000004,10.533333333333333,0.6832247051666667,7.1,10.866666666666667,3.8,5.5,16.4,1.0,25.833333333333336,10.966666666666667,0.13333333333333333,14.133333333333333,54.53333333333333,58.56666666666666,6.666666666666666,5.0,3.9655172413793105,361.1333333333333,0.0,173.17241379310343,0.0,115.33333333333334
lagrange_panthers,35.0,0.257142857,9.0,22.0,0.181818182,4.0,21.0,0.714285714,15.0,5.0,4.0,6.0,15.0,1.0,23.0,8.0,0.0,12.0,45.0,77.0,0.0,,,,,,0.0,
lake_erie_storm,48.0,0.416666667,20.0,23.0,0.260869565,6.0,4.0,0.5,2.0,9.0,1.0,5.0,17.0,0.0,26.0,15.0,0.0,12.0,60.0,91.0,2.0,,,,,,0.0,
lamar_cardinals,37.39285714285714,0.43082322625,16.0,16.714285714285715,0.3586179924285714,6.0,18.25,0.6718507477857143,12.392857142857144,13.178571428571429,2.464285714285714,7.178571428571428,15.964285714285715,0.7142857142857143,24.25,10.857142857142856,0.10714285714285715,16.357142857142858,62.39285714285714,60.964285714285715,10.857142857142856,6.666666666666667,4.407407407407407,1019.1923076923077,-0.08333333333333334,548.7391304347826,0.03571428571428571,516.4230769230769
lee_flames,29.0,0.24137931,7.0,22.0,0.318181818,7.0,6.0,0.666666667,4.0,11.0,0.0,7.0,16.0,0.0,14.0,7.0,0.0,15.0,39.0,75.0,0.0,,,,,,0.0,
lees_mcrae_bobcats,38.5,0.345138889,13.5,9.0,0.107142857,1.5,14.5,0.5904761905,8.5,7.0,0.0,11.5,28.0,1.5,20.0,7.0,0.0,19.5,40.0,85.0,0.0,,,,,,0.0,
lehigh_mountain_hawks,33.03333333333333,0.48141334913333333,16.066666666666666,29.233333333333334,0.31740309369999997,9.433333333333334,11.533333333333333,0.7452006611333334,8.566666666666666,15.399999999999999,4.366666666666667,7.033333333333333,13.766666666666666,0.5333333333333334,29.133333333333333,10.0,0.0,12.2,69.0,60.13333333333334,16.3,,4.068965517241379,513.0740740740741,0.0,172.64285714285714,0.03333333333333333,96.20689655172414
lenoir_rhyne_bears,33.5,0.3666666665,12.5,14.0,0.2219251335,3.5,14.5,0.723039216,10.0,6.0,3.5,8.5,24.5,1.5,22.0,8.0,0.0,14.5,45.5,71.5,2.5,,,,,,0.0,
lewis_clark_st_warriors,46.0,0.304347826,14.0,15.0,0.133333333,2.0,17.0,0.705882353,12.0,6.0,1.0,3.0,18.0,2.0,35.0,7.0,0.0,8.0,46.0,95.0,0.0,,,,,,0.0,
liberty_flames,38.63333333333334,0.5190983922,20.0,17.633333333333333,0.31251921176666664,5.6,15.066666666666666,0.6652110534333333,10.2,16.366666666666667,3.8,5.800000000000001,15.433333333333334,0.7666666666666666,29.03333333333333,13.033333333333333,0.03333333333333333,16.5,67.0,51.8,21.5,5.0,4.0344827586206895,712.925925925926,0.03846153846153846,445.08333333333337,0.13333333333333333,435.48148148148147
life_pacific,50.5,0.33292682949999997,16.5,20.0,0.1979949875,4.0,10.5,0.418269231,4.5,5.5,0.5,3.5,11.0,0.0,23.0,9.0,0.0,8.0,49.5,100.0,0.5,,,,,,0.0,
life_university_running_eagles,42.5,0.323068309,14.0,15.0,0.262443439,4.0,21.5,0.6043478259999999,13.0,6.0,2.0,3.5,18.5,1.5,30.5,11.0,0.0,15.5,53.0,70.5,0.5,,,,,,0.0,
lindenwood_lions,23.0,0.304347826,7.0,21.0,0.19047619,4.0,11.0,0.363636364,4.0,9.0,1.0,5.0,29.0,0.0,20.0,5.0,0.0,18.0,30.0,86.0,0.0,,,137.0,0.0,,-1.0,214.0
lipscomb_bisons,33.400000000000006,0.4346566645666667,14.633333333333333,22.733333333333334,0.323360114,7.199999999999999,12.166666666666668,0.7288521473333333,8.7,10.766666666666666,3.2666666666666666,5.033333333333333,15.5,0.8333333333333333,26.93333333333333,8.433333333333334,0.16666666666666669,17.53333333333333,59.56666666666666,65.56666666666666,8.866666666666667,5.0,3.896551724137931,644.8333333333334,0.0,495.1818181818182,-0.13333333333333333,491.30769230769226
little_rock_trojans,45.0,0.4377510154074074,19.703703703703702,13.851851851851851,0.2940938418888889,4.037037037037037,14.11111111111111,0.6704347037407408,9.37037037037037,13.37037037037037,3.2962962962962963,7.703703703703703,15.666666666666668,0.5555555555555556,24.555555555555554,12.0,0.11111111111111112,17.666666666666668,60.88888888888889,57.51851851851852,12.11111111111111,15.0,4.5,1510.0909090909092,-0.04,335.77272727272725,-0.037037037037037035,302.08
lock_haven_university_bald_eagles,32.0,0.4375,14.0,14.0,0.357142857,5.0,11.0,0.454545455,5.0,13.0,2.0,7.0,28.0,2.0,17.0,12.0,0.0,10.0,48.0,82.0,0.0,,,,,,0.0,
long_beach_state_beach,38.88888888888889,0.46639053433333333,18.0,18.555555555555554,0.26442092551851853,5.0,15.740740740740742,0.6947938621481482,11.037037037037036,14.0,3.1851851851851856,11.851851851851851,13.592592592592593,0.48148148148148145,21.185185185185187,9.62962962962963,0.0,15.777777777777777,62.03703703703703,56.77777777777778,12.88888888888889,7.5,4.615384615384615,770.8333333333333,0.0,508.6,-0.037037037037037035,490.7692307692308
long_island_university_sharks,40.55555555555556,0.3713554911111111,15.0,18.962962962962962,0.314740872037037,6.037037037037037,12.259259259259258,0.6087314192222222,7.444444444444445,10.62962962962963,3.7777777777777777,8.481481481481481,17.51851851851852,0.48148148148148145,22.703703703703702,13.703703703703704,0.037037037037037035,18.666666666666664,55.55555555555556,62.851851851851855,6.0,5.0,4.538461538461538,385.96,0.0,231.46153846153845,-0.25925925925925924,187.33333333333331
longwood_lancers,40.625,0.478626525,19.3125,21.4375,0.301264403625,6.65625,17.25,0.74267835378125,12.9375,14.21875,4.875,10.34375,17.125,0.625,24.40625,12.15625,0.03125,18.0,71.53125,67.21875,15.5625,,3.774193548387097,1103.8260869565217,0.0,335.4193548387097,-0.09375,336.0625
louisiana_christian_university_wildcats,30.0,0.333333333,10.0,22.0,0.136363636,3.0,10.0,0.7,7.0,10.0,4.0,9.0,31.0,0.0,28.0,11.0,0.0,21.0,36.0,78.0,6.0,,,,,,0.0,
louisiana_christian_wildcats,19.0,0.421052632,8.0,30.0,0.3,9.0,22.0,0.681818182,15.0,7.0,0.0,7.0,19.0,0.0,24.0,9.0,0.0,29.0,58.0,71.0,3.0,,,,,,0.0,
louisiana_ragin_cajuns,43.440000000000005,0.5027908432,21.720000000000002,12.040000000000001,0.27005748832,3.52,18.759999999999998,0.68018990696,12.879999999999999,9.28,2.52,7.199999999999999,14.48,0.72,27.279999999999998,8.56,0.08,16.0,66.88000000000001,57.88,15.76,5.0,4.875,586.2,0.0,276.52631578947364,0.08,218.04545454545456
louisiana_tech_lady_techsters,44.5625,0.4651584724375,20.71875,12.21875,0.3187216085625,3.875,19.0625,0.7553705043125,14.5,11.6875,2.8125,8.375,14.1875,0.53125,24.84375,10.15625,0.0625,14.84375,67.5625,60.125,16.125,10.0,3.967741935483871,1150.2916666666667,-0.03333333333333333,530.6551724137931,-0.0625,402.0666666666667
louisville_cardinals,45.17241379310345,0.49107724865517244,22.20689655172414,16.79310344827586,0.3665537043448276,6.137931034482759,12.96551724137931,0.6975135697241379,9.344827586206897,15.862068965517242,4.413793103448276,9.586206896551724,14.448275862068964,0.27586206896551724,25.93103448275862,13.03448275862069,0.41379310344827586,15.931034482758621,72.17241379310344,55.03448275862069,23.517241379310345,5.0,4.0,5583.481481481482,0.03571428571428571,818.75,0.06896551724137931,613.1724137931035
loyola_chicago_ramblers,38.03333333333333,0.44635151256666666,16.9,18.166666666666664,0.29602863939999996,5.433333333333334,13.733333333333334,0.6971670044,9.633333333333333,12.833333333333332,3.9000000000000004,6.300000000000001,14.266666666666666,0.8333333333333333,27.53333333333333,9.899999999999999,0.1,15.399999999999999,59.733333333333334,55.7,12.766666666666666,,4.206896551724138,544.9629629629629,0.0,290.51851851851853,-0.06666666666666667,233.27586206896552
loyola_maryland_greyhounds,39.03448275862069,0.4147911043103448,16.20689655172414,13.275862068965518,0.30524037096551726,4.068965517241379,12.482758620689655,0.7250998004827586,9.137931034482758,11.206896551724137,0.8620689655172414,6.586206896551724,16.275862068965516,1.3793103448275863,22.344827586206897,10.137931034482758,0.03448275862068965,15.827586206896552,53.75862068965517,61.58620689655172,5.172413793103448,5.0,4.142857142857142,334.0,0.0,221.0,-0.03448275862068965,148.82758620689657
loyola_marymount_lions,37.3448275862069,0.4519768271034483,16.89655172413793,16.689655172413794,0.26991326558620693,4.793103448275862,15.448275862068964,0.6961262273448277,10.827586206896552,12.137931034482758,2.2758620689655173,7.551724137931035,18.344827586206897,1.0689655172413794,23.79310344827586,9.793103448275863,0.06896551724137931,15.413793103448276,59.0,67.17241379310344,6.620689655172414,5.0,4.142857142857142,787.5,0.0,798.2857142857142,-0.20689655172413793,522.1034482758621
loyola_new_orleans_wolfpack,41.0,0.390243902,16.0,13.0,0.0,0.0,19.0,0.631578947,12.0,7.0,2.0,9.0,20.0,0.0,29.0,12.0,0.0,16.0,44.0,57.0,4.0,,,,,,0.0,
lsu_alexandria_generals,38.0,0.263157895,10.0,25.0,0.36,9.0,4.0,0.25,1.0,15.0,0.0,10.0,24.0,1.0,19.0,11.0,0.0,12.0,48.0,95.0,0.0,,,,,,0.0,
lsu_shreveport_pilots,27.666666666666668,0.300007965,8.333333333333334,18.666666666666668,0.256317878,5.0,12.0,0.709188034,8.666666666666666,7.0,2.6666666666666665,5.666666666666667,26.333333333333332,0.3333333333333333,19.333333333333332,7.0,2.0,15.666666666666666,40.333333333333336,77.66666666666667,1.3333333333333333,,,,,,0.0,
lsu_tigers,53.82142857142858,0.47074160139285715,25.25,10.178571428571429,0.3448494071428571,3.428571428571429,19.642857142857142,0.6631039596785715,13.071428571428571,14.178571428571429,4.107142857142858,8.25,13.678571428571429,0.5357142857142857,30.0,13.535714285714285,0.10714285714285715,14.5,73.85714285714285,60.714285714285715,19.57142857142857,5.0,4.2592592592592595,5447.2962962962965,0.07142857142857142,567.3703703703703,0.25,420.3928571428571
maine_black_bears,35.38709677419355,0.47923423574193547,16.903225806451612,20.838709677419356,0.2935122901935484,6.096774193548387,9.935483870967742,0.687087712,6.709677419354839,14.483870967741936,2.7096774193548385,8.709677419354838,13.35483870967742,0.6774193548387096,23.35483870967742,9.193548387096774,0.03225806451612903,15.419354838709678,58.806451612903224,56.354838709677416,12.806451612903226,6.666666666666667,4.066666666666666,984.7333333333333,0.0,342.20000000000005,0.06451612903225806,289.96774193548384
manchester_spartans,23.0,0.260869565,6.0,16.0,0.375,6.0,8.0,0.625,5.0,7.0,0.0,3.0,34.0,3.0,22.0,5.0,0.0,10.0,35.0,102.0,5.0,,,,,,0.0,
manhattan_jaspers,45.25,0.44549203525,20.21875,16.34375,0.2761763919375,4.5,17.1875,0.7139787238124999,12.25,12.0625,3.1875,7.90625,17.875,0.5625,28.8125,14.8125,0.0625,15.5,66.1875,61.28125,12.65625,5.0,3.967741935483871,303.4074074074074,0.0,187.70967741935485,-0.03125,176.0
mansfield_mountaineers,38.0,0.289473684,11.0,13.0,0.153846154,2.0,28.0,0.607142857,17.0,4.0,1.0,8.0,25.0,2.0,16.0,10.0,0.0,18.0,45.0,104.0,0.0,,,,,,0.0,
marist_red_foxes,37.3448275862069,0.3902874010344828,14.724137931034482,18.724137931034484,0.24728424168965515,4.517241379310345,14.241379310344827,0.662651310862069,9.689655172413792,11.0,3.4827586206896552,8.413793103448276,15.517241379310345,0.8620689655172414,23.82758620689655,9.620689655172415,0.06896551724137931,13.137931034482758,52.689655172413794,60.275862068965516,7.206896551724138,5.0,4.25,1162.4444444444446,0.0,372.3928571428571,0.0,319.51724137931035
marquette_golden_eagles,50.74193548387097,0.4508182287419355,22.870967741935484,9.935483870967742,0.31130448722580645,3.3548387096774195,14.03225806451613,0.6968848655483871,9.709677419354838,17.548387096774192,3.0,7.096774193548387,15.32258064516129,0.5483870967741935,27.193548387096776,13.387096774193548,0.0,13.225806451612904,65.51612903225806,59.03225806451613,15.258064516129032,5.0,3.9000000000000004,1344.7407407407406,0.0967741935483871,646.2333333333333,0.0967741935483871,525.2258064516129
mars_hill_mountain_lions,32.0,0.35337131966666663,11.0,18.666666666666668,0.2721956406666667,5.0,11.333333333333334,0.6084656083333333,6.0,7.666666666666667,1.0,7.333333333333333,23.666666666666668,1.3333333333333333,17.333333333333332,7.666666666666667,0.0,13.333333333333334,43.0,81.0,0.3333333333333333,,,,,,0.0,
marshall_thundering_herd,37.214285714285715,0.41428359325,15.678571428571429,22.5,0.29681349142857144,6.678571428571428,17.32142857142857,0.7041001418571428,12.25,11.428571428571429,2.142857142857143,7.678571428571428,12.678571428571429,0.5,24.5,12.964285714285715,0.03571428571428571,18.67857142857143,63.64285714285714,60.0,14.178571428571429,5.0,4.444444444444445,924.8333333333333,-0.11538461538461539,743.9583333333333,-0.07142857142857142,547.4615384615385
maryland_eastern_shore_hawks,45.440000000000005,0.42639255076000004,19.240000000000002,16.240000000000002,0.26692523007999996,4.24,19.44,0.63608787184,12.399999999999999,12.48,2.64,7.64,16.4,0.48000000000000004,26.36,16.279999999999998,0.12000000000000001,20.16,63.599999999999994,62.440000000000005,12.583333333333332,,5.083333333333333,483.2352941176471,0.0,176.94736842105263,-0.08,113.63636363636363
maryland_terrapins,47.37931034482759,0.463844062,22.03448275862069,18.82758620689655,0.34565954320689657,6.724137931034482,18.344827586206897,0.7539927561034483,13.827586206896552,15.586206896551724,3.172413793103448,9.310344827586208,12.96551724137931,0.1724137931034483,24.03448275862069,15.241379310344827,0.24137931034482757,15.275862068965518,78.06896551724138,66.96551724137932,18.96551724137931,5.0,4.107142857142858,4809.153846153846,-0.14285714285714285,658.6428571428572,0.13793103448275862,399.65517241379314
massachusetts_minutewomen,43.71875,0.49034057106249995,21.25,18.5,0.32438307703124997,6.03125,16.09375,0.69302323371875,10.9375,14.5625,2.6875,7.71875,13.46875,0.375,26.65625,13.875,0.03125,14.625,71.53125,60.78125,15.75,5.0,3.774193548387097,709.6451612903226,0.03225806451612903,436.741935483871,0.0625,404.1875
mayville_st_comets,41.0,0.390243902,16.0,26.0,0.230769231,6.0,22.0,0.681818182,15.0,12.0,9.0,6.0,17.0,2.0,34.0,17.0,0.0,16.0,65.0,72.0,6.0,,,,,,0.0,
mcmurry_war_hawks,23.0,0.260869565,6.0,20.0,0.3,6.0,14.0,0.357142857,5.0,7.0,1.0,7.0,25.0,2.0,9.0,8.0,0.0,12.0,35.0,93.0,2.0,,,,,,0.0,
mcneese_cowgirls,35.14285714285714,0.4536134878928571,15.928571428571429,26.892857142857142,0.3084460800714286,8.25,19.28571428571429,0.712067414,13.785714285714285,14.25,1.9642857142857144,9.607142857142856,18.92857142857143,0.4285714285714286,26.25,14.285714285714285,0.17857142857142858,20.03571428571429,70.39285714285714,71.60714285714285,13.035714285714285,,4.518518518518518,1321.6363636363637,0.0,566.047619047619,-0.2142857142857143,440.64
memphis_tigers,40.55555555555556,0.40995755062962963,16.703703703703702,16.444444444444446,0.31748264718518515,5.2592592592592595,18.814814814814813,0.6907523492592593,13.37037037037037,10.555555555555555,3.888888888888889,6.851851851851852,15.925925925925926,0.8518518518518519,25.40740740740741,13.703703703703704,0.2962962962962963,15.666666666666668,62.55555555555556,61.74074074074074,10.592592592592593,5.0,4.576923076923077,925.625,-0.11111111111111112,749.1153846153845,0.07407407407407407,503.11111111111114
mercer_bears,48.8125,0.4417200255625,21.5625,9.8125,0.4154738490625,4.25,14.5,0.699233578875,10.25,10.8125,4.4375,6.6875,12.9375,0.375,26.5,8.9375,0.0625,15.75,66.125,55.25,18.0625,5.0,7.2,801.3571428571429,0.0,282.6666666666667,-0.8125,342.75
mercyhurst_lakers,27.0,0.333333333,9.0,22.0,0.272727273,6.0,16.0,0.625,10.0,10.0,0.0,7.0,27.0,2.0,23.0,4.0,0.0,27.0,46.0,90.0,2.0,,,,,,0.0,
merrimack_warriors,40.07692307692308,0.4471326306153846,17.807692307692307,19.53846153846154,0.3254102484230769,6.5,14.461538461538462,0.6293922132692308,9.038461538461538,13.461538461538462,1.923076923076923,6.615384615384615,17.192307692307693,1.0384615384615385,24.46153846153846,11.423076923076922,0.07692307692307693,16.0,64.15384615384616,70.57692307692308,8.884615384615385,7.5,4.5600000000000005,704.48,0.0,284.0,-0.07692307692307693,351.42857142857144
miami_hurricanes,37.225806451612904,0.44662225312903225,16.70967741935484,19.870967741935484,0.3030288049677419,6.064516129032258,14.225806451612904,0.6929243432258064,9.838709677419354,13.258064516129032,3.2580645161290325,9.290322580645162,16.64516129032258,0.5483870967741935,24.677419354838708,11.548387096774194,0.0967741935483871,17.35483870967742,61.45161290322581,59.064516129032256,11.806451612903226,,3.9000000000000004,2324.25,-0.03333333333333333,688.7333333333333,0.16129032258064516,589.5806451612904
miami_oh_redhawks,43.62068965517241,0.4580898353103448,19.89655172413793,20.689655172413794,0.288699306862069,6.0344827586206895,12.827586206896552,0.7384645612068965,9.482758620689655,13.551724137931036,2.689655172413793,9.689655172413792,17.79310344827586,0.3793103448275862,24.413793103448274,12.620689655172415,0.03448275862068965,20.862068965517242,67.37931034482759,72.17241379310344,6.379310344827586,,4.107142857142858,870.6538461538462,0.0,198.9642857142857,-0.03448275862068965,151.89655172413794
michigan_state_spartans,40.13793103448276,0.4655453618965517,18.689655172413794,18.655172413793103,0.34798430655172413,6.620689655172414,17.724137931034484,0.7211923064482758,12.89655172413793,17.137931034482758,3.413793103448276,7.275862068965518,14.89655172413793,0.7241379310344828,25.275862068965516,11.724137931034482,0.10344827586206896,16.551724137931036,70.13793103448276,66.51724137931033,12.827586206896552,,4.107142857142858,3356.538461538462,0.0,496.5357142857143,0.13793103448275862,322.0344827586207
michigan_wolverines,43.592592592592595,0.5067776085185185,22.0,14.740740740740742,0.31526808648148147,4.703703703703703,20.14814814814815,0.745893491037037,15.148148148148149,13.814814814814815,2.555555555555556,6.777777777777778,15.851851851851851,0.5925925925925926,27.037037037037038,12.851851851851851,0.11111111111111112,16.037037037037038,73.25925925925925,61.592592592592595,20.37037037037037,5.0,4.423076923076923,3905.0,0.11538461538461539,492.5384615384615,0.18518518518518517,333.81481481481484
mid_atlantic_christian_mustangs,26.0,0.346153846,9.0,21.0,0.238095238,5.0,7.0,0.714285714,5.0,7.0,0.0,4.0,31.0,2.0,22.0,5.0,0.0,16.0,38.0,109.0,0.0,,,,,,0.0,
middle_tennessee_blue_raiders,30.6,0.4752534623,14.433333333333334,29.700000000000003,0.332800293,9.8,13.066666666666666,0.7513988722666667,9.766666666666666,12.666666666666668,3.8,8.966666666666665,13.033333333333333,0.8,25.166666666666664,10.733333333333334,0.03333333333333333,18.233333333333334,68.03333333333333,56.96666666666667,17.866666666666667,5.0,4.206896551724138,1993.346153846154,0.06666666666666667,527.4137931034483,0.0,449.5
midway_university_midway,27.0,0.407407407,11.0,22.0,0.272727273,6.0,16.0,0.8125,13.0,8.0,4.0,10.0,33.0,0.0,31.0,8.0,0.0,15.0,53.0,72.0,3.0,,,,,,0.0,
millersville_marauders,34.5,0.26008403350000003,9.0,11.5,0.176923077,2.0,21.5,0.8564102565,18.5,6.5,0.0,6.0,28.0,0.5,19.0,8.0,0.5,26.0,42.5,84.5,0.0,,,,,,0.0,
milwaukee_panthers,36.89655172413793,0.4570142333448276,16.862068965517242,17.862068965517242,0.29097816034482754,5.1034482758620685,12.206896551724137,0.7799555813793104,9.724137931034482,13.413793103448276,3.3448275862068964,7.379310344827586,16.79310344827586,0.7586206896551724,24.20689655172414,11.206896551724137,0.0,16.448275862068964,58.75862068965517,59.58620689655172,9.931034482758621,5.0,4.071428571428571,804.0344827586207,0.0,364.25,-0.10344827586206896,255.41379310344828
minnesota_golden_gophers,38.83333333333333,0.4258460071666667,16.6,22.266666666666666,0.37320705973333335,8.366666666666667,15.266666666666666,0.7453420244,11.566666666666666,13.833333333333332,3.333333333333333,6.4,14.5,0.6000000000000001,25.233333333333334,11.566666666666666,0.06666666666666667,16.466666666666665,69.86666666666667,71.9,9.866666666666667,5.0,3.9310344827586206,3022.178571428571,-0.10344827586206896,777.7931034482758,0.13333333333333333,616.0999999999999
minnesota_morris_cougars,29.0,0.448275862,13.0,19.0,0.210526316,4.0,26.0,0.653846154,17.0,6.0,2.0,4.0,22.0,0.0,24.0,8.0,0.0,18.0,55.0,97.0,0.0,,,,,,0.0,
mississippi_state_bulldogs,42.85714285714286,0.4792530231428571,20.607142857142858,21.25,0.3320561502857143,6.785714285714286,15.535714285714285,0.6345018663571428,9.785714285714285,13.392857142857144,5.214285714285714,9.178571428571429,11.821428571428571,0.7142857142857143,23.78571428571429,11.821428571428571,0.07142857142857142,14.678571428571429,71.35714285714285,68.46428571428572,13.5,,4.222222222222222,4408.72,-0.03571428571428571,400.3703703703704,0.2142857142857143,217.2857142857143
mississippi_valley_state_devilettes,43.0,0.3600848282272727,15.454545454545453,24.045454545454543,0.2918973604090909,6.954545454545455,20.59090909090909,0.6299939787727272,12.90909090909091,12.681818181818182,1.9545454545454546,9.636363636363637,19.181818181818183,0.7727272727272727,23.81818181818182,15.363636363636363,0.09090909090909091,21.318181818181817,64.68181818181819,79.0909090909091,5.2272727272727275,5.0,5.285714285714286,1024.0,0.0,264.95238095238096,-0.2272727272727273,199.27272727272725
missouri_baptist_spartans,30.0,0.3541666665,10.5,25.5,0.2261904765,5.5,6.0,0.875,5.0,9.5,2.5,7.0,23.0,1.0,20.0,8.0,0.0,15.0,42.5,97.0,0.0,,,,,,0.0,
missouri_science_technology_miners,35.0,0.5055986219999999,17.0,19.5,0.33556149700000004,6.5,7.0,0.5,3.5,12.5,2.5,4.5,15.0,0.5,25.0,4.5,0.0,12.5,57.0,78.0,2.5,,,,,,0.0,
missouri_state_lady_bears,46.774193548387096,0.4127927318064516,19.032258064516128,16.032258064516128,0.2715852381935484,4.225806451612903,19.580645161290324,0.7297411440967742,14.451612903225806,12.806451612903226,5.032258064516129,9.290322580645162,13.096774193548388,0.6451612903225806,26.06451612903226,15.774193548387096,0.03225806451612903,17.838709677419356,65.19354838709677,53.70967741935484,18.322580645161292,,4.1,1482.2758620689654,0.06666666666666667,483.0357142857143,0.0,553.4666666666667
missouri_tigers,35.53333333333333,0.4952391199666667,17.43333333333333,20.766666666666666,0.3723336042666667,8.0,15.633333333333333,0.7339702825333333,11.433333333333334,13.433333333333334,1.8666666666666667,5.566666666666666,14.733333333333334,0.9333333333333333,27.266666666666666,8.833333333333332,0.1,15.966666666666667,70.30000000000001,66.93333333333334,12.866666666666667,5.0,3.862068965517241,2986.708333333333,0.0,565.8275862068965,0.06666666666666667,389.9666666666667
mobile_rams,41.5,0.3968023255,16.5,18.0,0.138888889,2.5,18.0,0.6,11.0,9.5,3.5,8.0,20.0,0.5,22.5,13.0,0.0,15.0,51.5,71.5,3.0,,,,,,0.0,
molloy_lions,26.0,0.346153846,9.0,14.0,0.5,7.0,22.0,0.545454545,12.0,10.0,8.0,6.0,24.0,2.0,31.0,7.0,0.0,19.0,51.0,52.0,5.0,,,,,,0.0,
monmouth_hawks,37.2,0.42845025156666666,15.933333333333334,21.4,0.2991937581333333,6.199999999999999,13.066666666666666,0.6598240495333333,8.733333333333334,12.833333333333332,3.5999999999999996,7.166666666666666,19.1,0.7666666666666666,26.133333333333333,11.7,0.03333333333333333,15.966666666666667,59.2,61.56666666666666,8.2,5.0,4.068965517241379,497.7241379310345,0.0,143.41379310344828,-0.03333333333333333,106.56666666666666
montana_lady_griz,40.400000000000006,0.4698950054,18.799999999999997,17.733333333333334,0.31404598166666664,5.833333333333334,17.666666666666664,0.7351473778000001,12.833333333333332,12.766666666666666,4.7666666666666675,5.366666666666667,14.033333333333333,0.4,30.1,11.100000000000001,0.06666666666666667,13.933333333333334,67.93333333333334,60.599999999999994,14.466666666666667,5.0,4.1034482758620685,1551.3793103448274,-0.03448275862068965,510.0,0.06666666666666667,447.82758620689657
montana_state_billings_yellowjackets,41.0,0.341463415,14.0,32.0,0.375,12.0,22.0,0.772727273,17.0,17.0,1.0,9.0,16.0,1.0,34.0,15.0,0.0,24.0,81.0,82.0,7.0,10.0,,,,,0.0,
montana_state_bobcats,40.20588235294118,0.4284905815294118,17.08823529411765,22.97058823529412,0.3132692311470588,7.0588235294117645,18.764705882352942,0.7836895928823528,14.647058823529411,12.647058823529411,2.088235294117647,9.205882352941176,11.705882352941176,0.35294117647058826,24.58823529411765,12.794117647058824,0.0,17.323529411764707,70.0,67.82352941176471,12.76470588235294,7.5,3.6969696969696972,1090.5,-0.03125,583.2666666666667,-0.0588235294117647,471.46875
montevallo_falcons,37.0,0.486486486,18.0,25.0,0.12,3.0,12.0,0.416666667,5.0,9.0,0.0,11.0,23.0,3.0,24.0,17.0,0.0,11.0,50.0,75.0,8.0,,,,,,0.0,
montreat_cavaliers,30.0,0.266666667,8.0,15.0,0.066666667,1.0,10.0,0.4,4.0,4.0,1.0,3.0,26.0,4.0,15.0,9.0,0.0,13.0,23.0,79.0,0.0,,,,,,0.0,
morehead_state_eagles,34.32142857142857,0.4164183323214286,14.464285714285715,21.17857142857143,0.25005728275,5.321428571428572,11.214285714285715,0.6684356230357142,7.607142857142858,9.75,3.25,6.892857142857142,17.214285714285715,0.7857142857142857,21.892857142857142,9.607142857142856,0.07142857142857142,17.107142857142858,52.5,72.92857142857143,3.75,,4.037037037037037,749.074074074074,0.0,330.28000000000003,-0.10714285714285715,257.3703703703704
morgan_state_lady_bears,47.63636363636364,0.40696697809090915,19.545454545454547,15.863636363636363,0.2682180832272727,4.136363636363637,16.59090909090909,0.6634259926363636,11.0,10.590909090909092,2.772727272727273,11.636363636363637,17.0,0.5909090909090909,21.772727272727273,17.227272727272727,0.4545454545454546,18.727272727272727,62.5,57.409090909090914,14.954545454545453,5.0,5.809523809523809,668.5294117647059,0.0,323.0,-0.18181818181818182,564.95
mount_olive_trojans,48.0,0.375,18.0,15.0,0.466666667,7.0,11.0,0.727272727,8.0,10.0,1.0,10.0,21.0,0.0,15.0,13.0,0.0,23.0,65.0,74.0,3.0,,,,,,0.0,
mount_st_marys_mountaineers,33.035714285714285,0.4621386568214286,15.285714285714285,21.17857142857143,0.35426556671428566,7.5,14.357142857142856,0.7200966736785714,10.535714285714285,11.892857142857144,2.678571428571429,7.142857142857142,16.0,0.39285714285714285,24.642857142857142,8.892857142857144,0.07142857142857142,16.25,63.60714285714286,60.035714285714285,13.714285714285715,,4.592592592592593,751.8,0.0,239.56,0.03571428571428571,170.44444444444443
multnomah_university_multnomah,41.0,0.414634146,17.0,18.0,0.333333333,6.0,13.0,0.692307692,9.0,14.0,2.0,3.0,14.0,0.0,20.0,7.0,0.0,14.0,61.0,102.0,0.0,,,,,,0.0,
murray_state_racers,39.86666666666666,0.5217935194666666,20.799999999999997,15.2,0.3688498037333333,5.366666666666667,19.700000000000003,0.8024807300333333,15.766666666666666,15.433333333333334,2.3,5.133333333333333,14.666666666666668,0.8999999999999999,29.366666666666667,10.633333333333333,0.0,11.333333333333332,73.46666666666667,62.099999999999994,18.733333333333334,5.0,3.9655172413793105,811.9629629629629,0.0,261.88461538461536,-0.06666666666666667,160.2857142857143
navy_midshipmen,39.45161290322581,0.39519211741935484,15.35483870967742,18.516129032258064,0.28218573796774193,5.290322580645161,12.806451612903226,0.6837980455161291,8.516129032258064,10.870967741935484,2.3225806451612905,7.032258064516129,14.32258064516129,0.5806451612903226,24.0,11.161290322580646,0.12903225806451613,16.032258064516128,55.096774193548384,62.74193548387097,5.0,,4.033333333333333,553.4333333333334,0.0,226.33333333333331,0.0967741935483871,132.16129032258064
nc_state_wolfpack,42.625,0.508093671375,21.71875,20.0625,0.3678407626875,7.40625,14.1875,0.76749287025,10.71875,14.25,3.03125,7.28125,12.28125,0.21875,30.15625,12.0,0.09375,13.1875,76.375,57.03125,23.125,5.0,3.774193548387097,4313.25,-0.12903225806451613,405.64516129032256,0.21875,250.3125
nebraska_cornhuskers,39.9375,0.5042171224687501,20.09375,23.71875,0.36568154278125,8.4375,18.0625,0.721997120375,13.03125,17.625,3.84375,7.375,14.125,0.375,28.9375,13.15625,0.125,16.5,78.53125,64.1875,21.5,,3.741935483870968,3969.740740740741,-0.06666666666666667,616.9354838709677,0.1875,515.34375
nelson_lions,39.5,0.28039215700000003,11.0,24.0,0.284848485,7.0,10.0,0.654761905,6.5,7.5,1.0,10.0,21.0,3.0,15.5,7.0,0.0,13.0,49.5,115.0,0.0,,,,,,0.0,
nevada_wolf_pack,42.689655172413794,0.45333859848275865,19.310344827586206,19.137931034482758,0.3030328234137931,5.827586206896552,13.758620689655173,0.8040406272758621,11.03448275862069,12.551724137931036,1.793103448275862,8.96551724137931,12.758620689655173,0.4482758620689655,23.620689655172416,11.931034482758621,0.0,16.482758620689655,67.13793103448276,62.10344827586207,11.793103448275863,6.25,4.035714285714286,935.16,0.0,369.4,-0.03448275862068965,383.81481481481484
new_hampshire_wildcats,38.75,0.4132936760714286,15.928571428571429,14.642857142857144,0.22741570839285716,3.428571428571429,16.214285714285715,0.6764400884999999,10.821428571428571,10.214285714285715,1.7142857142857144,8.75,17.25,1.0714285714285714,20.42857142857143,12.071428571428571,0.07142857142857142,17.642857142857142,52.964285714285715,60.75,6.785714285714286,5.0,4.296296296296296,635.2962962962963,0.0,270.47999999999996,-0.03571428571428571,174.96296296296296
new_mexico_lobos,35.33333333333333,0.5318199882,18.9,26.93333333333333,0.34718258053333334,9.333333333333332,14.0,0.7521365768,10.566666666666666,16.233333333333334,4.300000000000001,8.166666666666666,13.600000000000001,0.30000000000000004,28.1,8.766666666666666,0.16666666666666669,13.066666666666666,76.36666666666667,68.63333333333333,16.066666666666666,,4.1034482758620685,3128.730769230769,-0.03333333333333333,631.3103448275863,0.1,460.6
new_mexico_state_aggies,47.75,0.43365544128571426,20.57142857142857,14.678571428571429,0.26572605425,3.928571428571429,17.142857142857142,0.6734729204642856,11.535714285714285,11.285714285714285,2.107142857142857,8.535714285714285,15.928571428571429,0.7142857142857143,23.607142857142858,14.214285714285715,0.10714285714285715,20.28571428571429,64.46428571428572,64.53571428571428,12.321428571428571,8.333333333333334,4.407407407407407,759.423076923077,0.043478260869565216,944.7083333333333,0.03571428571428571,735.8846153846155
new_orleans_privateers,37.34782608695652,0.3773611450869565,14.08695652173913,18.565217391304348,0.25880577160869567,5.0,16.65217391304348,0.6621888263043478,11.26086956521739,10.26086956521739,2.1739130434782608,9.217391304347826,19.08695652173913,0.8260869565217391,22.47826086956522,10.782608695652174,0.0,20.695652173913043,54.434782608695656,68.60869565217392,6.0,5.0,5.545454545454546,1015.3809523809524,0.0,252.45,-0.17391304347826086,295.3181818181818
niagara_purple_eagles,45.3,0.4329437382666667,19.566666666666666,21.53333333333333,0.2674152984666667,5.7666666666666675,20.166666666666664,0.6746281563000001,13.433333333333334,12.899999999999999,1.3666666666666667,13.166666666666668,20.266666666666666,0.8,20.566666666666666,15.166666666666668,0.06666666666666667,19.833333333333336,69.86666666666667,73.16666666666666,9.0,5.0,4.206896551724138,614.8214285714286,0.0,258.34482758620686,-0.06666666666666667,241.3
nicholls_colonels,43.839999999999996,0.41759559784,18.16,13.399999999999999,0.24822493848,3.52,17.32,0.7405355660799999,12.600000000000001,10.360000000000001,1.7999999999999998,8.28,19.919999999999998,0.6,24.84,11.2,0.08,17.52,59.480000000000004,70.84,4.76,5.0,5.041666666666667,794.4761904761905,-0.043478260869565216,532.9,-0.12000000000000001,339.5217391304348
njit_highlanders,35.86666666666666,0.4551932569,16.3,16.2,0.2904862067666667,4.566666666666666,15.399999999999999,0.6686337054333333,10.399999999999999,9.600000000000001,4.800000000000001,5.033333333333333,17.799999999999997,1.4,25.93333333333333,9.966666666666667,0.06666666666666667,16.666666666666664,56.7,60.0,7.6,5.0,4.1034482758620685,540.2333333333333,0.0,293.2758620689655,-0.13333333333333333,204.76666666666665
norfolk_state_spartans,40.34615384615385,0.419426315,17.115384615384617,18.615384615384617,0.25384722130769233,4.846153846153846,17.846153846153847,0.6837284273846154,12.192307692307692,10.846153846153847,4.269230769230769,12.307692307692308,17.153846153846153,0.5384615384615384,22.846153846153843,13.615384615384617,0.6923076923076924,19.423076923076923,60.96153846153847,55.84615384615385,14.692307692307692,,4.92,903.1578947368422,0.0,159.83333333333334,-0.07692307692307693,136.07999999999998
north_alabama_lions,29.310344827586206,0.47248510720689657,14.03448275862069,28.551724137931036,0.33195185431034485,9.758620689655173,15.344827586206897,0.7602002686896552,11.517241379310345,15.310344827586208,4.379310344827586,6.827586206896552,16.03448275862069,0.896551724137931,26.17241379310345,8.793103448275863,0.20689655172413793,17.03448275862069,68.86206896551724,68.37931034482759,13.275862068965518,6.666666666666667,4.178571428571429,889.0,0.0,388.7826086956522,-0.03448275862068965,428.6923076923077
north_carolina_at_aggies,45.0,0.47536546343999997,21.16,15.56,0.2845749216,4.5600000000000005,17.0,0.7001821309599999,11.879999999999999,14.959999999999999,2.2,8.84,17.56,0.56,23.6,12.32,0.04,15.56,67.88000000000001,67.76,11.84,10.0,4.666666666666667,1330.3636363636363,-0.08333333333333334,344.20833333333337,-0.16,296.15999999999997
north_carolina_central_eagles,45.6,0.35339315509999997,16.45,17.0,0.246479263,4.3,21.9,0.6798255614500001,15.149999999999999,10.45,2.8,10.25,20.9,0.55,24.75,15.25,0.3,21.0,60.95,71.5,7.699999999999999,,6.315789473684211,1084.5294117647059,0.0,432.94117647058823,-0.2,277.3157894736842
north_carolina_tar_heels,47.370370370370374,0.4457928114074074,21.296296296296298,18.85185185185185,0.3215917133703704,5.962962962962963,19.518518518518515,0.7066792815555556,13.814814814814815,14.148148148148149,3.925925925925926,9.814814814814815,13.777777777777777,0.4444444444444445,28.74074074074074,14.814814814814815,0.14814814814814814,15.88888888888889,74.29629629629629,55.851851851851855,26.814814814814813,5.0,4.423076923076923,2598.576923076923,0.0,487.5384615384615,0.07407407407407407,604.3333333333333
north_dakota_fighting_hawks,46.10344827586207,0.437674016,19.96551724137931,15.03448275862069,0.3133172207586207,4.620689655172414,16.482758620689655,0.7920540160689655,13.0,12.310344827586208,3.896551724137931,6.724137931034482,14.689655172413792,0.6551724137931034,27.413793103448274,11.517241379310345,0.03448275862068965,16.413793103448274,66.79310344827586,68.86206896551724,10.241379310344827,5.0,4.178571428571429,1042.76,0.0,627.0833333333334,-0.13793103448275862,677.3333333333333
north_dakota_state_bison,33.62068965517241,0.4502681252068966,15.137931034482758,20.75862068965517,0.32584135482758625,6.862068965517241,18.06896551724138,0.7372963570344828,13.344827586206897,10.241379310344827,1.7586206896551724,6.517241379310345,14.931034482758621,0.5862068965517241,24.344827586206897,10.03448275862069,0.10344827586206896,17.275862068965516,64.20689655172414,65.89655172413794,10.793103448275863,,4.107142857142858,1161.1153846153845,0.0,535.8333333333334,-0.06896551724137931,426.22222222222223
north_florida_ospreys,35.099999999999994,0.5002992493666667,17.766666666666666,22.233333333333334,0.3045395157,6.833333333333334,12.833333333333332,0.7336173618333334,9.533333333333333,14.5,4.666666666666666,7.933333333333334,17.06666666666667,0.5,27.766666666666666,7.933333333333334,0.0,17.56666666666667,65.56666666666666,62.233333333333334,14.833333333333332,5.0,4.0344827586206895,671.0,0.0,515.76,-0.23333333333333334,294.48148148148147
north_texas_mean_green,41.407407407407405,0.462062909,19.0,17.37037037037037,0.30590760999999994,5.333333333333334,19.925925925925927,0.6554869801111111,13.296296296296296,11.88888888888889,3.0,6.444444444444445,14.444444444444445,0.2962962962962963,26.185185185185187,12.296296296296296,0.07407407407407407,15.925925925925926,67.29629629629629,61.66666666666667,14.0,5.0,4.6923076923076925,1297.8260869565217,-0.15384615384615385,669.12,0.07407407407407407,488.65384615384613
northeastern_huskies,39.67857142857142,0.4732370299285714,18.46428571428571,17.464285714285715,0.27738964242857145,4.821428571428572,13.857142857142856,0.70332024375,9.964285714285715,11.464285714285715,2.392857142857143,7.964285714285714,18.07142857142857,0.7142857142857143,24.25,11.321428571428571,0.0,18.25,61.35714285714286,60.82142857142858,11.178571428571429,5.0,4.481481481481482,585.2916666666666,0.0,281.96296296296293,-0.03571428571428571,277.8571428571429
northern_arizona_lumberjacks,45.41935483870968,0.4703338259677419,21.322580645161292,16.258064516129032,0.3768264505806452,6.032258064516129,16.741935483870968,0.7202314176129032,12.096774193548388,15.161290322580646,2.903225806451613,8.0,15.064516129032258,0.22580645161290322,26.129032258064516,10.741935483870968,0.1935483870967742,18.032258064516128,72.83870967741936,71.03225806451613,11.096774193548388,5.0,3.966666666666667,595.9032258064516,0.0,500.4666666666667,0.03225806451612903,550.9677419354839
northern_colorado_bears,33.74193548387097,0.43594780338709677,14.64516129032258,20.193548387096776,0.35759972132258067,7.096774193548387,15.129032258064516,0.7516568821935483,11.387096774193548,12.35483870967742,2.6774193548387095,7.225806451612903,17.35483870967742,1.032258064516129,26.451612903225808,11.0,0.0,15.225806451612904,61.96774193548387,60.806451612903224,10.806451612903226,5.0,4.0,976.4642857142858,0.0,691.6428571428572,-0.0967741935483871,586.8666666666666
northern_illinois_huskies,38.75862068965517,0.4543853774827586,17.517241379310345,23.10344827586207,0.32016380189655175,7.344827586206896,13.344827586206897,0.7134563520344828,9.586206896551724,11.827586206896552,1.5517241379310345,6.344827586206896,15.10344827586207,0.6896551724137931,29.379310344827584,12.310344827586208,0.24137931034482757,13.068965517241379,66.6551724137931,69.24137931034483,11.517241379310345,5.0,4.285714285714286,713.8214285714286,0.03448275862068965,441.0,-0.03448275862068965,267.41379310344826
northern_iowa_panthers,35.645161290322584,0.49394974438709677,17.35483870967742,23.032258064516128,0.30417669487096777,7.0,16.387096774193548,0.7713161239999999,12.516129032258064,13.870967741935484,4.32258064516129,6.580645161290323,12.709677419354838,0.5806451612903226,27.06451612903226,10.35483870967742,0.03225806451612903,14.35483870967742,68.2258064516129,58.225806451612904,17.64516129032258,,4.133333333333333,1261.5714285714284,-0.06666666666666667,695.3571428571428,-0.03225806451612903,628.7666666666667
northern_kentucky_norse,38.17241379310345,0.4649355775862069,17.724137931034484,20.862068965517242,0.30507704931034485,6.551724137931035,15.793103448275863,0.6974952747931035,11.03448275862069,12.344827586206897,3.9310344827586206,8.275862068965518,14.827586206896552,0.6896551724137931,26.24137931034483,11.793103448275863,0.0,14.137931034482758,66.13793103448276,59.13793103448276,14.620689655172415,5.0,4.035714285714286,622.5714285714286,0.0,338.5,-0.13793103448275862,238.32142857142856
northland_lumberjacks,32.0,0.21875,7.0,12.0,0.083333333,1.0,4.0,0.5,2.0,3.0,0.0,5.0,26.0,1.0,14.0,3.0,0.0,12.0,19.0,92.0,0.0,,,,,,0.0,
northwest_nazarene_nighthawks,47.0,0.234042553,11.0,32.0,0.15625,5.0,10.0,0.9,9.0,8.0,1.0,9.0,14.0,0.0,27.0,16.0,0.0,20.0,46.0,84.0,0.0,,,,,,0.0,
northwest_university_eagles,42.0,0.166666667,7.0,14.0,0.214285714,3.0,16.0,0.5625,9.0,7.0,2.0,8.0,25.0,2.0,23.0,13.0,0.0,13.0,32.0,89.0,0.0,,,,,,0.0,
northwestern_state_lady_demons,40.333333333333336,0.42296649995833335,17.0,18.541666666666668,0.265613882375,5.083333333333333,18.875,0.7173688812083333,13.416666666666668,11.125,2.916666666666667,8.708333333333334,18.333333333333332,0.375,26.041666666666664,12.5,0.20833333333333331,16.291666666666668,62.66666666666667,63.875,10.875,5.0,5.08695652173913,637.952380952381,0.0,232.05263157894737,-0.16666666666666669,265.61904761904765
northwestern_wildcats,42.14814814814815,0.42637767455555553,17.962962962962962,19.518518518518515,0.3120768311111111,6.037037037037037,18.037037037037038,0.6937444836666666,12.666666666666668,14.518518518518519,4.925925925925926,10.0,13.777777777777777,0.33333333333333337,24.185185185185187,12.555555555555555,0.037037037037037035,16.296296296296298,66.70370370370371,63.2962962962963,12.148148148148149,5.0,4.384615384615385,1954.2608695652173,-0.12000000000000001,514.8076923076923,0.07407407407407407,578.1481481481482
notre_dame_college_oh_blue_falcons,42.0,0.452380952,19.0,20.0,0.1,2.0,7.0,0.571428571,4.0,5.0,0.0,5.0,23.0,2.0,19.0,13.0,0.0,18.0,48.0,100.0,0.0,,,,,,0.0,
notre_dame_fighting_irish,45.93333333333334,0.4942569740666667,22.733333333333334,17.53333333333333,0.3262544656,5.6,15.100000000000001,0.6949416132666666,10.766666666666666,17.06666666666667,5.333333333333334,8.833333333333332,15.133333333333333,0.7,28.233333333333334,12.3,0.03333333333333333,13.066666666666666,73.03333333333333,62.66666666666667,18.799999999999997,5.0,4.0,4604.851851851852,0.1,578.0344827586207,0.06666666666666667,434.5666666666667
notre_dame_of_maryland_university_gators,32.0,0.25,8.0,10.0,0.2,2.0,22.0,0.590909091,13.0,8.0,3.0,6.0,36.0,0.0,19.0,9.0,0.0,12.0,35.0,87.0,0.0,,,,,,0.0,
oakland_city_mighty_oaks,28.5,0.45625,12.5,20.0,0.36000000000000004,7.0,21.5,0.667857143,13.5,9.5,1.5,7.5,28.0,3.0,22.5,8.0,1.0,21.0,59.5,89.5,0.0,,,,,,0.0,
oakland_golden_grizzlies,38.16666666666667,0.42871948703333335,16.333333333333332,21.0,0.2975784107,6.2666666666666675,16.133333333333333,0.6954738007333333,11.133333333333333,11.133333333333333,1.5666666666666669,7.433333333333334,15.233333333333334,0.7,23.133333333333333,12.566666666666666,0.2,17.200000000000003,62.599999999999994,63.96666666666667,9.275862068965518,,4.068965517241379,618.16,-0.2,430.7241379310345,0.1,483.6333333333333
oakwood_ambassadors,42.0,0.166666667,7.0,8.0,0.125,1.0,29.0,0.517241379,15.0,2.0,1.0,11.0,23.0,1.0,17.0,9.0,0.0,24.0,32.0,101.0,0.0,,,,,,0.0,
ohio_bobcats,37.37931034482759,0.4666564652413793,17.310344827586206,26.93103448275862,0.3294423044827586,8.827586206896552,18.89655172413793,0.665001355137931,12.758620689655173,12.620689655172415,2.5517241379310343,9.689655172413792,13.206896551724137,0.48275862068965514,25.75862068965517,11.793103448275863,0.06896551724137931,16.06896551724138,73.86206896551724,71.10344827586206,12.137931034482758,,4.285714285714286,917.0,0.0,431.0769230769231,-0.03448275862068965,308.8214285714286
ohio_christian_trailblazers,37.0,0.378378378,14.0,26.0,0.230769231,6.0,6.0,0.833333333,5.0,9.0,3.0,2.0,22.0,0.0,26.0,9.0,0.0,17.0,51.0,104.0,0.0,,,,,,0.0,
ohio_state_buckeyes,40.89655172413793,0.5045359802413792,20.620689655172416,22.275862068965516,0.38506154296551726,8.413793103448276,17.344827586206897,0.7404339210689654,12.689655172413792,16.75862068965517,3.4482758620689657,8.862068965517242,13.413793103448276,0.20689655172413793,26.620689655172416,9.689655172413792,0.13793103448275862,16.379310344827584,79.17241379310344,65.93103448275862,20.724137931034484,,4.107142857142858,3327.962962962963,0.0,605.3928571428572,0.1724137931034483,316.58620689655174
oklahoma_sooners,39.15625,0.5048912171562501,19.6875,26.9375,0.34776113528125,9.4375,20.46875,0.7650804874375,15.625,19.09375,3.0,9.75,18.8125,0.21875,29.125,11.8125,0.0625,19.21875,83.3125,76.03125,15.40625,7.5,3.967741935483871,2502.814814814815,-0.03125,500.03225806451616,0.15625,434.34375
oklahoma_state_cowgirls,42.86206896551724,0.3682735077241379,15.758620689655173,18.24137931034483,0.289301676,5.275862068965518,16.75862068965517,0.6210454772068965,10.310344827586208,11.586206896551724,3.827586206896552,9.068965517241379,14.448275862068964,0.7586206896551724,24.379310344827584,12.586206896551724,0.03448275862068965,16.137931034482758,57.6551724137931,61.58620689655172,9.482758620689655,,4.321428571428571,3030.222222222222,-0.1724137931034483,598.6428571428572,0.03448275862068965,392.7586206896552
old_dominion_monarchs,43.74193548387097,0.44808204467741936,19.516129032258064,16.0,0.2716447501612903,4.290322580645161,18.93548387096774,0.6375850928709678,11.935483870967742,11.870967741935484,3.870967741935484,10.516129032258064,14.903225806451612,0.5483870967741935,23.129032258064516,14.193548387096774,0.1935483870967742,18.258064516129032,63.83870967741935,55.645161290322584,14.483870967741936,,4.033333333333333,1237.24,-0.1,711.1428571428572,0.0,675.0
ole_miss_rebels,49.86206896551724,0.45818496279310345,22.586206896551726,11.482758620689655,0.2698218925862069,3.103448275862069,19.17241379310345,0.6791534842413792,12.931034482758621,14.413793103448276,4.413793103448276,9.448275862068964,14.413793103448276,0.5517241379310345,24.82758620689655,14.241379310344827,0.3103448275862069,17.20689655172414,67.41379310344828,56.275862068965516,18.448275862068964,,4.071428571428571,2830.535714285714,-0.10344827586206896,623.7142857142858,0.13793103448275862,457.13793103448273
olivet_comets,26.0,0.307692308,8.0,10.0,0.3,3.0,12.0,0.333333333,4.0,8.0,1.0,5.0,41.0,0.0,18.0,5.0,0.0,11.0,29.0,105.0,0.0,,,,,,0.0,
omaha_mavericks,39.73076923076923,0.43077421538461536,17.076923076923077,14.346153846153847,0.27613661934615386,4.038461538461538,14.923076923076922,0.7468727114230769,10.961538461538462,10.923076923076922,2.423076923076923,7.769230769230769,16.46153846153846,1.0769230769230769,24.076923076923077,8.923076923076923,0.11538461538461539,17.076923076923077,57.23076923076923,65.0,7.230769230769231,5.0,4.36,1210.5238095238094,0.0,466.8695652173913,-0.11538461538461539,277.68
oral_roberts_golden_eagles,41.25806451612903,0.4403508102903226,18.0,17.419354838709676,0.2838635347419355,4.967741935483871,20.387096774193548,0.720802233451613,14.935483870967742,11.96774193548387,3.2580645161290325,8.483870967741936,14.838709677419354,0.3548387096774194,26.193548387096776,11.03225806451613,0.0,14.451612903225806,65.83870967741936,65.0,11.580645161290322,5.0,3.9333333333333336,1321.142857142857,0.0,428.962962962963,-0.03225806451612903,408.48275862068965
oregon_ducks,41.310344827586206,0.4794563718275862,19.75862068965517,19.137931034482758,0.337999392,6.413793103448276,16.482758620689655,0.7073229518275862,11.758620689655173,14.793103448275863,4.1034482758620685,8.10344827586207,13.310344827586208,0.5172413793103449,26.689655172413794,12.551724137931036,0.06896551724137931,16.551724137931036,70.51724137931033,61.48275862068966,16.20689655172414,7.5,4.107142857142858,5307.481481481482,0.0,796.6428571428572,0.06896551724137931,919.6551724137931
oregon_state_beavers,36.76923076923077,0.45454217196153845,16.692307692307693,19.576923076923077,0.3287058442692307,6.5,15.0,0.7563142049615384,11.076923076923078,14.076923076923078,4.961538461538461,5.076923076923077,15.384615384615383,0.7307692307692307,30.653846153846157,9.615384615384617,0.07692307692307693,13.115384615384617,63.96153846153847,62.96153846153847,10.0,5.0,4.4399999999999995,3631.391304347826,0.24000000000000002,1261.9199999999998,0.07692307692307693,1295.923076923077
oregon_tech_hustlin_owls,38.0,0.447368421,17.0,13.0,0.076923077,1.0,14.0,0.785714286,11.0,7.0,6.0,4.0,27.0,1.0,30.0,10.0,0.0,14.0,48.0,83.0,1.0,,,,,,0.0,
pacific_tigers,43.10344827586207,0.4387719378275862,18.724137931034484,19.379310344827584,0.3217208918965517,6.137931034482759,17.93103448275862,0.7004376703793104,12.379310344827585,14.241379310344827,1.7586206896551724,7.758620689655173,16.79310344827586,0.1724137931034483,24.862068965517242,10.068965517241379,0.03448275862068965,19.17241379310345,68.24137931034483,76.96551724137932,7.8965517241379315,5.0,4.0,796.0370370370371,0.0,506.66666666666663,-0.10344827586206896,428.0714285714286
palm_beach_atlantic_sailfish,47.0,0.3486363635,16.0,13.0,0.2166666665,2.0,13.0,0.604575163,8.5,5.5,2.0,6.0,24.5,1.5,22.0,16.5,0.0,20.0,46.5,84.0,3.0,,,,,,0.0,
park_university_gilbert_buccaneers,39.333333333333336,0.3717171716666667,14.333333333333334,13.666666666666666,0.344426407,4.666666666666667,13.666666666666666,0.554563492,7.666666666666667,10.333333333333334,1.0,8.0,31.666666666666668,0.3333333333333333,23.0,9.666666666666666,0.0,16.0,50.333333333333336,99.0,3.0,,,,,,0.0,
paul_quinn_tigers,45.0,0.3586309525,16.5,11.0,0.26785714299999996,3.0,30.5,0.526373626,16.0,12.0,0.5,6.5,27.5,0.5,33.5,11.0,0.0,20.5,58.0,76.5,1.0,,,,,,0.0,
penn_state_lady_lions,40.275862068965516,0.4989091545517242,20.06896551724138,21.448275862068964,0.2990889711034483,6.482758620689655,14.689655172413792,0.7465619546428571,11.0,13.758620689655173,4.413793103448276,9.551724137931036,15.586206896551724,0.6206896551724138,23.344827586206897,9.862068965517242,0.06896551724137931,15.862068965517242,70.58620689655172,74.89655172413794,10.10344827586207,,4.035714285714286,2043.5,0.10344827586206896,601.7857142857142,0.03448275862068965,492.13793103448273
pennsylvania_quakers,39.08,0.42093764428,16.56,22.6,0.30165523444,6.92,15.24,0.7124173658399999,10.92,13.0,4.04,8.120000000000001,14.639999999999999,0.28,27.080000000000002,13.639999999999999,0.0,14.959999999999999,64.8,59.92,15.56,5.0,4.583333333333333,366.1363636363636,-0.21739130434782608,552.6,-0.04,456.17391304347825
pepperdine_waves,42.82608695652174,0.4548825563478261,19.434782608695652,15.304347826086955,0.24528503843478258,3.9130434782608696,13.08695652173913,0.6469936464782609,8.652173913043478,12.217391304347826,3.826086956521739,7.695652173913043,16.34782608695652,0.3043478260869565,24.0,11.521739130434783,0.17391304347826086,16.782608695652176,59.2608695652174,67.26086956521739,7.652173913043478,5.0,4.954545454545454,526.7142857142858,0.0,430.6363636363636,0.08695652173913043,335.2608695652174
pfeiffer_falcons,45.5,0.257070707,11.5,25.0,0.18921095,4.5,11.0,0.657142857,7.0,6.0,0.5,7.0,26.5,0.0,21.5,17.5,0.0,19.0,43.5,106.0,0.0,,,,,,0.0,
philander_smith_panthers,43.0,0.418604651,18.0,14.0,0.142857143,2.0,17.0,0.411764706,7.0,9.0,1.0,10.0,16.0,0.0,28.0,10.0,0.0,13.0,49.0,56.0,4.0,,,,,,0.0,
piedmont_lions,46.0,0.326086957,15.0,17.0,0.529411765,9.0,8.0,0.875,7.0,15.0,5.0,7.0,25.0,1.0,24.0,14.0,0.0,11.0,64.0,86.0,3.0,,,,,,0.0,
pikeville_bears,34.5,0.375,13.0,16.0,0.238095238,4.0,18.0,0.616883117,11.0,9.5,0.5,6.0,20.5,1.0,26.0,11.0,0.0,17.5,49.0,67.0,7.5,,,,,,0.0,
pittsburgh_johnstown_mountain_cats,43.0,0.395348837,17.0,15.0,0.2,3.0,17.0,0.470588235,8.0,8.0,1.0,9.0,16.0,1.0,19.0,13.0,0.0,21.0,51.0,62.0,2.0,,,,,,0.0,
pittsburgh_panthers,46.17241379310345,0.3995253581724138,18.448275862068964,14.931034482758621,0.2860554131724138,4.379310344827586,18.517241379310345,0.6110208585862069,11.655172413793103,11.793103448275863,5.137931034482759,6.793103448275862,18.551724137931036,0.8275862068965517,28.448275862068964,15.586206896551724,0.13793103448275862,17.379310344827584,61.689655172413794,64.82758620689656,9.10344827586207,5.0,4.0,1653.576923076923,-0.10714285714285715,632.0357142857142,0.13793103448275862,427.9655172413793
point_park_pioneers,29.0,0.482758621,14.0,23.0,0.130434783,3.0,7.0,0.571428571,4.0,8.0,2.0,5.0,27.0,2.0,25.0,8.0,0.0,22.0,41.0,87.0,0.0,,,,,,0.0,
portland_pilots,41.10344827586207,0.5238861317586206,21.379310344827584,19.517241379310345,0.2674095327586207,5.172413793103448,18.137931034482758,0.7096339945172414,12.827586206896552,18.17241379310345,5.0344827586206895,11.344827586206897,16.482758620689655,0.7241379310344828,24.82758620689655,12.586206896551724,0.06896551724137931,18.93103448275862,71.10344827586206,61.58620689655172,16.586206896551726,5.0,4.142857142857142,834.3181818181818,-0.037037037037037035,556.2,0.13793103448275862,671.0
portland_state_vikings,37.285714285714285,0.41579050485714286,15.428571428571429,21.642857142857142,0.2871507191428571,6.357142857142858,11.75,0.7536758622499999,9.0,11.642857142857144,2.0357142857142856,7.964285714285714,15.285714285714285,0.8571428571428572,23.03571428571429,10.285714285714285,0.0,14.964285714285715,58.92857142857142,72.25,6.785714285714286,,4.37037037037037,630.28,0.03846153846153846,850.3333333333333,0.03571428571428571,581.6153846153846
prairie_view_am_lady_panthers,43.76923076923077,0.40684645726923074,17.346153846153847,18.923076923076923,0.3140921181923077,5.769230769230769,17.46153846153846,0.6754534915,12.115384615384617,15.115384615384617,3.8846153846153846,10.192307692307692,20.03846153846154,1.2692307692307692,26.346153846153843,12.153846153846153,0.0,20.884615384615383,64.11538461538461,71.42307692307692,10.0,,4.84,1707.3684210526317,0.0,1030.5,-0.11538461538461539,720.0434782608695
presbyterian_blue_hose,35.66666666666667,0.46845337026666667,16.56666666666667,17.366666666666667,0.30347305606666664,5.1,15.899999999999999,0.722437005,11.5,11.533333333333333,2.4000000000000004,6.2333333333333325,19.299999999999997,0.6666666666666667,25.03333333333333,10.7,0.0,15.066666666666666,59.93333333333334,63.16666666666667,7.6,5.0,3.9310344827586206,526.7307692307693,0.0,230.85185185185188,-0.1,143.51724137931035
princeton_tigers,44.18518518518518,0.4420147165925926,19.40740740740741,17.925925925925927,0.3579676335925926,6.296296296296297,15.0,0.7470350704444444,11.185185185185185,13.777777777777777,2.666666666666667,10.259259259259258,13.296296296296296,0.6666666666666667,25.925925925925927,13.740740740740742,0.0,15.962962962962964,68.88888888888889,51.2962962962963,23.333333333333336,5.0,4.6923076923076925,716.8846153846155,0.0,262.6923076923077,0.037037037037037035,164.92592592592592
providence_friars,40.16666666666667,0.43881942976666666,17.5,15.966666666666667,0.2934650971666667,4.666666666666666,15.666666666666668,0.6987768251333333,10.899999999999999,11.233333333333334,5.800000000000001,7.033333333333333,17.96666666666667,0.8333333333333333,28.133333333333333,10.233333333333334,0.0,15.8,59.900000000000006,63.86666666666666,9.399999999999999,5.0,3.9655172413793105,865.5714285714286,0.0,443.82758620689657,0.16666666666666669,305.73333333333335
purdue_boilermakers,37.57142857142858,0.4891129458571429,18.142857142857142,23.07142857142857,0.3200210035,7.428571428571428,14.464285714285715,0.7474486239285714,10.928571428571429,15.892857142857144,4.035714285714286,7.357142857142858,15.071428571428571,0.4285714285714286,25.17857142857143,10.464285714285715,0.0,17.75,69.5,67.57142857142857,12.714285714285715,5.0,4.185185185185185,3183.37037037037,0.0,338.85185185185185,0.17857142857142858,174.4642857142857
purdue_fort_wayne_mastodons,31.71428571428571,0.4266637310714286,13.535714285714285,25.5,0.325388235,8.285714285714285,10.035714285714285,0.8317833951428572,8.214285714285715,12.678571428571429,2.607142857142857,6.75,16.07142857142857,0.7142857142857143,22.642857142857142,9.285714285714285,0.07142857142857142,15.964285714285715,60.14285714285714,65.75,9.785714285714285,,4.148148148148148,638.4166666666666,0.0,278.2083333333333,-0.07142857142857142,177.53846153846155
quincy_hawks,38.5,0.406634747,15.5,18.0,0.168896321,3.5,8.5,0.8365384615,7.5,11.0,0.5,4.0,21.5,1.5,24.5,12.0,0.0,14.0,49.0,81.5,2.5,,,,,,0.0,
quinnipiac_bobcats,42.483870967741936,0.4573948001290323,19.451612903225808,18.70967741935484,0.3117192469032258,5.870967741935484,15.387096774193548,0.7231692140967741,11.161290322580646,13.580645161290322,3.741935483870968,8.483870967741936,15.806451612903226,0.5161290322580645,26.516129032258064,12.741935483870968,0.0,16.161290322580644,67.6774193548387,59.516129032258064,15.129032258064516,5.0,4.066666666666666,548.4814814814815,0.0,150.73333333333335,-0.03225806451612903,106.6774193548387
radford_highlanders,35.724137931034484,0.4441510255172414,15.89655172413793,19.79310344827586,0.3226037347241379,6.172413793103448,12.310344827586208,0.6446328462758621,8.137931034482758,12.448275862068964,2.793103448275862,5.931034482758621,19.482758620689655,0.6551724137931034,25.689655172413794,9.862068965517242,0.1724137931034483,18.482758620689655,58.44827586206897,66.86206896551724,9.0,,3.964285714285714,574.6,0.0,249.79166666666669,-0.13793103448275862,165.33333333333331
randolph_college_wildcats,28.0,0.321428571,9.0,22.0,0.136363636,3.0,4.0,1.0,4.0,6.0,1.0,6.0,28.0,2.0,18.0,6.0,0.0,17.0,31.0,83.0,2.0,,,,,,0.0,
regis_co_rangers,40.0,0.4,16.0,17.0,0.117647059,2.0,10.0,0.8,8.0,9.0,1.0,5.0,19.0,2.0,27.0,15.0,0.0,6.0,46.0,60.0,5.0,,,,,,0.0,
rhode_island_rams,41.464285714285715,0.4658298881071428,19.32142857142857,15.035714285714285,0.3459431755,5.107142857142858,14.642857142857144,0.6632298230357143,9.821428571428571,13.857142857142856,3.035714285714286,7.857142857142858,14.357142857142856,0.7857142857142857,27.53571428571429,11.75,0.10714285714285715,12.5,63.785714285714285,52.464285714285715,18.17857142857143,,4.2592592592592595,1084.3703703703704,0.0,382.70370370370375,0.03571428571428571,454.53846153846155
rice_owls,36.73076923076923,0.4640087626153846,16.923076923076923,20.96153846153846,0.29727496157692307,6.192307692307692,21.269230769230766,0.6873949439615384,15.076923076923078,12.615384615384617,2.8846153846153846,7.384615384615385,17.5,0.6153846153846154,26.615384615384617,12.846153846153847,0.15384615384615385,17.0,67.5,66.11538461538461,12.23076923076923,12.5,4.84,714.7826086956521,-0.04,489.375,0.19230769230769232,350.0
richmond_spiders,30.233333333333334,0.5364462951,16.166666666666668,26.9,0.3410636459333333,9.166666666666668,14.633333333333333,0.7326859561,10.666666666666668,14.466666666666667,5.300000000000001,6.7666666666666675,16.53333333333333,0.7333333333333334,27.866666666666667,9.333333333333332,0.0,16.0,70.5,67.06666666666666,13.933333333333334,5.0,3.9310344827586206,753.076923076923,0.03333333333333333,334.0344827586207,0.03333333333333333,223.43333333333334
rider_broncs,34.3,0.43728335313333333,15.0,19.799999999999997,0.3168018961,6.2666666666666675,13.100000000000001,0.7067285078333333,9.466666666666667,12.5,4.433333333333334,8.366666666666667,17.0,1.1333333333333333,24.0,8.433333333333334,0.06666666666666667,15.2,58.266666666666666,63.7,8.1,5.0,4.0344827586206895,580.0344827586207,0.0,152.41379310344828,-0.06666666666666667,124.73333333333332
robert_morris_colonials,35.785714285714285,0.4179274368571429,15.0,18.92857142857143,0.29714294764285715,5.607142857142858,11.535714285714285,0.6497133208571428,7.5,10.678571428571429,2.0357142857142856,8.321428571428571,15.25,1.0714285714285714,21.42857142857143,9.357142857142856,0.07142857142857142,17.07142857142857,54.32142857142858,58.60714285714286,9.607142857142856,,4.222222222222222,492.74074074074076,0.0,342.29629629629625,0.0,240.42857142857144
rutgers_scarlet_knights,40.03225806451613,0.44752458861290323,17.838709677419356,14.225806451612904,0.28628537158064515,4.193548387096774,15.129032258064516,0.6642378015483872,10.161290322580646,12.096774193548388,3.5806451612903225,8.451612903225806,18.483870967741936,1.3870967741935485,24.64516129032258,12.67741935483871,0.0967741935483871,16.967741935483872,58.41935483870968,60.0,9.096774193548388,5.0,3.8,1659.814814814815,-0.06451612903225806,722.0999999999999,0.1935483870967742,652.0645161290323
sacramento_state_hornets,34.5,0.4964198276666667,17.1,20.733333333333334,0.3347958018666667,6.866666666666667,13.966666666666667,0.7210846409999999,10.0,13.066666666666666,2.7333333333333334,5.633333333333333,13.133333333333333,0.7666666666666666,24.93333333333333,9.333333333333332,0.0,15.066666666666666,64.8,65.56666666666666,8.966666666666665,5.0,4.068965517241379,532.9230769230769,-0.03448275862068965,537.3333333333334,-0.06666666666666667,446.82758620689657
sacred_heart_pioneers,39.559999999999995,0.4110947336,16.12,16.56,0.28474237072,5.0,15.68,0.6858140029199999,10.8,10.16,2.44,6.5200000000000005,16.52,0.64,24.32,10.040000000000001,0.04,20.16,58.04,63.92,7.28,5.0,4.875,399.73913043478257,0.0,130.29166666666666,-0.04,90.36
saint_josephs_hawks,35.733333333333334,0.4382370912333333,15.533333333333333,17.4,0.32063851283333333,5.699999999999999,14.033333333333333,0.7219345714000001,10.100000000000001,13.733333333333334,3.0,6.300000000000001,15.366666666666667,0.9333333333333333,22.93333333333333,10.466666666666667,0.03333333333333333,14.733333333333334,58.266666666666666,59.96666666666667,9.133333333333333,,4.0,653.0869565217391,-0.10344827586206896,378.1034482758621,0.0,342.8666666666667
saint_louis_billikens,44.370370370370374,0.4341436164814815,19.296296296296298,15.62962962962963,0.2664405392222222,4.0,12.962962962962964,0.7198997434074074,9.222222222222223,11.88888888888889,4.481481481481482,6.925925925925926,14.851851851851851,0.7777777777777778,27.814814814814813,11.37037037037037,0.0,12.851851851851851,59.81481481481482,64.07407407407408,8.296296296296296,5.0,4.346153846153846,596.3461538461538,0.03846153846153846,804.6153846153845,-0.07407407407407407,656.5925925925925
saint_marys_gaels,37.6551724137931,0.4678652424827586,17.517241379310345,21.275862068965516,0.33087008865517237,6.9655172413793105,18.24137931034483,0.705826001275862,13.10344827586207,13.96551724137931,2.206896551724138,5.793103448275862,18.310344827586206,0.896551724137931,27.482758620689655,12.137931034482758,0.10344827586206896,18.24137931034483,69.03448275862068,72.72413793103448,9.517241379310345,5.0,3.964285714285714,695.2962962962963,0.0,686.3214285714286,0.0,494.44827586206895
saint_peters_peacocks,39.87096774193548,0.40683415448387095,16.29032258064516,17.612903225806452,0.2718545896774194,4.580645161290323,17.870967741935484,0.6915261596451613,12.67741935483871,11.419354838709678,2.2903225806451615,8.806451612903226,19.516129032258064,0.8709677419354839,25.774193548387096,13.806451612903226,0.16129032258064516,18.29032258064516,59.0,60.83870967741935,8.516129032258064,5.0,4.0,372.0,0.0,101.69999999999999,-0.03225806451612903,76.25806451612904
salem_university,33.0,0.121212121,4.0,42.0,0.238095238,10.0,14.0,0.714285714,10.0,7.0,3.0,9.0,14.0,0.0,18.0,10.0,0.0,19.0,48.0,86.0,0.0,,,,,,0.0,
sam_houston_bearkats,49.66666666666667,0.41757482353333336,20.733333333333334,10.533333333333333,0.28891946020000003,3.166666666666667,23.6,0.6864214137666667,16.3,11.133333333333333,2.833333333333333,9.866666666666667,20.166666666666664,0.6000000000000001,23.700000000000003,15.666666666666668,0.1,20.766666666666666,67.26666666666668,69.16666666666666,11.8,5.0,4.1034482758620685,738.6538461538462,0.0,598.2916666666666,-0.06666666666666667,460.0740740740741
samford_bulldogs,38.0,0.4686365382142857,17.857142857142858,18.5,0.3077924946428572,5.607142857142858,15.75,0.6898577064285715,11.035714285714285,13.107142857142856,2.142857142857143,7.892857142857142,18.892857142857142,0.9285714285714285,25.5,10.75,0.0,15.321428571428571,63.57142857142858,67.28571428571428,10.037037037037036,7.5,4.185185185185185,932.4166666666667,0.04166666666666666,390.0869565217392,-0.07142857142857142,347.0
san_diego_state_aztecs,42.806451612903224,0.4142414339032258,17.64516129032258,17.838709677419356,0.34736281393548385,6.064516129032258,13.67741935483871,0.6591518038709678,9.161290322580646,11.903225806451612,2.096774193548387,7.193548387096774,12.870967741935484,0.7419354838709677,26.903225806451612,10.935483870967742,0.16129032258064516,16.870967741935484,62.645161290322584,63.74193548387097,8.935483870967742,,3.9333333333333336,911.9629629629629,-0.20689655172413793,438.65517241379314,0.06451612903225806,391.3666666666667
san_diego_toreros,43.13793103448276,0.4349581618620689,18.79310344827586,16.655172413793103,0.31693058827586207,5.275862068965518,19.344827586206897,0.6833692108275863,13.172413793103448,14.275862068965518,2.310344827586207,13.10344827586207,18.03448275862069,0.6896551724137931,21.75862068965517,13.379310344827585,0.06896551724137931,21.620689655172416,66.58620689655172,65.62068965517241,10.310344827586208,5.0,4.107142857142858,606.25,0.0,561.3571428571429,-0.03448275862068965,402.93103448275866
san_francisco_dons,34.935483870967744,0.48407278632258066,16.806451612903224,23.741935483870968,0.32766729538709677,7.806451612903226,15.193548387096774,0.7409455495806452,11.161290322580646,13.903225806451612,1.967741935483871,7.032258064516129,13.580645161290322,0.3870967741935484,26.451612903225808,7.32258064516129,0.1935483870967742,16.64516129032258,68.19354838709677,68.19354838709677,12.0,5.0,3.9333333333333336,621.7931034482758,-0.06451612903225806,559.6333333333334,-0.12903225806451613,442.80645161290323
san_jose_state_spartans,38.0,0.4076809162,15.433333333333334,21.5,0.28589035713333333,6.166666666666666,15.066666666666666,0.7261825906333333,10.766666666666666,11.8,3.166666666666667,7.1,14.5,0.5333333333333334,23.1,9.966666666666667,0.23333333333333334,15.433333333333334,60.13333333333334,77.16666666666666,5.833333333333334,,4.0344827586206895,679.4074074074075,-0.03571428571428571,580.8518518518518,-0.1,437.7241379310345
santa_clara_broncos,37.43333333333334,0.46520209710000004,17.46666666666667,21.633333333333333,0.3438644009,7.2333333333333325,17.766666666666666,0.7911041221666667,13.933333333333334,14.600000000000001,2.5,6.9,15.133333333333333,0.6000000000000001,25.166666666666664,11.466666666666667,0.06666666666666667,17.366666666666667,70.56666666666666,68.63333333333333,12.7,5.0,3.9655172413793105,601.9565217391304,0.0,442.96,0.03333333333333333,420.0357142857143
schreiner_mountaineers,42.0,0.359090909,15.0,18.0,0.1421404685,2.5,16.0,0.4891774895,8.0,9.0,2.0,10.5,24.0,0.5,19.5,17.0,0.0,17.0,45.5,78.0,4.0,,,,,,0.0,
se_louisiana_lady_lions,43.04,0.4554956984,19.48,14.120000000000001,0.26301141023999997,3.8400000000000003,16.84,0.62885761744,10.68,12.8,2.5999999999999996,9.48,15.120000000000001,0.44,25.44,11.879999999999999,0.24000000000000002,16.32,61.160000000000004,54.440000000000005,14.44,5.0,5.166666666666666,718.2173913043479,0.0,296.0,-0.08,287.6521739130435
seattle_u_redhawks,38.06666666666666,0.4412417554,16.700000000000003,21.366666666666667,0.28552195813333336,6.199999999999999,15.8,0.6754559208666666,10.633333333333333,13.266666666666666,3.2666666666666666,8.899999999999999,15.5,0.4666666666666667,25.93333333333333,11.133333333333333,0.26666666666666666,17.333333333333336,62.63333333333334,65.96666666666667,9.600000000000001,5.0,4.1034482758620685,474.1851851851852,-0.15384615384615385,1124.1923076923076,-0.1,1076.2857142857142
seton_hall_pirates,41.16129032258065,0.46257546683870965,19.0,20.806451612903224,0.33734440567741936,7.129032258064516,12.870967741935484,0.7618604225161291,9.903225806451612,15.419354838709678,3.4516129032258065,7.516129032258065,12.741935483870968,0.4838709677419355,26.096774193548388,9.129032258064516,0.16129032258064516,13.161290322580646,69.29032258064517,67.90322580645162,11.709677419354838,7.5,3.9000000000000004,868.6296296296297,-0.0967741935483871,557.3,0.12903225806451613,406.0
shorter_hawks,50.5,0.266091052,13.5,16.0,0.142857143,3.0,13.5,0.85,11.5,4.0,2.0,5.0,13.0,0.0,24.0,13.0,0.0,18.0,47.5,74.5,5.5,,,,,,0.0,
siena_saints,42.20689655172414,0.4096982098275862,17.17241379310345,16.310344827586206,0.2924969010344827,4.586206896551724,15.241379310344827,0.6443597993928571,9.862068965517242,10.310344827586208,2.896551724137931,8.96551724137931,18.24137931034483,0.7586206896551724,23.862068965517242,13.448275862068964,0.10344827586206896,18.82758620689655,57.96551724137931,60.20689655172414,7.655172413793104,,4.321428571428571,498.4074074074074,0.0,154.25,-0.06896551724137931,135.13793103448276
simpson_college_ia_storm,45.0,0.333333333,15.0,27.0,0.222222222,6.0,11.0,0.818181818,9.0,15.0,5.0,10.0,15.0,0.0,21.0,10.0,0.0,14.0,57.0,101.0,0.0,,,,,,0.0,
simpson_university_ca_red_hawks,43.5,0.356839873,15.5,22.0,0.23750000000000002,5.5,7.5,0.75,5.5,15.0,1.5,8.0,17.0,0.0,23.0,13.0,0.0,9.0,53.0,87.0,0.0,,,,,,0.0,
siu_edwardsville_cougars,45.58064516129032,0.4361998017096774,19.838709677419356,16.29032258064516,0.3039513835483871,5.032258064516129,20.483870967741936,0.7078968497419355,14.516129032258064,15.161290322580646,2.6451612903225805,10.64516129032258,19.774193548387096,0.3870967741935484,21.903225806451612,13.741935483870968,0.16129032258064516,18.967741935483872,69.29032258064517,74.61290322580645,9.35483870967742,,3.7666666666666666,580.0967741935484,0.0,206.36666666666667,0.03225806451612903,168.19354838709677
slippery_rock_the_rock,49.0,0.326530612,16.0,19.0,0.210526316,4.0,15.0,0.666666667,10.0,6.0,2.0,6.0,15.0,0.0,29.0,11.0,0.0,17.0,54.0,97.0,1.0,,,,,,0.0,
smu_mustangs,47.89285714285714,0.41025732407142856,19.75,12.107142857142856,0.2847784043928571,3.535714285714286,15.75,0.6770139680714286,10.535714285714285,14.607142857142856,4.107142857142858,7.428571428571428,14.428571428571429,0.5714285714285715,26.96428571428571,11.714285714285715,0.07142857142857142,15.035714285714285,60.64285714285714,60.92857142857142,10.857142857142856,5.0,4.444444444444445,827.24,-0.2142857142857143,615.7777777777777,0.07142857142857142,392.8928571428571
sonoma_st_cossacks,34.0,0.352941176,12.0,20.0,0.4,8.0,11.0,0.454545455,5.0,12.0,2.0,5.0,16.0,0.0,24.0,8.0,0.0,13.0,53.0,76.0,1.0,,,,,,0.0,
south_alabama_jaguars,36.5,0.4141830479230769,15.076923076923078,24.230769230769234,0.2877166086923077,6.961538461538461,16.192307692307693,0.6105272781923077,9.76923076923077,11.26923076923077,2.0384615384615383,8.923076923076923,15.961538461538462,0.8846153846153846,23.307692307692307,10.5,0.19230769230769232,17.26923076923077,60.807692307692314,69.23076923076923,7.730769230769231,5.0,4.52,566.952380952381,0.043478260869565216,291.6,-0.07692307692307693,329.0869565217391
south_carolina_gamecocks,46.45161290322581,0.4765293107096774,21.967741935483872,15.096774193548388,0.31557826551612905,4.774193548387097,19.419354838709676,0.6761424962903225,13.03225806451613,14.193548387096774,7.774193548387097,6.290322580645161,14.64516129032258,0.7096774193548387,30.967741935483872,16.677419354838708,0.0,13.67741935483871,71.29032258064517,51.67741935483871,25.193548387096776,5.0,3.9000000000000004,8482.275862068966,-0.1935483870967742,593.8,0.12903225806451613,457.64516129032256
south_carolina_state_lady_bulldogs,36.2,0.3638771694666667,13.066666666666666,20.6,0.238577646,4.866666666666666,14.133333333333333,0.6401240666666667,8.666666666666666,8.733333333333333,4.8,5.333333333333333,22.866666666666667,1.3333333333333333,26.866666666666667,10.666666666666666,0.0,16.6,49.4,75.53333333333333,2.7857142857142856,,8.642857142857142,1020.2307692307693,0.0,327.71428571428567,-0.7333333333333333,568.7333333333333
south_carolina_upstate_spartans,38.22222222222222,0.5154113128148149,19.814814814814813,17.037037037037038,0.34737602807407403,5.888888888888888,13.703703703703704,0.682671856037037,9.592592592592593,13.555555555555555,2.333333333333333,8.148148148148149,14.962962962962964,0.7407407407407407,24.0,8.444444444444445,0.0,15.962962962962964,66.88888888888889,58.33333333333333,17.074074074074073,5.0,4.346153846153846,588.3478260869565,0.0,218.55,-0.11111111111111112,153.95833333333334
south_dakota_coyotes,40.66666666666667,0.4954714492666667,20.133333333333333,19.200000000000003,0.33026809416666664,6.333333333333334,14.0,0.7544818063333333,10.533333333333333,14.233333333333334,3.3666666666666663,9.0,10.466666666666667,0.13333333333333333,24.266666666666666,9.866666666666667,0.06666666666666667,15.2,69.80000000000001,53.06666666666666,22.633333333333333,,4.1034482758620685,2364.730769230769,-0.07142857142857142,388.1851851851852,0.1,445.44827586206895
south_dakota_state_jackrabbits,37.6875,0.519836923625,19.78125,20.75,0.38670685993750004,8.125,13.8125,0.75788037790625,10.1875,17.25,4.1875,6.875,12.6875,0.65625,26.84375,10.0625,0.0,13.78125,74.125,58.0625,24.21875,,3.838709677419355,2398.103448275862,0.06666666666666667,458.2413793103448,0.0,390.93548387096774
south_florida_bulls,39.516129032258064,0.4256850854516129,16.677419354838708,18.193548387096776,0.2975164457419355,5.32258064516129,16.06451612903226,0.7172346992580645,11.612903225806452,14.387096774193548,3.5161290322580645,6.709677419354839,14.580645161290322,1.1935483870967742,26.322580645161292,14.419354838709678,0.1935483870967742,15.129032258064516,60.935483870967744,53.516129032258064,13.548387096774194,5.0,4.033333333333333,1511.346153846154,-0.25806451612903225,782.8,0.03225806451612903,643.516129032258
southeast_missouri_state_redhawks,42.62068965517241,0.4408861858275862,18.79310344827586,15.551724137931036,0.26733064996551725,4.241379310344827,15.551724137931036,0.6812086642068965,10.482758620689655,12.758620689655173,2.827586206896552,8.413793103448276,18.517241379310345,0.3448275862068966,22.93103448275862,11.724137931034482,0.06896551724137931,18.17241379310345,60.79310344827586,71.79310344827586,7.241379310344827,,3.892857142857143,562.8076923076923,0.0,285.08,0.03448275862068965,225.5185185185185
southern_illinois_salukis,41.13333333333334,0.46393839303333334,19.133333333333333,14.766666666666666,0.30098793156666664,4.4,16.6,0.7238665043666667,11.7,13.866666666666667,2.2333333333333334,8.0,13.2,0.9333333333333333,23.03333333333333,12.366666666666667,0.06666666666666667,14.566666666666666,63.16666666666667,56.06666666666666,14.533333333333333,,4.206896551724138,1015.8148148148148,0.0,270.3703703703704,-0.2,236.55172413793105
southern_jaguars,46.51724137931034,0.40385092568965514,18.96551724137931,16.24137931034483,0.24092564813793105,4.0,16.20689655172414,0.6244792013448276,9.862068965517242,9.586206896551724,2.0689655172413794,12.03448275862069,15.448275862068964,0.8275862068965517,19.620689655172416,13.517241379310345,0.1724137931034483,21.0,59.79310344827586,63.13793103448276,11.241379310344827,7.5,4.285714285714286,1873.5555555555554,0.0,362.79999999999995,-0.3103448275862069,493.81481481481484
southern_miss_lady_eagles,48.46666666666667,0.4580317700666667,22.200000000000003,10.766666666666666,0.2981291556,3.3666666666666663,18.133333333333333,0.6684141840666666,12.2,14.5,3.166666666666667,8.533333333333335,16.666666666666664,0.5666666666666667,26.066666666666666,13.566666666666666,0.0,18.733333333333334,66.69999999999999,64.03333333333333,12.399999999999999,5.0,4.172413793103448,1115.2692307692307,0.07142857142857142,472.5769230769231,0.0,417.8571428571429
southern_utah_thunderbirds,43.2,0.45481103046666665,19.799999999999997,17.866666666666667,0.318572019,5.7333333333333325,18.93333333333333,0.7283844410666667,13.833333333333332,13.7,4.7666666666666675,6.566666666666666,14.8,0.4666666666666667,28.4,13.100000000000001,0.16666666666666669,14.533333333333333,70.63333333333333,65.76666666666667,14.899999999999999,5.0,4.1034482758620685,648.6071428571428,0.0,560.52,-0.1,437.9642857142857
southern_wesleyan_warriors,39.0,0.307692308,12.0,27.0,0.333333333,9.0,8.0,0.5,4.0,10.0,1.0,8.0,23.0,0.0,21.0,7.0,0.0,14.0,55.0,106.0,0.0,,,,,,0.0,
southwestern_assemblies_of_god_lions,38.0,0.397212544,15.0,20.5,0.194047619,4.0,12.5,0.7305194804999999,9.0,11.5,2.5,9.5,23.5,2.0,23.5,11.5,0.0,15.5,51.0,81.0,0.0,,,,,,0.0,
spalding_pelicans,35.0,0.342857143,12.0,17.0,0.294117647,5.0,12.0,0.75,9.0,9.0,2.0,4.0,21.0,1.0,12.0,11.0,0.0,7.0,48.0,105.0,2.0,,,,,,0.0,
spring_hill_badgers,45.0,0.377777778,17.0,15.0,0.2,3.0,19.0,0.526315789,10.0,8.0,0.0,6.0,20.0,0.0,23.0,12.0,0.0,21.0,53.0,73.0,0.0,,,,,,0.0,
st_andrews_knights,32.0,0.25,8.0,18.0,0.222222222,4.0,7.0,0.714285714,5.0,5.0,1.0,4.0,32.0,2.0,15.0,7.0,0.0,25.0,33.0,117.0,0.0,,,,,,0.0,
st_bonaventure_bonnies,38.32142857142858,0.44027360125,16.75,16.285714285714285,0.27775489260714287,4.678571428571428,15.464285714285715,0.6964140463928572,10.785714285714285,9.035714285714285,3.714285714285714,5.928571428571428,14.928571428571429,0.7857142857142857,25.28571428571429,8.714285714285715,0.07142857142857142,15.035714285714285,58.32142857142858,62.32142857142858,7.5,5.0,4.185185185185185,436.84615384615387,0.0,380.0,0.07142857142857142,223.1851851851852
st_edwards_hilltoppers,36.5,0.30067567549999996,11.0,15.0,0.162679426,2.0,14.5,0.860576923,12.5,5.5,2.5,5.0,24.5,0.5,20.5,10.5,0.0,20.5,40.5,88.0,1.0,,,,,,0.0,
st_francis_brooklyn_terriers,38.18518518518518,0.45320020474074074,17.333333333333332,20.444444444444446,0.3180177909259259,6.444444444444445,14.481481481481481,0.7410664216666667,10.703703703703704,14.222222222222223,2.259259259259259,7.7407407407407405,14.333333333333332,0.4444444444444445,23.11111111111111,9.703703703703704,0.0,14.185185185185185,64.70370370370371,61.851851851851855,11.222222222222223,5.0,4.538461538461538,339.16666666666663,0.0,176.54166666666669,0.0,103.57692307692307
st_francis_il_fighting_saints,36.0,0.444444444,16.0,19.0,0.421052632,8.0,7.0,0.714285714,5.0,11.0,1.0,9.0,13.0,0.0,17.0,1.0,0.0,11.0,61.0,96.0,5.0,,,,,,0.0,
st_francis_pa_red_flash,38.3,0.4224019099333333,16.033333333333335,14.766666666666666,0.302219063,4.4,12.933333333333334,0.6891146557666666,8.966666666666665,11.399999999999999,1.5666666666666669,4.7666666666666675,18.066666666666666,1.5666666666666669,24.5,11.533333333333333,0.1,14.866666666666667,54.233333333333334,65.86666666666666,5.4,5.0,4.068965517241379,539.875,0.0,287.6206896551724,-0.26666666666666666,250.83333333333331
st_johns_red_storm,37.806451612903224,0.4837240759354839,18.451612903225808,23.677419354838708,0.33188478893548384,8.03225806451613,14.580645161290322,0.7478058339677419,11.03225806451613,14.548387096774194,3.6451612903225805,5.580645161290323,14.548387096774194,0.4838709677419355,25.258064516129032,9.225806451612904,0.06451612903225806,13.32258064516129,72.03225806451613,73.70967741935483,10.516129032258064,5.0,3.833333333333333,910.6538461538462,0.12903225806451613,522.6333333333333,0.0,415.741935483871
st_thomas_minnesota_tommies,36.32,0.44983795843999996,16.4,18.96,0.302482969,5.5600000000000005,12.68,0.66478049388,8.32,11.040000000000001,2.2800000000000002,5.64,16.279999999999998,1.16,25.68,9.48,0.0,16.88,57.8,66.96000000000001,7.76,7.5,4.5,656.7272727272727,-0.14285714285714285,712.6363636363636,-0.12000000000000001,914.0
st_thomas_tx_celts,30.0,0.333333333,10.0,24.0,0.083333333,2.0,18.0,0.666666667,12.0,5.0,1.0,5.0,24.0,1.0,21.0,10.0,0.0,20.0,38.0,79.0,2.0,,,,,,0.0,
stanford_cardinal,41.25806451612903,0.500604508,20.483870967741936,20.419354838709676,0.3584435437419355,7.225806451612903,16.35483870967742,0.6737657138709677,11.129032258064516,15.129032258064516,5.967741935483871,8.612903225806452,13.0,0.5806451612903226,28.161290322580644,13.35483870967742,0.0,15.96774193548387,73.7741935483871,56.87096774193548,21.483870967741936,,3.833333333333333,3657.2,-0.1,813.5999999999999,0.16129032258064516,955.4193548387096
stanislaus_state_warriors,50.0,0.36999999999999994,18.5,18.0,0.277777778,5.0,17.5,0.65530303,11.0,8.0,1.5,5.0,11.0,1.0,28.0,13.5,0.0,13.0,63.0,86.0,2.5,,,,,,0.0,
stephen_f_austin_ladyjacks,38.62068965517241,0.5139811330689655,19.82758620689655,21.310344827586206,0.3298084971034483,7.0,19.724137931034484,0.711115025,13.827586206896552,16.10344827586207,4.275862068965518,12.275862068965518,15.931034482758621,0.9655172413793103,24.24137931034483,11.482758620689655,0.27586206896551724,17.06896551724138,74.48275862068967,55.3448275862069,23.06896551724138,,4.392857142857142,1042.56,-0.18518518518518517,786.5384615384615,-0.03448275862068965,696.8214285714286
stephens,37.0,0.243243243,9.0,12.0,0.0,0.0,21.0,0.714285714,15.0,3.0,0.0,7.0,36.0,2.0,24.0,13.0,0.0,16.0,33.0,88.0,0.0,,,,,,0.0,
stetson_hatters,39.67741935483871,0.46528752432258064,18.677419354838708,16.838709677419356,0.2839342707096774,4.806451612903226,17.677419354838708,0.6950172549677419,12.193548387096774,12.483870967741936,1.7419354838709677,9.161290322580646,16.870967741935484,0.6774193548387096,27.29032258064516,10.903225806451612,0.0,15.516129032258064,63.96774193548387,56.54838709677419,16.451612903225808,,4.0,589.24,-0.11111111111111112,532.0740740740741,-0.06451612903225806,458.93103448275866
stony_brook_seawolves,42.10714285714286,0.46569726725,19.57142857142857,17.392857142857142,0.3049834008214286,5.357142857142858,16.964285714285715,0.7632718734285715,12.857142857142856,13.142857142857144,3.178571428571429,7.357142857142858,14.892857142857144,0.6071428571428572,27.0,12.464285714285715,0.07142857142857142,14.321428571428571,68.07142857142857,56.5,16.892857142857142,,4.037037037037037,567.3333333333334,0.0,239.59259259259258,0.0,122.75
syracuse_orange,42.86206896551724,0.4348388104827586,18.75862068965517,24.482758620689655,0.30950756217241376,7.620689655172414,13.206896551724137,0.8044443883103448,10.620689655172415,13.448275862068964,2.0,10.137931034482758,14.551724137931036,0.20689655172413793,22.89655172413793,11.96551724137931,0.24137931034482757,15.344827586206897,71.0,74.82758620689656,11.931034482758621,,4.0,1649.037037037037,-0.17857142857142858,634.0357142857142,0.24137931034482757,501.7241379310345
talladega_tornadoes,52.5,0.448464912,23.5,16.5,0.322222222,5.5,16.0,0.7166666665,12.0,19.0,2.5,8.0,16.5,0.0,19.5,10.0,0.0,22.5,75.5,94.5,5.0,,,,,,0.0,
tarleton_state_texans,38.82142857142858,0.4460118206785714,17.42857142857143,16.714285714285715,0.30904462003571426,5.178571428571428,16.17857142857143,0.6847056085714286,10.928571428571429,12.75,4.428571428571428,8.392857142857142,16.785714285714285,0.9642857142857143,25.71428571428571,10.892857142857144,0.25,15.0,61.32142857142858,59.214285714285715,14.857142857142856,5.0,4.2592592592592595,755.5833333333333,0.0,794.0952380952381,-0.07142857142857142,962.4615384615385
taylor_trojans,33.0,0.454545455,15.0,26.0,0.269230769,7.0,12.0,0.833333333,10.0,13.0,3.0,6.0,23.0,1.0,32.0,13.0,0.0,10.0,61.0,72.0,5.0,,,,,,0.0,
tcu_horned_frogs,38.75,0.4184053825357143,16.17857142857143,19.32142857142857,0.2841328771428571,5.357142857142858,17.214285714285715,0.6829236385357144,11.892857142857144,13.214285714285715,2.5,6.75,16.892857142857142,0.46428571428571425,25.75,9.142857142857144,0.07142857142857142,18.42857142857143,60.32142857142858,73.42857142857143,5.035714285714286,10.0,4.481481481481482,2278.892857142857,-0.10714285714285715,608.5925925925925,0.14285714285714285,423.5714285714286
temple_owls,42.10714285714286,0.42948114235714285,18.0,15.178571428571429,0.2430017966785714,3.678571428571429,17.71428571428571,0.7143013188571429,12.678571428571429,12.857142857142856,3.892857142857143,7.607142857142858,17.82142857142857,0.9642857142857143,25.642857142857142,13.035714285714285,0.10714285714285715,18.25,59.714285714285715,61.42857142857142,8.964285714285715,5.0,4.407407407407407,1103.1538461538462,-0.03571428571428571,927.4444444444445,-0.03571428571428571,689.8571428571428
tennessee_lady_volunteers,49.12903225806452,0.45145628361290324,22.032258064516128,14.451612903225806,0.29801120580645163,4.387096774193548,19.838709677419356,0.6351818318709677,12.709677419354838,14.64516129032258,5.967741935483871,6.290322580645161,17.193548387096776,0.5161290322580645,31.612903225806452,16.322580645161292,0.06451612903225806,15.516129032258064,69.93548387096774,60.193548387096776,17.032258064516128,5.0,3.833333333333333,6886.137931034483,-0.22580645161290322,565.9333333333334,0.16129032258064516,397.9032258064516
tennessee_southern_firehawks,49.0,0.3098532495,15.0,18.5,0.12267080699999995,2.5,7.5,0.8500000000000001,6.5,8.5,2.5,5.0,18.5,1.5,24.0,18.5,0.0,12.0,44.0,70.5,5.5,,,,,,0.0,
tennessee_state_lady_tigers,44.8,0.45034677116666666,20.333333333333336,15.2,0.2636905007,3.8,15.766666666666666,0.7128109273666666,11.233333333333334,11.666666666666668,3.4000000000000004,12.100000000000001,19.333333333333336,0.7333333333333334,20.299999999999997,11.966666666666667,0.23333333333333334,20.333333333333336,63.3,69.03333333333333,8.366666666666667,5.0,3.827586206896552,639.3571428571428,0.0,324.41379310344826,-0.13333333333333333,190.66666666666669
tennessee_tech_golden_eagles,34.8,0.4877582588333333,16.866666666666667,18.6,0.31767104290000003,5.866666666666667,20.700000000000003,0.7059628519333334,14.566666666666666,14.266666666666666,3.466666666666667,6.7333333333333325,15.0,0.8,24.4,12.033333333333333,0.0,14.633333333333333,65.9,61.0,13.600000000000001,5.0,4.0,1031.5,0.07142857142857142,400.61538461538464,-0.06666666666666667,328.9642857142857
tennessee_wesleyan_bulldogs,31.5,0.361111111,11.0,21.5,0.18506493499999999,4.0,9.0,0.625,5.0,6.0,2.5,5.5,16.0,2.0,19.0,3.5,0.0,11.0,39.0,85.0,0.0,,,,,,0.0,
texas_am_aggies,44.37931034482759,0.4298892914827587,18.75862068965517,17.0,0.3661754430344828,6.310344827586207,17.96551724137931,0.7297408143793104,12.89655172413793,13.89655172413793,4.068965517241379,5.862068965517241,15.068965517241379,0.3103448275862069,26.82758620689655,12.379310344827585,0.06896551724137931,18.17241379310345,69.3448275862069,67.44827586206897,14.862068965517242,8.333333333333334,4.035714285714286,3922.035714285714,-0.10344827586206896,765.9642857142858,0.24137931034482757,693.0
texas_am_corpus_christi_islanders,43.86206896551724,0.4456891504827586,19.551724137931036,12.89655172413793,0.23588737103448276,3.2413793103448274,20.96551724137931,0.7081411249999999,14.758620689655173,14.827586206896552,3.2413793103448274,10.241379310344827,17.89655172413793,0.41379310344827586,26.482758620689655,13.655172413793103,0.0,17.448275862068964,63.58620689655172,57.44827586206897,15.10344827586207,5.0,4.392857142857142,687.12,-0.03846153846153846,351.6818181818182,-0.06896551724137931,324.4615384615385
texas_am_international_dustdevils,44.0,0.454545455,20.0,17.0,0.352941176,6.0,16.0,0.625,10.0,11.0,1.0,12.0,20.0,1.0,26.0,13.0,0.0,10.0,68.0,55.0,15.0,,,,,,0.0,
texas_am_kingsville_javelinas,27.0,0.407407407,11.0,29.0,0.310344828,9.0,13.0,0.692307692,9.0,10.0,4.0,0.0,12.0,0.0,22.0,11.0,0.0,22.0,58.0,84.0,0.0,,,,,,0.0,
texas_am_texarkana_eagles,42.0,0.428571429,18.0,13.0,0.230769231,3.0,13.0,0.846153846,11.0,13.0,4.0,8.0,25.0,1.0,27.0,7.0,2.0,21.0,56.0,71.0,3.0,,,,,,0.0,
texas_college_steers,26.0,0.153846154,4.0,29.0,0.24137931,7.0,13.0,0.615384615,8.0,4.0,0.0,8.0,12.0,2.0,11.0,5.0,2.0,14.0,37.0,105.0,3.0,,,,,,0.0,
texas_longhorns,48.40625,0.45398644390625,22.0,13.53125,0.3445851964375,4.84375,20.15625,0.7052739528125,14.09375,12.71875,3.59375,10.03125,14.375,0.5,22.96875,14.28125,0.03125,18.53125,72.625,56.65625,21.125,5.0,4.0,4070.333333333333,0.0,905.9354838709677,0.0625,579.59375
texas_lutheran_bulldogs,31.0,0.451612903,14.0,21.0,0.238095238,5.0,17.0,0.411764706,7.0,13.0,2.0,7.0,15.0,1.0,16.0,9.0,0.0,28.0,50.0,65.0,6.0,,,,,,0.0,
texas_southern_tigers,42.2,0.44065862112,18.32,18.720000000000002,0.29997400072,5.800000000000001,21.0,0.67360917572,14.600000000000001,11.72,4.36,9.4,21.799999999999997,0.76,24.96,11.84,0.24000000000000002,18.08,68.64,76.36,8.360000000000001,5.0,5.041666666666667,1713.75,0.0,803.4583333333333,-0.32,548.8
texas_state_bobcats,40.5,0.47778474385714287,19.46428571428571,18.53571428571429,0.3172352989642857,5.857142857142858,17.214285714285715,0.7165970953214286,11.857142857142856,16.57142857142857,2.321428571428571,8.142857142857142,16.964285714285715,0.5357142857142857,26.03571428571429,11.357142857142856,0.14285714285714285,16.892857142857142,68.35714285714286,65.21428571428572,14.25,10.0,4.2592592592592595,1063.5454545454545,0.0,752.7619047619047,-0.17857142857142858,531.36
texas_tech_lady_raiders,43.61538461538461,0.4649322225,20.230769230769234,13.076923076923078,0.36501401761538466,4.769230769230769,17.923076923076923,0.7214561908076923,13.038461538461538,12.807692307692308,3.2692307692307696,6.269230769230769,16.192307692307693,0.9230769230769231,25.692307692307693,10.884615384615383,0.07692307692307693,17.384615384615383,67.8076923076923,68.38461538461539,9.461538461538462,5.0,4.76,3967.8695652173915,0.0,609.9599999999999,0.15384615384615385,376.61538461538464
texas_wesleyan_rams,39.0,0.256410256,10.0,22.0,0.181818182,4.0,17.0,0.647058824,11.0,6.0,0.0,10.0,23.0,2.0,24.0,15.0,0.0,18.0,43.0,69.0,4.0,,,,,,0.0,
thomas_ga_night_hawks,31.0,0.290322581,9.0,11.0,0.181818182,2.0,13.0,0.538461538,7.0,4.0,3.0,3.0,43.0,0.0,26.0,5.0,0.0,26.0,31.0,100.0,0.0,,,,,,0.0,
toledo_rockets,38.7,0.5058695933,19.46666666666667,21.366666666666667,0.3154792575,6.7333333333333325,17.866666666666667,0.7342416346,13.233333333333334,14.3,3.2,6.2333333333333325,12.733333333333334,0.4666666666666667,29.5,11.8,0.06666666666666667,15.866666666666667,72.36666666666667,60.099999999999994,17.133333333333333,5.0,4.206896551724138,1964.037037037037,-0.13333333333333333,372.8965517241379,0.0,304.6333333333333
tougaloo_bulldogs,36.0,0.305555556,11.0,21.0,0.238095238,5.0,10.0,0.7,7.0,11.0,0.0,6.0,18.0,1.0,23.0,12.0,0.0,20.0,44.0,63.0,0.0,,,,,,0.0,
towson_tigers,45.3,0.4396998163333333,19.96666666666667,22.166666666666664,0.325240271,7.033333333333333,19.133333333333333,0.7039187431333332,13.433333333333334,13.733333333333334,4.666666666666666,8.166666666666666,14.266666666666666,0.3666666666666667,29.166666666666664,15.733333333333334,0.6333333333333333,15.733333333333334,74.46666666666667,61.06666666666666,19.566666666666666,,4.241379310344827,835.5714285714286,0.0,240.57692307692307,0.0,204.10714285714286
transylvania_pioneers,25.0,0.4,10.0,32.0,0.21875,7.0,14.0,0.714285714,10.0,8.0,1.0,6.0,22.0,0.0,26.0,10.0,0.0,16.0,51.0,74.0,0.0,,,,,,0.0,
trinity_baptist_eagles,29.0,0.172413793,5.0,15.0,0.2,3.0,22.0,0.545454545,12.0,4.0,1.0,5.0,37.0,3.0,16.0,8.0,0.0,19.0,31.0,126.0,0.0,,,,,,0.0,
troy_trojans,53.87096774193548,0.4275430776129032,23.0,19.806451612903224,0.25995974177419356,5.32258064516129,23.548387096774192,0.725472852548387,17.322580645161292,14.870967741935484,4.870967741935484,10.741935483870968,16.870967741935484,0.12903225806451613,32.096774193548384,18.93548387096774,0.3225806451612903,19.096774193548388,79.29032258064517,68.12903225806451,18.06451612903226,,3.9333333333333336,1230.0714285714284,-0.03448275862068965,426.4074074074074,-0.06451612903225806,327.7241379310345
tulane_green_wave,40.85714285714286,0.4553875537142857,18.57142857142857,20.78571428571429,0.30198194189285715,6.25,20.42857142857143,0.7514837881071428,15.25,15.285714285714285,3.892857142857143,6.535714285714286,15.071428571428571,0.8928571428571428,28.82142857142857,14.142857142857144,0.2142857142857143,14.607142857142856,71.14285714285715,66.0,12.035714285714285,6.666666666666667,4.407407407407407,1019.6923076923077,-0.03571428571428571,670.8148148148148,0.07142857142857142,502.4642857142857
tulsa_golden_hurricane,36.65384615384615,0.44858610369230767,16.653846153846153,23.692307692307693,0.3648721992692308,8.5,12.884615384615383,0.7430654815,9.653846153846153,15.307692307692308,3.4615384615384617,8.615384615384615,12.26923076923077,0.5,23.423076923076923,10.0,0.15384615384615385,16.307692307692307,68.46153846153847,63.65384615384615,16.53846153846154,5.0,4.680000000000001,1113.7826086956522,0.04,647.304347826087,0.11538461538461539,492.79999999999995
uab_blazers,37.42857142857142,0.47913824374999997,17.96428571428571,18.892857142857142,0.3035724545357143,5.571428571428572,18.71428571428571,0.7694282692857143,14.107142857142856,12.821428571428571,3.714285714285714,5.214285714285714,16.32142857142857,0.8214285714285715,28.21428571428571,12.142857142857144,0.07142857142857142,17.142857142857142,66.75,64.03571428571428,11.142857142857144,5.0,4.444444444444445,683.4545454545455,0.0,614.423076923077,0.03571428571428571,583.7407407407408
ualbany_great_danes,34.354838709677416,0.44530923506451614,15.258064516129032,17.93548387096774,0.3394265090322581,6.064516129032258,12.870967741935484,0.6481678025806451,8.580645161290322,12.870967741935484,3.6451612903225805,8.161290322580646,16.64516129032258,1.4516129032258065,23.419354838709676,12.258064516129032,0.0,13.387096774193548,57.29032258064516,48.483870967741936,14.709677419354838,,4.033333333333333,864.2333333333333,0.0,296.5714285714286,0.06451612903225806,156.36666666666667
uc_davis_aggies,29.74074074074074,0.47600026414814817,14.185185185185185,24.14814814814815,0.33054725203703705,7.962962962962963,13.703703703703704,0.6814532202592593,9.62962962962963,14.592592592592593,3.4074074074074074,5.629629629629629,16.185185185185183,0.48148148148148145,29.25925925925926,9.259259259259258,0.0,14.296296296296296,61.88888888888889,58.55555555555556,13.703703703703704,5.0,4.6923076923076925,922.4761904761905,0.0,615.7826086956521,0.0,406.36
uc_irvine_anteaters,38.84375,0.4274517213125,16.78125,22.125,0.30954416165625,6.78125,17.28125,0.75708283746875,13.125,12.25,3.15625,9.40625,13.8125,0.53125,24.6875,13.28125,0.0,17.21875,67.03125,60.8125,13.8125,5.0,3.967741935483871,377.30769230769226,0.0,443.73333333333335,0.125,268.7096774193548
uc_merced_bobcats,30.333333333333332,0.32041981799999997,9.333333333333334,23.0,0.24674345266666664,5.333333333333333,11.0,0.4714285713333333,6.0,9.0,0.3333333333333333,5.333333333333333,22.0,2.0,19.333333333333332,11.333333333333334,0.0,15.0,40.666666666666664,82.66666666666667,0.6666666666666666,,,,,,0.0,
uc_riverside_highlanders,39.88,0.4076010726,16.0,18.2,0.29724252355999997,5.4399999999999995,16.6,0.74132136448,12.360000000000001,9.44,2.0,8.120000000000001,13.8,0.56,26.52,9.72,0.04,16.12,60.68,57.559999999999995,12.120000000000001,,5.083333333333333,433.2941176470588,0.0,708.5,-0.28,547.7391304347826
uc_san_diego_tritons,34.81481481481482,0.41486190651851856,14.407407407407407,24.85185185185185,0.31269118374074073,8.0,11.148148148148149,0.7369259546666667,8.037037037037036,14.037037037037036,3.925925925925926,5.7407407407407405,14.851851851851851,0.4444444444444445,28.666666666666664,10.407407407407407,0.0,16.333333333333332,60.851851851851855,59.96296296296297,12.296296296296296,5.0,4.384615384615385,498.8666666666667,-0.23076923076923078,493.04166666666663,0.037037037037037035,752.6153846153846
uc_santa_barbara_gauchos,34.69230769230769,0.4563999053076923,15.923076923076922,19.03846153846154,0.28460027615384614,5.423076923076923,17.884615384615383,0.7269679200384616,12.923076923076922,13.153846153846153,2.5384615384615383,6.923076923076923,15.923076923076922,0.6923076923076924,26.653846153846157,10.423076923076922,0.0,14.807692307692308,61.03846153846153,56.92307692307692,13.73076923076923,5.0,4.8,411.4,0.0,801.4782608695651,-0.11538461538461539,419.76
ucf_knights,44.44444444444444,0.43811345948148145,19.25925925925926,11.296296296296296,0.30736599766666667,3.555555555555556,16.11111111111111,0.7019034133703704,11.481481481481481,13.592592592592593,3.444444444444444,11.259259259259258,15.703703703703704,1.0,23.666666666666664,13.740740740740742,0.037037037037037035,13.666666666666668,60.66666666666667,47.48148148148148,16.444444444444446,,4.653846153846154,1899.2916666666665,-0.2692307692307692,917.923076923077,0.07407407407407407,694.5185185185185
ucla_bruins,41.559999999999995,0.4364477094,18.04,18.52,0.33703604060000003,6.12,14.879999999999999,0.7478974716800001,11.52,13.76,2.88,6.12,13.2,0.64,24.919999999999998,11.959999999999999,0.2,17.0,65.96000000000001,61.36,13.52,,4.375,2179.777777777778,0.28,930.7916666666667,0.12000000000000001,943.0
uconn_huskies,39.56666666666666,0.5711009545,22.4,20.5,0.3377067856,7.0,12.866666666666667,0.7034959141333333,8.966666666666665,18.833333333333336,4.7333333333333325,9.3,14.133333333333333,0.5666666666666667,27.766666666666666,10.899999999999999,0.03333333333333333,13.566666666666666,74.76666666666668,54.16666666666667,26.733333333333334,,3.896551724137931,5937.518518518518,-0.2,925.1724137931035,0.06666666666666667,637.8666666666666
uic_flames,36.07692307692308,0.4050710342692308,14.5,14.538461538461538,0.26636302576923077,3.846153846153846,19.615384615384617,0.646472398,12.73076923076923,9.961538461538462,2.923076923076923,8.538461538461538,17.96153846153846,0.9615384615384615,20.230769230769234,8.461538461538462,0.11538461538461539,18.153846153846153,53.26923076923077,68.03846153846153,3.153846153846154,5.0,4.319999999999999,534.48,0.0,240.12,0.0,191.80769230769232
ul_monroe_warhawks,47.57692307692308,0.3939058776153846,18.53846153846154,11.461538461538462,0.24877993423076922,3.0384615384615383,18.807692307692307,0.6796172361538461,12.423076923076922,10.26923076923077,2.8846153846153846,8.615384615384615,17.923076923076923,0.9615384615384615,23.0,13.307692307692308,0.19230769230769232,19.115384615384617,58.61538461538461,69.96153846153847,5.769230769230769,5.0,4.36,799.7894736842105,-0.043478260869565216,307.0,0.19230769230769232,215.73913043478262
umass_lowell_river_hawks,37.69230769230769,0.40745371996153845,15.153846153846153,15.73076923076923,0.3323473694615385,5.307692307692308,14.346153846153847,0.6705611427307693,9.73076923076923,10.384615384615383,2.7692307692307696,7.307692307692308,18.115384615384617,1.0,22.153846153846157,11.0,0.4230769230769231,17.076923076923077,55.96153846153847,60.96153846153847,7.538461538461539,,4.64,588.44,0.0,450.15999999999997,-0.11538461538461539,247.96153846153845
umbc_retrievers,40.23076923076923,0.3905136485,15.653846153846153,13.807692307692308,0.3089571792692308,4.269230769230769,13.423076923076922,0.7184606107692308,10.0,9.615384615384617,0.9230769230769231,7.730769230769231,16.692307692307693,1.1538461538461537,21.153846153846157,10.961538461538462,0.0,14.884615384615383,54.11538461538461,65.34615384615384,5.269230769230769,,4.52,521.84,0.0,312.6666666666667,-0.2692307692307692,276.92
unc_asheville_bulldogs,41.21875,0.44501100046875003,18.375,18.6875,0.269045959875,4.90625,15.03125,0.67670693296875,10.0625,10.71875,1.09375,7.4375,15.25,0.53125,24.28125,11.0625,0.15625,17.21875,61.53125,66.40625,8.84375,5.0,3.741935483870968,512.4074074074074,0.0,222.74074074074073,-0.15625,139.89999999999998
unc_greensboro_spartans,39.92307692307692,0.4274810526923077,17.076923076923077,15.423076923076922,0.2542087745769231,4.0,14.423076923076922,0.5937287557692308,8.615384615384615,9.576923076923078,3.2307692307692304,6.769230769230769,17.0,0.8076923076923076,25.03846153846154,12.73076923076923,0.0,14.961538461538462,54.76923076923077,55.42307692307692,10.26923076923077,5.0,4.5600000000000005,339.5217391304348,0.04,207.43478260869566,-0.03846153846153846,162.23999999999998
unc_pembroke_braves,40.0,0.475,19.0,18.0,0.333333333,6.0,13.0,0.692307692,9.0,17.0,1.0,5.0,12.0,2.0,35.0,7.0,0.0,18.0,65.0,45.0,20.0,,,,,,0.0,
unc_wilmington_seahawks,39.51851851851852,0.3917389292592593,15.407407407407407,14.925925925925926,0.3064166117037037,4.555555555555555,12.88888888888889,0.7087798004444444,9.407407407407407,10.11111111111111,2.074074074074074,7.037037037037037,17.444444444444446,1.222222222222222,20.40740740740741,11.037037037037036,0.037037037037037035,17.296296296296298,53.88888888888889,68.29629629629629,3.074074074074074,5.0,4.615384615384615,816.3846153846155,0.0,281.84000000000003,-0.037037037037037035,239.26923076923075
union_ky_bulldogs,37.0,0.405405405,15.0,23.0,0.173913043,4.0,13.0,0.846153846,11.0,12.0,3.0,3.0,37.0,0.0,19.0,19.0,0.0,28.0,53.0,120.0,0.0,,,,,,0.0,
union_ny_garnet_chargers,40.0,0.225,9.0,14.0,0.214285714,3.0,11.0,0.909090909,10.0,7.0,3.0,2.0,19.0,1.0,20.0,9.0,0.0,13.0,37.0,88.0,1.0,,,,,,0.0,
university_of_health_sciences_pharmacy_eutectics,26.0,0.423076923,11.0,19.0,0.210526316,4.0,18.0,0.611111111,11.0,9.0,0.0,5.0,20.0,2.0,25.0,6.0,0.0,16.0,45.0,68.0,0.0,,,,,,0.0,
university_of_science_and_arts_drovers,46.0,0.3388009046666667,16.0,15.333333333333334,0.22592592599999997,3.333333333333333,15.0,0.551010101,10.333333333333334,9.333333333333334,3.6666666666666665,10.333333333333334,22.333333333333332,0.6666666666666666,25.333333333333332,11.0,0.0,21.333333333333332,52.333333333333336,84.66666666666667,2.333333333333333,,,,,,0.0,
university_of_the_ozarks_eagles,38.0,0.447368421,17.0,18.0,0.111111111,2.0,11.0,0.818181818,9.0,11.0,2.0,4.0,31.0,0.0,28.0,7.0,0.0,14.0,49.0,95.0,0.0,,,,,,0.0,
university_of_the_southwest_mustangs,38.0,0.289473684,11.0,18.0,0.222222222,4.0,15.0,0.6,9.0,5.0,0.0,3.0,18.0,0.0,16.0,5.0,0.0,16.0,43.0,99.0,0.0,,,,,,0.0,
unlv_lady_rebels,42.59375,0.49686722099999997,21.0,18.25,0.35902957303125,6.53125,18.875,0.730887773375,13.96875,15.15625,2.03125,6.96875,14.125,0.28125,28.4375,11.8125,0.28125,13.96875,75.5625,64.46875,16.375,,3.870967741935484,952.7037037037037,0.0,486.7096774193548,0.1875,344.1875
unt_dallas_trailblazers,34.0,0.323529412,11.0,21.0,0.285714286,6.0,12.0,0.583333333,7.0,7.0,2.0,1.0,19.0,0.0,19.0,12.0,0.0,13.0,47.0,92.0,1.0,,,,,,0.0,
upper_iowa_peacocks,38.0,0.289473684,11.0,23.0,0.304347826,7.0,13.0,0.769230769,10.0,12.0,0.0,4.0,14.0,0.0,26.0,12.0,0.0,23.0,53.0,83.0,0.0,,,,,,0.0,
ursinus_bears,20.0,0.15,3.0,25.0,0.24,6.0,8.0,0.625,5.0,9.0,1.0,5.0,27.0,3.0,18.0,5.0,0.0,4.0,29.0,89.0,0.0,,,,,,0.0,
usc_trojans,42.692307692307686,0.421185776,18.076923076923077,15.346153846153847,0.3248027645,5.076923076923077,17.576923076923077,0.7615553695384616,13.346153846153847,14.076923076923078,6.5,7.192307692307692,15.961538461538462,0.8076923076923076,27.230769230769234,11.76923076923077,0.15384615384615385,16.653846153846153,64.73076923076923,64.3076923076923,11.923076923076922,5.0,4.4399999999999995,1534.1904761904761,-0.16,948.4000000000001,0.2692307692307692,656.8846153846155
ut_arlington_mavericks,45.851851851851855,0.4765854725185185,21.77777777777778,14.333333333333332,0.2721063611481481,3.962962962962963,20.88888888888889,0.6906067266296296,14.518518518518519,15.555555555555555,3.555555555555556,7.925925925925926,14.11111111111111,0.4074074074074074,27.074074074074076,10.740740740740742,0.07407407407407407,16.40740740740741,69.96296296296296,66.03703703703704,13.333333333333332,5.0,4.461538461538462,978.3703703703704,-0.07407407407407407,561.2307692307693,0.037037037037037035,504.51851851851853
ut_martin_skyhawks,31.333333333333336,0.43308394263333333,13.433333333333334,17.1,0.3304047438,5.7333333333333325,15.166666666666668,0.7667892450333333,11.566666666666666,10.566666666666666,1.7000000000000002,9.133333333333333,14.866666666666667,1.2000000000000002,21.6,6.433333333333334,0.0,15.600000000000001,55.63333333333334,58.06666666666666,8.266666666666666,,3.793103448275862,1144.9259259259259,-0.1,536.3103448275863,0.06666666666666667,443.73333333333335
ut_rio_grande_valley_vaqueros,32.57575757575757,0.4527232133333334,14.696969696969697,24.606060606060606,0.2970968547878788,7.3939393939393945,13.272727272727272,0.7036281300909091,9.303030303030303,13.666666666666668,2.7272727272727275,8.03030303030303,18.212121212121215,0.6060606060606061,25.03030303030303,11.212121212121211,0.06060606060606061,18.151515151515152,60.87878787878788,65.42424242424242,7.757575757575758,5.0,3.78125,637.1034482758621,-0.15625,845.125,0.0,675.0606060606061
utah_state_aggies,41.266666666666666,0.4390438199666667,18.166666666666664,22.133333333333333,0.29044670959999996,6.566666666666666,17.200000000000003,0.7200186035,12.566666666666666,14.2,3.166666666666667,7.0,16.700000000000003,0.3666666666666667,26.666666666666664,12.433333333333334,0.13333333333333333,15.266666666666666,68.6,76.43333333333334,5.433333333333334,7.5,4.068965517241379,891.1851851851852,0.0,781.7142857142858,-0.06666666666666667,500.0344827586207
utah_tech_trailblazers,28.20689655172414,0.49787613968965516,14.172413793103448,30.413793103448274,0.32841134648275866,10.0,12.379310344827585,0.7007554044827585,8.620689655172415,14.206896551724137,2.7586206896551726,5.586206896551724,16.448275862068964,0.8620689655172414,29.96551724137931,7.206896551724138,0.03448275862068965,15.482758620689655,66.96551724137932,72.3103448275862,9.03448275862069,10.0,4.142857142857142,931.36,0.0,666.0454545454545,-0.03448275862068965,1063.7692307692307
utah_utes,33.516129032258064,0.49486392712903227,16.64516129032258,26.612903225806452,0.3465925947741936,9.387096774193548,18.64516129032258,0.7848529105806452,14.580645161290322,15.258064516129032,2.806451612903226,6.838709677419355,14.838709677419354,0.9032258064516129,25.580645161290324,13.35483870967742,0.3225806451612903,16.580645161290324,76.03225806451613,67.87096774193549,17.774193548387096,5.0,3.8666666666666663,2560.2758620689656,-0.14285714285714285,677.5666666666666,0.16129032258064516,1422.2857142857142
utah_valley_wolverines,37.645161290322584,0.48469101141935483,18.129032258064516,18.258064516129032,0.3033446691612903,5.451612903225806,13.709677419354838,0.7957668176129032,10.774193548387096,15.129032258064516,2.5806451612903225,5.774193548387097,15.161290322580646,0.6451612903225806,27.870967741935484,10.64516129032258,0.0967741935483871,15.32258064516129,63.38709677419355,60.193548387096776,13.225806451612904,10.0,4.066666666666666,774.76,-0.12000000000000001,637.1851851851852,-0.0967741935483871,510.44827586206895
utep_miners,38.39285714285714,0.4444764773928571,17.07142857142857,18.71428571428571,0.2938926778214286,5.5,20.82142857142857,0.7077686032142857,14.857142857142856,11.928571428571429,1.892857142857143,7.607142857142858,16.82142857142857,0.3214285714285714,22.5,13.464285714285715,0.07142857142857142,18.07142857142857,65.5,65.64285714285714,10.285714285714285,6.25,4.222222222222222,1015.7083333333333,-0.03571428571428571,770.2592592592592,0.07142857142857142,650.9642857142858
utsa_roadrunners,44.58620689655172,0.3677310349310345,16.137931034482758,14.206896551724137,0.22887291910344829,3.310344827586207,17.724137931034484,0.6521998034482759,11.586206896551724,9.724137931034482,3.0689655172413794,8.0,20.137931034482758,1.103448275862069,26.17241379310345,15.620689655172415,0.20689655172413793,21.344827586206897,53.79310344827586,66.0,4.655172413793104,5.0,4.285714285714286,892.4000000000001,0.0,701.2142857142858,-0.03448275862068965,540.8275862068965
valley_forge_patriots,36.0,0.138888889,5.0,14.0,0.071428571,1.0,4.0,0.5,2.0,1.0,3.0,4.0,26.0,3.0,16.0,4.0,0.0,15.0,15.0,102.0,0.0,,,,,,0.0,
valparaiso_beacons,25.766666666666666,0.4907294403333334,12.8,24.333333333333336,0.32735173939999995,8.033333333333333,13.833333333333332,0.7492719942,10.366666666666667,11.866666666666667,2.8,7.699999999999999,15.899999999999999,1.7000000000000002,23.166666666666664,5.199999999999999,0.03333333333333333,16.799999999999997,60.06666666666666,67.23333333333332,6.166666666666666,5.0,4.172413793103448,718.5172413793103,0.0,293.51724137931035,-0.1,199.0
vanderbilt_commodores,41.9375,0.43106471728125,18.09375,17.3125,0.31294535071875,5.4375,14.96875,0.66824825028125,10.21875,13.03125,1.875,10.71875,17.03125,0.8125,21.84375,13.75,0.09375,16.375,62.71875,62.53125,12.59375,5.0,3.6774193548387095,3024.0,-0.09375,564.258064516129,0.15625,461.3125
vcu_rams,39.95652173913044,0.40999028521739134,16.304347826086957,17.695652173913043,0.334120747173913,5.782608695652175,16.130434782608695,0.675137211173913,11.0,9.695652173913043,3.3913043478260874,7.695652173913043,12.43478260869565,0.6086956521739131,23.82608695652174,12.17391304347826,0.0,14.82608695652174,60.95652173913044,58.47826086956522,10.434782608695652,5.0,5.136363636363637,763.0454545454546,0.0,341.6818181818182,0.2608695652173913,175.73913043478262
vermont_catamounts,37.93333333333334,0.4626106554666667,17.666666666666664,17.6,0.3217965307,5.633333333333333,13.233333333333334,0.7388320911333334,9.733333333333334,14.166666666666668,4.2666666666666675,7.2333333333333325,14.100000000000001,0.8333333333333333,24.1,9.600000000000001,0.0,13.933333333333334,61.96666666666667,55.0,15.3,5.0,4.1034482758620685,597.8333333333333,0.0,255.6896551724138,0.1,163.53333333333336
villanova_wildcats,35.0,0.46968103633333336,16.5,23.633333333333333,0.30443077046666667,7.2333333333333325,14.166666666666668,0.7654827552333334,10.866666666666667,15.333333333333332,3.6333333333333333,7.566666666666666,12.833333333333332,0.6666666666666667,25.066666666666666,10.133333333333333,0.0,14.600000000000001,65.56666666666666,60.83333333333333,13.766666666666666,5.0,4.0344827586206895,1569.75,0.0,356.7586206896552,-0.03333333333333333,275.66666666666663
virginia_cavaliers,40.81481481481482,0.407994619,16.666666666666668,14.777777777777777,0.27499185762962963,3.8518518518518516,16.037037037037038,0.636828707,10.148148148148149,11.444444444444445,4.0,7.222222222222222,18.666666666666664,0.7407407407407407,22.74074074074074,12.333333333333332,0.22222222222222224,19.37037037037037,55.03703703703703,65.48148148148148,5.703703703703703,,4.346153846153846,1798.2222222222222,0.0,540.3076923076923,0.07407407407407407,417.55555555555554
virginia_tech_hokies,32.6875,0.5006013082499999,16.3125,23.65625,0.36267023515625,8.59375,15.9375,0.7448936124375,12.09375,14.28125,3.5,4.46875,12.875,0.34375,27.375,9.03125,0.03125,14.3125,70.5,57.625,19.9375,5.0,3.741935483870968,2054.142857142857,0.06666666666666667,462.6774193548387,0.03125,341.34375
wagner_seahawks,43.89655172413793,0.4309374707586207,18.862068965517242,12.96551724137931,0.30151215113793106,3.9310344827586206,16.24137931034483,0.6973548927586206,11.068965517241379,13.206896551724137,3.3448275862068964,9.03448275862069,16.344827586206897,0.48275862068965514,22.82758620689655,11.586206896551724,0.20689655172413793,18.310344827586206,60.58620689655172,58.20689655172414,11.758620689655173,,4.321428571428571,418.55172413793105,0.0,138.14285714285714,-0.03448275862068965,77.89655172413794
wake_forest_demon_deacons,41.96666666666667,0.42455511036666665,17.9,18.333333333333336,0.32320074346666666,6.033333333333333,16.1,0.6817401615862069,11.100000000000001,10.733333333333334,2.9333333333333336,6.633333333333333,15.133333333333333,0.5333333333333334,26.0,12.233333333333334,0.03333333333333333,16.5,65.0,63.3,12.8,5.0,3.827586206896552,1782.7857142857144,0.0,294.44827586206895,0.26666666666666666,168.66666666666669
warner_pacific_knights,35.333333333333336,0.45232843133333334,16.0,22.0,0.201674718,4.666666666666667,6.333333333333333,0.7238095236666666,4.666666666666667,12.666666666666666,1.0,8.333333333333334,25.0,1.0,21.333333333333332,11.333333333333334,0.0,13.0,50.666666666666664,82.33333333333333,1.3333333333333333,,,,,,0.0,
warner_university_royals,34.666666666666664,0.31277360833333334,11.0,16.0,0.29131652666666663,4.666666666666667,15.666666666666666,0.6928904426666667,10.666666666666666,7.333333333333333,2.0,3.333333333333333,26.0,1.6666666666666667,23.666666666666668,8.666666666666666,0.0,12.0,46.666666666666664,85.33333333333333,2.6666666666666665,,,,,,0.0,
warren_wilson_owls,41.0,0.219512195,9.0,19.0,0.210526316,4.0,11.0,0.545454545,6.0,7.0,1.0,6.0,24.0,0.0,15.0,9.0,0.0,19.0,36.0,100.0,0.0,,,,,,0.0,
washington_adventist_shock,35.0,0.285714286,10.0,6.0,0.333333333,2.0,17.0,0.470588235,8.0,10.0,4.0,2.0,40.0,0.0,33.0,14.0,0.0,17.0,34.0,73.0,0.0,,,,,,0.0,
washington_huskies,36.833333333333336,0.4508633397222222,16.61111111111111,15.444444444444445,0.35724867855555553,5.611111111111112,13.11111111111111,0.6902973865555555,9.166666666666666,13.055555555555555,4.111111111111112,6.555555555555555,18.22222222222222,1.5555555555555556,26.11111111111111,10.11111111111111,0.0,13.333333333333334,59.22222222222222,62.22222222222222,9.333333333333334,5.0,6.470588235294118,1711.6,-0.058823529411764705,527.5882352941176,0.05555555555555556,546.3888888888889
washington_state_cougars,36.79310344827586,0.42502231972413795,15.724137931034482,21.586206896551726,0.3326508353448276,6.931034482758621,11.89655172413793,0.6955774210689656,8.517241379310345,13.344827586206897,4.172413793103448,7.8965517241379315,13.89655172413793,0.41379310344827586,23.89655172413793,11.172413793103448,0.1724137931034483,15.551724137931036,60.75862068965517,60.3448275862069,11.448275862068964,5.0,4.071428571428571,1632.76,-0.03571428571428571,975.7142857142858,0.0,838.2068965517242
webber_international_warriors,39.5,0.361325611,14.5,19.5,0.156417112,3.0,19.0,0.6704545454999999,12.5,5.0,3.5,9.0,23.0,0.0,21.5,8.5,0.0,18.5,50.5,80.5,2.5,,,,,,0.0,
weber_state_wildcats,41.096774193548384,0.436484389516129,17.967741935483872,14.290322580645162,0.28986508716129034,4.129032258064516,20.806451612903224,0.7596287389354839,15.709677419354838,11.258064516129032,2.903225806451613,8.03225806451613,17.35483870967742,0.5483870967741935,26.483870967741936,10.548387096774194,0.1935483870967742,18.774193548387096,64.03225806451613,66.90322580645162,9.129032258064516,5.0,3.966666666666667,645.6551724137931,0.03225806451612903,566.5,0.03225806451612903,354.80645161290323
wesleyan_college_ga_wolves,23.0,0.347826087,8.0,16.0,0.3125,5.0,13.0,0.615384615,8.0,7.0,2.0,3.0,44.0,3.0,16.0,4.0,0.0,9.0,39.0,116.0,0.0,,,,,,0.0,
west_chester_golden_rams,42.0,0.214285714,9.0,17.0,0.235294118,4.0,4.0,0.25,1.0,9.0,3.0,8.0,20.0,0.0,26.0,8.0,0.0,16.0,31.0,64.0,0.0,,,,,,0.0,
west_virginia_mountaineers,47.0,0.43471876025,20.357142857142858,15.357142857142856,0.3246113169285714,4.714285714285714,16.82142857142857,0.7054918263214286,12.035714285714285,14.857142857142856,4.857142857142858,9.285714285714285,17.035714285714285,0.5357142857142857,25.07142857142857,12.607142857142856,0.17857142857142858,20.107142857142858,66.89285714285714,65.75,13.25,8.333333333333334,4.2592592592592595,2461.8,-0.03571428571428571,1054.6666666666667,0.07142857142857142,739.2142857142858
westcliff_warriors,51.333333333333336,0.29958712433333334,15.666666666666666,14.333333333333334,0.237037037,3.0,10.333333333333334,0.6470196466666667,6.333333333333333,7.666666666666667,2.6666666666666665,6.0,15.0,0.6666666666666666,23.0,11.333333333333334,0.0,10.333333333333334,46.666666666666664,94.66666666666667,0.6666666666666666,,,,,,0.0,
western_carolina_catamounts,38.85714285714286,0.4147322997142857,16.32142857142857,15.428571428571429,0.25580573292857145,3.892857142857143,12.321428571428571,0.6519995616428572,8.035714285714285,10.25,2.607142857142857,7.357142857142858,19.107142857142858,1.2857142857142856,23.67857142857143,11.892857142857144,0.03571428571428571,17.42857142857143,52.35714285714286,60.92857142857142,7.642857142857142,5.0,4.222222222222222,466.4090909090909,0.0,187.1,0.10714285714285715,116.70833333333334
western_illinois_leathernecks,33.86206896551724,0.4866210045862069,16.413793103448274,26.379310344827584,0.3208405511724138,8.620689655172415,18.379310344827584,0.6369413414482759,12.10344827586207,13.517241379310345,3.5172413793103448,8.137931034482758,14.413793103448276,0.4482758620689655,27.344827586206897,7.8965517241379315,0.10344827586206896,13.655172413793103,70.79310344827586,71.93103448275862,13.275862068965518,6.666666666666667,4.071428571428571,1163.904761904762,0.0,440.875,0.0,369.85185185185185
western_kentucky_lady_toppers,35.89655172413793,0.48776298410344826,17.413793103448274,24.275862068965516,0.3061537840689655,7.517241379310345,20.620689655172416,0.6665790008275863,13.482758620689655,14.137931034482758,2.5517241379310343,9.689655172413792,18.620689655172416,0.896551724137931,24.310344827586206,13.793103448275863,0.0,18.551724137931036,70.86206896551724,69.86206896551724,11.172413793103448,6.25,4.25,874.7307692307693,-0.037037037037037035,570.0,0.03448275862068965,414.8214285714286
western_michigan_broncos,34.96666666666667,0.4562717631666667,16.066666666666666,22.333333333333336,0.3162952461333333,7.166666666666666,16.666666666666664,0.6851926036999999,11.399999999999999,12.366666666666667,2.9333333333333336,8.933333333333334,15.066666666666666,0.8,24.96666666666667,8.566666666666666,0.06666666666666667,16.266666666666666,65.03333333333333,63.06666666666666,12.399999999999999,5.0,4.137931034482759,1008.3461538461538,0.0,390.7692307692308,-0.16666666666666669,373.3928571428571
western_new_mexico_mustangs,26.0,0.307692308,8.0,19.0,0.315789474,6.0,11.0,0.545454545,6.0,6.0,2.0,3.0,26.0,3.0,21.0,4.0,0.0,18.0,40.0,94.0,0.0,,,,,,0.0,
western_oregon_wolves,28.0,0.214285714,6.0,31.0,0.258064516,8.0,5.0,0.4,2.0,9.0,4.0,12.0,18.0,1.0,26.0,8.0,0.0,11.0,38.0,61.0,0.0,,,,,,0.0,
westminster_ut_griffins,44.0,0.590909091,26.0,23.0,0.260869565,6.0,13.0,0.615384615,8.0,18.0,1.0,2.0,15.0,1.0,27.0,14.0,0.0,20.0,78.0,83.0,2.0,,,,,,0.0,
wichita_state_shockers,46.86666666666666,0.4118794356333333,19.53333333333333,15.0,0.2927504435333333,4.4,15.666666666666668,0.7576858685666666,11.8,12.733333333333334,3.833333333333333,8.666666666666668,17.56666666666667,0.4666666666666667,27.133333333333333,14.933333333333334,0.13333333333333333,16.53333333333333,64.06666666666666,62.93333333333334,12.266666666666666,5.0,4.068965517241379,1330.8620689655172,0.0,831.1034482758621,0.03333333333333333,485.0
wiley_wildcats,44.5,0.373469388,16.5,12.5,0.323717949,4.0,20.0,0.71875,14.0,10.5,3.0,9.5,34.0,0.5,26.0,12.0,0.0,21.5,59.0,81.0,4.0,,,,,,0.0,
william_carey_crusaders,31.5,0.19070512799999997,6.5,15.5,0.245614035,3.5,15.0,0.7669683254999999,11.5,5.0,0.0,6.5,22.5,0.5,25.0,6.0,0.0,15.5,35.0,70.0,1.0,,,,,,0.0,
william_jewell_cardinals,30.0,0.166666667,5.0,21.0,0.19047619,4.0,8.0,0.5,4.0,3.0,3.0,7.0,23.0,2.0,22.0,6.0,0.0,17.0,26.0,81.0,0.0,,,,,,0.0,
william_mary_tribe,34.407407407407405,0.4334053121851852,14.925925925925926,18.925925925925927,0.318829833,6.0,11.333333333333332,0.7448000381538461,8.518518518518519,13.851851851851851,1.777777777777778,7.518518518518518,19.481481481481485,1.037037037037037,23.185185185185187,8.703703703703704,0.0,15.666666666666668,56.370370370370374,63.851851851851855,9.148148148148149,7.5,4.5,527.1304347826086,0.0,226.96,-0.037037037037037035,166.03846153846155
william_peace,31.0,0.387096774,12.0,9.0,0.222222222,2.0,23.0,0.608695652,14.0,6.0,0.0,8.0,32.0,1.0,26.0,9.0,0.0,21.0,44.0,85.0,1.0,,,,,,0.0,
winston_salem_rams,35.0,0.314285714,11.0,15.0,0.333333333,5.0,22.0,0.545454545,12.0,9.0,2.0,7.0,26.0,2.0,34.0,7.0,0.0,23.0,49.0,81.0,5.0,,,,,,0.0,
winthrop_eagles,37.13333333333334,0.42036866196666667,15.433333333333334,14.7,0.27266707546666663,3.8666666666666663,16.133333333333333,0.5688141074999999,9.166666666666668,10.566666666666666,1.4666666666666668,7.0,21.833333333333336,0.7,25.5,10.233333333333334,0.0,16.1,51.63333333333334,68.46666666666667,5.7333333333333325,,3.862068965517241,573.9583333333334,0.0,232.79166666666669,-0.1,166.44444444444443
wisconsin_badgers,34.82758620689655,0.44239749255172417,15.448275862068964,19.344827586206897,0.31330676955172415,6.137931034482759,11.931034482758621,0.708349015137931,8.586206896551724,13.137931034482758,2.586206896551724,6.689655172413793,15.206896551724137,0.6896551724137931,20.93103448275862,8.793103448275863,0.0,15.413793103448276,57.89655172413793,67.17241379310344,5.689655172413793,5.0,4.0,2722.357142857143,0.0,450.9642857142857,0.10344827586206896,309.44827586206895
wofford_terriers,39.92857142857142,0.40937603775,16.25,24.892857142857142,0.3203822255,8.035714285714285,13.714285714285715,0.7316192713214286,10.178571428571429,12.428571428571429,2.357142857142857,6.857142857142858,13.071428571428571,0.5714285714285715,25.892857142857142,10.964285714285715,0.10714285714285715,13.535714285714285,66.78571428571428,61.35714285714286,16.59259259259259,,4.2592592592592595,702.0434782608695,0.0,196.76190476190476,-0.03571428571428571,156.44
wright_state_raiders,42.95652173913044,0.405349208826087,17.304347826086957,19.782608695652176,0.2800723609130435,5.652173913043478,12.56521739130435,0.6847772497391305,8.304347826086957,10.0,3.6956521739130435,7.91304347826087,14.130434782608695,0.21739130434782608,25.565217391304348,10.17391304347826,0.6521739130434783,15.521739130434783,59.869565217391305,70.17391304347827,5.5,,5.090909090909091,829.7142857142858,0.0,287.0,-0.2608695652173913,217.0909090909091
wyoming_cowgirls,36.25925925925926,0.44050804014814815,15.962962962962964,21.25925925925926,0.30337577425925927,6.629629629629629,14.037037037037036,0.7536314563333334,10.555555555555555,13.259259259259258,2.2962962962962963,5.296296296296297,12.962962962962964,0.888888888888889,28.40740740740741,11.62962962962963,0.037037037037037035,11.444444444444445,62.370370370370374,58.592592592592595,11.962962962962964,5.0,4.538461538461538,1706.125,-0.08,654.1304347826086,-0.11111111111111112,477.56
xavier_la_gold_rush,38.0,0.27631578949999996,10.5,12.0,0.24444444450000002,3.0,15.5,0.7323232325,12.5,8.0,1.5,8.0,25.5,0.5,23.0,12.0,0.5,22.5,42.5,69.5,4.0,,,,,,0.0,
xavier_musketeers,48.86666666666666,0.4198864417,20.666666666666664,10.366666666666667,0.2611867762,2.7,17.299999999999997,0.7341091835666667,12.899999999999999,12.866666666666667,2.966666666666667,7.5,16.366666666666667,0.5333333333333334,24.46666666666667,11.833333333333332,0.06666666666666667,16.6,62.33333333333333,72.83333333333334,6.2666666666666675,5.0,3.9655172413793105,1240.7857142857144,0.0,533.3448275862069,-0.03333333333333333,395.1
yale_bulldogs,36.18518518518518,0.4241790179259259,15.333333333333332,20.296296296296298,0.3074959535555556,6.222222222222222,13.62962962962963,0.6577215540740741,9.185185185185185,13.666666666666668,3.7037037037037037,7.037037037037037,18.555555555555554,1.2962962962962963,27.0,11.851851851851851,0.0,16.59259259259259,58.51851851851852,56.81481481481482,10.518518518518519,5.0,4.6923076923076925,434.89473684210526,0.0,145.15384615384616,-0.22222222222222224,101.48148148148148
young_harris_college_mountain_lions,40.0,0.45,18.0,14.0,0.357142857,5.0,12.0,0.583333333,7.0,11.0,1.0,3.0,18.0,0.0,27.0,4.0,0.0,17.0,58.0,91.0,0.0,,,,,,0.0,
youngstown_state_penguins,29.89655172413793,0.48365519520689654,14.379310344827585,26.517241379310345,0.3183506177241379,8.379310344827585,16.275862068965516,0.7114524517931035,11.689655172413792,14.827586206896552,2.3448275862068964,6.586206896551724,14.379310344827585,1.2413793103448276,26.586206896551726,10.413793103448276,0.06896551724137931,14.96551724137931,65.58620689655172,56.86206896551724,16.03448275862069,6.666666666666667,4.071428571428571,1080.0384615384614,0.0,251.44,0.10344827586206896,184.66666666666669
